document_id,document_type,title,authors,course,institution,year,language,source,page_count,file_size,collection_status,local_path,sha256
MAT-000001,MATERIAL,BRP Manajemen Proyek TI,"[""Fakultas Ilmu Komputer, Universitas Indonesia""]",Manajemen Proyek TI,Universitas Indonesia,,id,OCW_UI,20,300914,READY_FOR_INDEXING,data\raw\material\Manajemen_Proyek_TI\BRP_Manajemen_Proyek_TI_File_ui_ocw_000003.pdf,4e6223a980356479396c50f6e6f6b722af50744c14549d8316045697003ecab9
MAT-000002,MATERIAL,Deskripsi Tugas Individu 2,"[""Fakultas Ilmu Komputer, Universitas Indonesia""]",Manajemen Proyek TI,Universitas Indonesia,,id,OCW_UI,3,104927,READY_FOR_INDEXING,data\raw\material\Manajemen_Proyek_TI\Deskripsi_Tugas_Individu_2_File_ui_ocw_000014.pdf,1984b4ab64d7a7838bfbbbd2b6d1b5c3cc04a97100ec0bbb7d4cb9fdb02ff81e
MAT-000003,MATERIAL,Deskripsi Studi Kasus,"[""Fakultas Ilmu Komputer, Universitas Indonesia""]",Manajemen Proyek TI,Universitas Indonesia,,id,OCW_UI,22,221259,READY_FOR_INDEXING,data\raw\material\Manajemen_Proyek_TI\Deskripsi_Studi_Kasus_File_ui_ocw_000015.pdf,1312fd91c64c1792eda1606a9467df3bd387fd959b257ee75811f529db2a4a84
MAT-000004,MATERIAL,Pembagian Kode Soal,"[""Fakultas Ilmu Komputer, Universitas Indonesia""]",Manajemen Proyek TI,Universitas Indonesia,,id,OCW_UI,4,76098,READY_FOR_INDEXING,data\raw\material\Manajemen_Proyek_TI\Pembagian_Kode_Soal_File_ui_ocw_000016.pdf,d5a85e3bae187651f4bdf09de0b258acad408aa52972507f8bee0f7f8593b2ec
MAT-000005,MATERIAL,Deskripsi Tugas 3,"[""Fakultas Ilmu Komputer, Universitas Indonesia""]",Manajemen Proyek TI,Universitas Indonesia,,id,OCW_UI,3,103722,READY_FOR_INDEXING,data\raw\material\Manajemen_Proyek_TI\Deskripsi_Tugas_3_File_ui_ocw_000019.pdf,868435e6366f2a00c1c3476131c74374c92bc17191ad7fc4b56dd3daa722527a
MAT-000006,MATERIAL,Mekanisme Tanya Jawab Tugas Project Plan,"[""Fakultas Ilmu Komputer, Universitas Indonesia""]",Manajemen Proyek TI,Universitas Indonesia,,id,OCW_UI,1,164426,READY_FOR_INDEXING,data\raw\material\Manajemen_Proyek_TI\Mekanisme_Tanya_Jawab_Tugas_Project_Plan_File_ui_ocw_000020.pdf,523728e53cb6777ca70700cf3d355c12fe5517192ebe4091243a1e5ca8e2cae7
MAT-000007,MATERIAL,Schwalbe 8th Ed - Chapter 01,"[""Fakultas Ilmu Komputer, Universitas Indonesia""]",Manajemen Proyek TI,Universitas Indonesia,,en,OCW_UI,36,7178834,READY_FOR_INDEXING,data\raw\material\Manajemen_Proyek_TI\Schwalbe_8th_Ed_-_Chapter_01_File_ui_ocw_000024.pdf,532436f42abbe1f8b059f93a8b323e7d7df89264d007c1bfbfbcd2ef138bd80b
MAT-000008,MATERIAL,Slide 01 - Introduction to Project Management,"[""Fakultas Ilmu Komputer, Universitas Indonesia""]",Manajemen Proyek TI,Universitas Indonesia,,en,OCW_UI,53,1088169,READY_FOR_INDEXING,data\raw\material\Manajemen_Proyek_TI\Slide_01_-_Introduction_to_Project_Management_File_ui_ocw_000025.pdf,18e3f23e6f9a9d47fb14dcdf2a8faac3c0024ec76adc1ab2cc4ae34403f3f4f9
MAT-000009,MATERIAL,Schwalbe 8th Ed - Chapter 02,"[""Fakultas Ilmu Komputer, Universitas Indonesia""]",Manajemen Proyek TI,Universitas Indonesia,,en,OCW_UI,30,7207028,READY_FOR_INDEXING,data\raw\material\Manajemen_Proyek_TI\Schwalbe_8th_Ed_-_Chapter_02_File_ui_ocw_000028.pdf,f4d43d46e802c1e6bddb02f54e807578efa23a94765fc4f778feda01ed0d214a
MAT-000010,MATERIAL,Slide 02 - The Project Management and IT Context,"[""Fakultas Ilmu Komputer, Universitas Indonesia""]",Manajemen Proyek TI,Universitas Indonesia,,en,OCW_UI,40,1111663,READY_FOR_INDEXING,data\raw\material\Manajemen_Proyek_TI\Slide_02_-_The_Project_Management_and_IT_Context_File_ui_ocw_000029.pdf,416946fedb187b937ebf6bcec3eb7579082c0eb47d229e50f1af774ec89d3c84
MAT-000011,MATERIAL,Slide 03 - The Project Management Process Groups,"[""Fakultas Ilmu Komputer, Universitas Indonesia""]",Manajemen Proyek TI,Universitas Indonesia,,en,OCW_UI,23,690050,READY_FOR_INDEXING,data\raw\material\Manajemen_Proyek_TI\Slide_03_-_The_Project_Management_Process_Groups_File_ui_ocw_000034.pdf,f0aa7ca062f37ddd419a9aa7b49ca0f70022cde9bb76336af0d1d693c5577e98
MAT-000012,MATERIAL,Schwalbe 8th Ed - Chapter 03,"[""Fakultas Ilmu Komputer, Universitas Indonesia""]",Manajemen Proyek TI,Universitas Indonesia,,en,OCW_UI,51,8176956,READY_FOR_INDEXING,data\raw\material\Manajemen_Proyek_TI\Schwalbe_8th_Ed_-_Chapter_03_File_ui_ocw_000035.pdf,ac51b018e6ddc76b8b978fe47b1a68c63a14621395de3c61cd7e3351a52a095d
MAT-000013,MATERIAL,Diskusi Minggu 4,"[""Fakultas Ilmu Komputer, Universitas Indonesia""]",Manajemen Proyek TI,Universitas Indonesia,,en,OCW_UI,4,97667,READY_FOR_INDEXING,data\raw\material\Manajemen_Proyek_TI\Diskusi_Minggu_4_File_ui_ocw_000039.pdf,a7b937a3fa18d858f024bd90bc1d2300cb1559a1b33381add1bd0c6ae445fcf0
MAT-000014,MATERIAL,Slide 04 -Project Integration Management,"[""Fakultas Ilmu Komputer, Universitas Indonesia""]",Manajemen Proyek TI,Universitas Indonesia,,en,OCW_UI,48,1468331,READY_FOR_INDEXING,data\raw\material\Manajemen_Proyek_TI\Slide_04_-Project_Integration_Management_File_ui_ocw_000040.pdf,24eed6ef3e7872312653f1474186a53c51241c6047fbcbac4e0f6179123db621
MAT-000015,MATERIAL,Schwalbe 8th Ed - Chapter 04,"[""Fakultas Ilmu Komputer, Universitas Indonesia""]",Manajemen Proyek TI,Universitas Indonesia,,en,OCW_UI,38,8082548,READY_FOR_INDEXING,data\raw\material\Manajemen_Proyek_TI\Schwalbe_8th_Ed_-_Chapter_04_File_ui_ocw_000041.pdf,58f2f8f503b33a4badc9066d43601ff85403e1189c6ee36f10539b86be9b983b
MAT-000016,MATERIAL,Diskusi Minggu 5,"[""Fakultas Ilmu Komputer, Universitas Indonesia""]",Manajemen Proyek TI,Universitas Indonesia,,en,OCW_UI,2,111391,READY_FOR_INDEXING,data\raw\material\Manajemen_Proyek_TI\Diskusi_Minggu_5_File_ui_ocw_000044.pdf,710ff5df1501ee3a0720b59b04884af467a712fb85575356bffdeaa68f32261a
MAT-000017,MATERIAL,Slide 05- Project Scope Management,"[""Fakultas Ilmu Komputer, Universitas Indonesia""]",Manajemen Proyek TI,Universitas Indonesia,,en,OCW_UI,44,1122666,READY_FOR_INDEXING,data\raw\material\Manajemen_Proyek_TI\Slide_05-_Project_Scope_Management_File_ui_ocw_000045.pdf,5744e62b7f10e378f541495bddcb74f0fe52cee0a469abf1719d0f5f42cf950f
MAT-000018,MATERIAL,Schwalbe 8th Ed - Chapter 05,"[""Fakultas Ilmu Komputer, Universitas Indonesia""]",Manajemen Proyek TI,Universitas Indonesia,,en,OCW_UI,29,7880767,READY_FOR_INDEXING,data\raw\material\Manajemen_Proyek_TI\Schwalbe_8th_Ed_-_Chapter_05_File_ui_ocw_000046.pdf,432982f81d258e48ad75e9213f3a039d074f320128e032733ec483dfaa312155
MAT-000019,MATERIAL,Diskusi Minggu 6,"[""Fakultas Ilmu Komputer, Universitas Indonesia""]",Manajemen Proyek TI,Universitas Indonesia,,en,OCW_UI,3,149175,READY_FOR_INDEXING,data\raw\material\Manajemen_Proyek_TI\Diskusi_Minggu_6_File_ui_ocw_000051.pdf,ad042acbf72a0b080099ec845f11643fc0d4ea51460a1185adc4092605ca5007
MAT-000020,MATERIAL,Slide 06 - Project Time Management,"[""Fakultas Ilmu Komputer, Universitas Indonesia""]",Manajemen Proyek TI,Universitas Indonesia,,en,OCW_UI,52,1122449,READY_FOR_INDEXING,data\raw\material\Manajemen_Proyek_TI\Slide_06_-_Project_Time_Management_File_ui_ocw_000052.pdf,e2995e4652fb655e28a2fb7d5fe3a550022762c571e17283c97953ea33e38814
MAT-000021,MATERIAL,Diskusi Minggu 9,"[""Fakultas Ilmu Komputer, Universitas Indonesia""]",Manajemen Proyek TI,Universitas Indonesia,,en,OCW_UI,2,91611,READY_FOR_INDEXING,data\raw\material\Manajemen_Proyek_TI\Diskusi_Minggu_9_File_ui_ocw_000057.pdf,7e1eb341dd0d127c76161ce11b01d62a5b5017162fc64600e7e14c5cbb9746e8
MAT-000022,MATERIAL,Slide 07 - Project Cost Management,"[""Fakultas Ilmu Komputer, Universitas Indonesia""]",Manajemen Proyek TI,Universitas Indonesia,,en,OCW_UI,40,1085873,READY_FOR_INDEXING,data\raw\material\Manajemen_Proyek_TI\Slide_07_-_Project_Cost_Management_File_ui_ocw_000058.pdf,d9b4800d9676fdc9715e7c0873c26cd7bafde92f95bda2f90c31ff27f51c5d11
MAT-000023,MATERIAL,Schwalbe 8th Ed - Chapter 07,"[""Fakultas Ilmu Komputer, Universitas Indonesia""]",Manajemen Proyek TI,Universitas Indonesia,,en,OCW_UI,28,6056107,READY_FOR_INDEXING,data\raw\material\Manajemen_Proyek_TI\Schwalbe_8th_Ed_-_Chapter_07_File_ui_ocw_000060.pdf,392dc1060fbc74b283771ed2d9ba5c418bc1cc4d989afbb6cc1e154773a34c83
MAT-000024,MATERIAL,[Kelas B] Kelompok FGD - Minggu 10,"[""Fakultas Ilmu Komputer, Universitas Indonesia""]",Manajemen Proyek TI,Universitas Indonesia,,id,OCW_UI,2,235139,READY_FOR_INDEXING,data\raw\material\Manajemen_Proyek_TI\[Kelas_B]_Kelompok_FGD_-_Minggu_10_File_ui_ocw_000064.pdf,f54de41b4e4f32b5c7f3b57ad27c1755e47937eac73da550ac9d5a6fce55e7ae
MAT-000025,MATERIAL,Focus Group Discussion - Minggu 10,"[""Fakultas Ilmu Komputer, Universitas Indonesia""]",Manajemen Proyek TI,Universitas Indonesia,,en,OCW_UI,3,107917,READY_FOR_INDEXING,data\raw\material\Manajemen_Proyek_TI\Focus_Group_Discussion_-_Minggu_10_File_ui_ocw_000065.pdf,bc1af6b798dd973dd58adc97f3dfb062207eb1468cd328a30f88af8cea36b5c0
MAT-000026,MATERIAL,Slide 08 - Project Quality Management,"[""Fakultas Ilmu Komputer, Universitas Indonesia""]",Manajemen Proyek TI,Universitas Indonesia,,en,OCW_UI,61,1100418,READY_FOR_INDEXING,data\raw\material\Manajemen_Proyek_TI\Slide_08_-_Project_Quality_Management_File_ui_ocw_000066.pdf,c2faeb186562c7c422778c0e1435559d9f5ea21e03d154e1d0d214d9983fc560
MAT-000027,MATERIAL,Schwalbe 8th Ed - Chapter 08,"[""Fakultas Ilmu Komputer, Universitas Indonesia""]",Manajemen Proyek TI,Universitas Indonesia,,en,OCW_UI,35,1137745,READY_FOR_INDEXING,data\raw\material\Manajemen_Proyek_TI\Schwalbe_8th_Ed_-_Chapter_08_File_ui_ocw_000067.pdf,cddc8d9e915c292aa3bf5abd0bbc27e989fef341937e8d60c06dff6c087758dd
MAT-000028,MATERIAL,Diskusi Minggu 11,"[""Fakultas Ilmu Komputer, Universitas Indonesia""]",Manajemen Proyek TI,Universitas Indonesia,,en,OCW_UI,2,89538,READY_FOR_INDEXING,data\raw\material\Manajemen_Proyek_TI\Diskusi_Minggu_11_File_ui_ocw_000070.pdf,06da58d9566d14fdf2752f84fe9a99a0ab6a93a24606dccb9b9b1c17765d2cf3
MAT-000029,MATERIAL,Slide 09 - Project Human Resource Management,"[""Fakultas Ilmu Komputer, Universitas Indonesia""]",Manajemen Proyek TI,Universitas Indonesia,,en,OCW_UI,54,1043587,READY_FOR_INDEXING,data\raw\material\Manajemen_Proyek_TI\Slide_09_-_Project_Human_Resource_Management_File.pdf,09cdd220f60058112f083d70871a5d8eb00b8630bce429f1b66f744febb438cc
MAT-000030,MATERIAL,Schwalbe 8th - Chapter 09,"[""Fakultas Ilmu Komputer, Universitas Indonesia""]",Manajemen Proyek TI,Universitas Indonesia,,en,OCW_UI,38,15118977,READY_FOR_INDEXING,data\raw\material\Manajemen_Proyek_TI\Schwalbe_8th_-_Chapter_09_File.pdf,891a41a046401d06bb02db7fb90f7665eb995226ed5f7cd5893e2cc8fe6ba463
MAT-000031,MATERIAL,Diskusi Minggu 12,"[""Fakultas Ilmu Komputer, Universitas Indonesia""]",Manajemen Proyek TI,Universitas Indonesia,,en,OCW_UI,2,87077,READY_FOR_INDEXING,data\raw\material\Manajemen_Proyek_TI\Diskusi_Minggu_12_File.pdf,cfec4047eb2712625f3aff538f3c37775179c1b7c1c0b35563c2a18c397fd66d
MAT-000032,MATERIAL,Slide 10 - Project Communication Management,"[""Fakultas Ilmu Komputer, Universitas Indonesia""]",Manajemen Proyek TI,Universitas Indonesia,,en,OCW_UI,40,712579,READY_FOR_INDEXING,data\raw\material\Manajemen_Proyek_TI\Slide_10_-_Project_Communication_Management_File.pdf,214944d11e43be4ebff2a19178625464e621d621fd8c4c0760de6c5f392779d3
MAT-000033,MATERIAL,Schwalbe 8th - Chapter 10,"[""Fakultas Ilmu Komputer, Universitas Indonesia""]",Manajemen Proyek TI,Universitas Indonesia,,en,OCW_UI,29,9284460,READY_FOR_INDEXING,data\raw\material\Manajemen_Proyek_TI\Schwalbe_8th_-_Chapter_10_File.pdf,243f29d1337f1c77bfd74811b45cfc0412ea33bd5f7cd475273373847dafe1b0
MAT-000034,MATERIAL,Slide 11 Project Stakeholder Management,"[""Fakultas Ilmu Komputer, Universitas Indonesia""]",Manajemen Proyek TI,Universitas Indonesia,,en,OCW_UI,22,387635,READY_FOR_INDEXING,data\raw\material\Manajemen_Proyek_TI\Slide_11_Project_Stakeholder_Management_File.pdf,6630ab48cc7e6bdd74a80bc15b3c4f23973b210ee1a34d479f69a4db51254865
MAT-000035,MATERIAL,Schwalbe 8th - Chapter 13,"[""Fakultas Ilmu Komputer, Universitas Indonesia""]",Manajemen Proyek TI,Universitas Indonesia,,en,OCW_UI,16,4103577,READY_FOR_INDEXING,data\raw\material\Manajemen_Proyek_TI\Schwalbe_8th_-_Chapter_13_File.pdf,7833fc3a49822d79d8425297400a5ada07b753fbe7b7dad7abc13cbb4510b4c4
MAT-000036,MATERIAL,Slide 12 - Project Risk Management,"[""Fakultas Ilmu Komputer, Universitas Indonesia""]",Manajemen Proyek TI,Universitas Indonesia,,en,OCW_UI,49,861778,READY_FOR_INDEXING,data\raw\material\Manajemen_Proyek_TI\Slide_12_-_Project_Risk_Management_File.pdf,d29d88824b185ecf1a72b5a4c3da3ccd4ff5eb503f149e235ce395ec6aa5ddf2
MAT-000037,MATERIAL,Schwalbe 8th - Chapter 11,"[""Fakultas Ilmu Komputer, Universitas Indonesia""]",Manajemen Proyek TI,Universitas Indonesia,,en,OCW_UI,32,7551168,READY_FOR_INDEXING,data\raw\material\Manajemen_Proyek_TI\Schwalbe_8th_-_Chapter_11_File.pdf,0573ae739c90781433c80f44949b224ed0c9c8be17ed7ca883108e3300569916
MAT-000038,MATERIAL,Diskusi Minggu 14,"[""Fakultas Ilmu Komputer, Universitas Indonesia""]",Manajemen Proyek TI,Universitas Indonesia,,en,OCW_UI,2,81964,READY_FOR_INDEXING,data\raw\material\Manajemen_Proyek_TI\Diskusi_Minggu_14_File.pdf,7eab84207a27aedec6b42da9ee9910754f8877f0e6d18a58c143b0ec9bdfbe1e
MAT-000039,MATERIAL,Slide 13 - Project Procurement Management,"[""Fakultas Ilmu Komputer, Universitas Indonesia""]",Manajemen Proyek TI,Universitas Indonesia,,en,OCW_UI,41,748189,READY_FOR_INDEXING,data\raw\material\Manajemen_Proyek_TI\Slide_13_-_Project_Procurement_Management_File.pdf,b1687c9ba79ac74123e6f41a0138d2b790d5f7b908a1d3f8a924d6777c885084
MAT-000040,MATERIAL,Schwalbe 8th - Chapter 12,"[""Fakultas Ilmu Komputer, Universitas Indonesia""]",Manajemen Proyek TI,Universitas Indonesia,,en,OCW_UI,23,7902692,READY_FOR_INDEXING,data\raw\material\Manajemen_Proyek_TI\Schwalbe_8th_-_Chapter_12_File.pdf,d0b3200b5d5d953b4da1d92ba4da150099a3ecf593ca390b0094d656ab3dd0f6
MAT-000041,MATERIAL,Buku Rancangan Pengajaran,"[""Fakultas Ilmu Komputer, Universitas Indonesia""]",Analisis dan Perancangan Sistem Informasi,Universitas Indonesia,,id,OCW_UI,31,672933,READY_FOR_INDEXING,data\raw\material\Analisis_dan_Perancangan_Sistem_Informasi\Buku_Rancangan_Pengajaran_File.pdf,09daac19f86f799f8a12154104072dc988bd5579069096cee9f28c99b9622584
MAT-000042,MATERIAL,Introduction to System Analysis and Design,"[""Fakultas Ilmu Komputer, Universitas Indonesia""]",Analisis dan Perancangan Sistem Informasi,Universitas Indonesia,,en,OCW_UI,97,1729917,READY_FOR_INDEXING,data\raw\material\Analisis_dan_Perancangan_Sistem_Informasi\Introduction_to_System_Analysis_and_Design_File.pdf,bf8b5aea2fd153c11b6756a717073bb10beff945857071de83e4053c1f4e28af
MAT-000043,MATERIAL,Project Identification and Selection,"[""Fakultas Ilmu Komputer, Universitas Indonesia""]",Analisis dan Perancangan Sistem Informasi,Universitas Indonesia,,en,OCW_UI,60,1048113,READY_FOR_INDEXING,data\raw\material\Analisis_dan_Perancangan_Sistem_Informasi\Project_Identification_and_Selection_File.pdf,dd19c5702495e01ccd21156014c73ced2ff7c09c4a38dd2ddd261607541452b3
MAT-000044,MATERIAL,Requirement Analysis,"[""Fakultas Ilmu Komputer, Universitas Indonesia""]",Analisis dan Perancangan Sistem Informasi,Universitas Indonesia,,en,OCW_UI,67,1389122,READY_FOR_INDEXING,data\raw\material\Analisis_dan_Perancangan_Sistem_Informasi\Requirement_Analysis_File.pdf,3e06a63bbd9e413d6dbf6c498dea7a4fd3e6beaad010452e33f15bf38095bcde
MAT-000045,MATERIAL,[GA 1] Assignment 1: Problem Analysis & Requirement Identification,"[""Fakultas Ilmu Komputer, Universitas Indonesia""]",Analisis dan Perancangan Sistem Informasi,Universitas Indonesia,,en,OCW_UI,10,274567,READY_FOR_INDEXING,data\raw\material\Analisis_dan_Perancangan_Sistem_Informasi\[GA_1]_Assignment_1_Problem_Analysis_&_Requirement_Identification_File.pdf,93ed42c5850f85f79f9e646dd994ec4c8cc5a5b19ceed954b515e6203b279b31
MAT-000046,MATERIAL,Functional Modelling,"[""Fakultas Ilmu Komputer, Universitas Indonesia""]",Analisis dan Perancangan Sistem Informasi,Universitas Indonesia,,en,OCW_UI,77,1277397,READY_FOR_INDEXING,data\raw\material\Analisis_dan_Perancangan_Sistem_Informasi\Functional_Modelling_File.pdf,21e5e2045f197e5c9a6a851c7f6e5550df6bba1aaa836524d49ee17050bf1fe5
MAT-000047,MATERIAL,Worksheet 1,"[""Fakultas Ilmu Komputer, Universitas Indonesia""]",Analisis dan Perancangan Sistem Informasi,Universitas Indonesia,,en,OCW_UI,1,174139,READY_FOR_INDEXING,data\raw\material\Analisis_dan_Perancangan_Sistem_Informasi\Worksheet_1_File.pdf,0bf751a54dc7dc8ab8a25c1b7cf94deb4d68991c1022a1b255e610984c28c553
MAT-000048,MATERIAL,[GA 2] Assignment Description,"[""Fakultas Ilmu Komputer, Universitas Indonesia""]",Analisis dan Perancangan Sistem Informasi,Universitas Indonesia,,en,OCW_UI,3,272185,READY_FOR_INDEXING,data\raw\material\Analisis_dan_Perancangan_Sistem_Informasi\[GA_2]_Assignment_Description_File.pdf,32e905abfb62821831d7d7fa7d27b91dd8ea7df84b7699e7c26a5cd82456a415
MAT-000049,MATERIAL,[GA 2] Project Description,"[""Fakultas Ilmu Komputer, Universitas Indonesia""]",Analisis dan Perancangan Sistem Informasi,Universitas Indonesia,,id,OCW_UI,21,408524,READY_FOR_INDEXING,data\raw\material\Analisis_dan_Perancangan_Sistem_Informasi\[GA_2]_Project_Description_File.pdf,dbbfa00758aed6c36e8ca776930d106b362b6f425894a0f82089590a9c45e448
MAT-000050,MATERIAL,[GA 3] Assignment Description,"[""Fakultas Ilmu Komputer, Universitas Indonesia""]",Analisis dan Perancangan Sistem Informasi,Universitas Indonesia,,en,OCW_UI,3,246277,READY_FOR_INDEXING,data\raw\material\Analisis_dan_Perancangan_Sistem_Informasi\[GA_3]_Assignment_Description_File.pdf,fbc33beb8c11d0a34c287efcde6c7102e5e2b15686c3982ff6bb78cce57644a6
MAT-000051,MATERIAL,Structural Modelling,"[""Fakultas Ilmu Komputer, Universitas Indonesia""]",Analisis dan Perancangan Sistem Informasi,Universitas Indonesia,,en,OCW_UI,115,1373034,READY_FOR_INDEXING,data\raw\material\Analisis_dan_Perancangan_Sistem_Informasi\Structural_Modelling_File.pdf,75f3d7a8fe67f8d8b1dc91d01a98524708824e08b70b208273c9545e19be0ca6
MAT-000052,MATERIAL,Worksheet 2,"[""Fakultas Ilmu Komputer, Universitas Indonesia""]",Analisis dan Perancangan Sistem Informasi,Universitas Indonesia,,en,OCW_UI,1,175867,READY_FOR_INDEXING,data\raw\material\Analisis_dan_Perancangan_Sistem_Informasi\Worksheet_2_File.pdf,e7ef77625cf5294358600fe1c70d9391a0a518b9a16b9b13fd069013d4905c2e
MAT-000053,MATERIAL,[GA4] Assignment Description,"[""Fakultas Ilmu Komputer, Universitas Indonesia""]",Analisis dan Perancangan Sistem Informasi,Universitas Indonesia,,en,OCW_UI,3,256327,READY_FOR_INDEXING,data\raw\material\Analisis_dan_Perancangan_Sistem_Informasi\[GA4]_Assignment_Description_File.pdf,d3dbe1258d482f48ead1c5f050a20ab99e3f8d4b8039a273923ce46ff4b1747b
MAT-000054,MATERIAL,Ketentuan UTS,"[""Fakultas Ilmu Komputer, Universitas Indonesia""]",Analisis dan Perancangan Sistem Informasi,Universitas Indonesia,,id,OCW_UI,2,272003,READY_FOR_INDEXING,data\raw\material\Analisis_dan_Perancangan_Sistem_Informasi\Ketentuan_UTS_File.pdf,42ca60d1a4fb81ebeb41e4899fc99f892799ffe7006bb5ced037acd03d2571c2
MAT-000055,MATERIAL,UTS Bagian 2,"[""Fakultas Ilmu Komputer, Universitas Indonesia""]",Analisis dan Perancangan Sistem Informasi,Universitas Indonesia,,id,OCW_UI,2,306929,READY_FOR_INDEXING,data\raw\material\Analisis_dan_Perancangan_Sistem_Informasi\UTS_Bagian_2_File.pdf,5dc9e95d6c5aa7db8a7f0e07c5c0e1146c8a645d1abb2156aa1c701078092d9c
MAT-000056,MATERIAL,Behavioral Modelling,"[""Fakultas Ilmu Komputer, Universitas Indonesia""]",Analisis dan Perancangan Sistem Informasi,Universitas Indonesia,,en,OCW_UI,106,3009637,READY_FOR_INDEXING,data\raw\material\Analisis_dan_Perancangan_Sistem_Informasi\Behavioral_Modelling_File.pdf,d2ba7f960432a58429a5597748a59c0e0f72a261b3eba9d481a71d803fd474b2
MAT-000057,MATERIAL,Worksheet 3,"[""Fakultas Ilmu Komputer, Universitas Indonesia""]",Analisis dan Perancangan Sistem Informasi,Universitas Indonesia,,en,OCW_UI,2,325053,READY_FOR_INDEXING,data\raw\material\Analisis_dan_Perancangan_Sistem_Informasi\Worksheet_3_File.pdf,ff3e3719f1baa11726f6f1edd639e08e2cf257b94631d1a77396668802e1028b
MAT-000058,MATERIAL,[GA 5] Assignment Description,"[""Fakultas Ilmu Komputer, Universitas Indonesia""]",Analisis dan Perancangan Sistem Informasi,Universitas Indonesia,,en,OCW_UI,4,269182,READY_FOR_INDEXING,data\raw\material\Analisis_dan_Perancangan_Sistem_Informasi\[GA_5]_Assignment_Description_File.pdf,e4c13117c79c4736f04e2393b1c571598249896099e993e88aa9ec4a7cc915ae
MAT-000059,MATERIAL,[7] Process Modelling,"[""Fakultas Ilmu Komputer, Universitas Indonesia""]",Analisis dan Perancangan Sistem Informasi,Universitas Indonesia,,en,OCW_UI,108,2983683,READY_FOR_INDEXING,data\raw\material\Analisis_dan_Perancangan_Sistem_Informasi\[7]_Process_Modelling_File.pdf,72c30f99653f953704a6e82b669973008fdf0b4fefa36808f8047046d8564a7d
MAT-000060,MATERIAL,Worksheet 4,"[""Fakultas Ilmu Komputer, Universitas Indonesia""]",Analisis dan Perancangan Sistem Informasi,Universitas Indonesia,,en,OCW_UI,1,237698,READY_FOR_INDEXING,data\raw\material\Analisis_dan_Perancangan_Sistem_Informasi\Worksheet_4_File.pdf,98e9c0cc73abef8aee97a0ecdaa1fb04de5e101e4c074a46318ab74b3a90e01f
MAT-000061,MATERIAL,[8] Moving on to Design,"[""Fakultas Ilmu Komputer, Universitas Indonesia""]",Analisis dan Perancangan Sistem Informasi,Universitas Indonesia,,en,OCW_UI,14,403278,READY_FOR_INDEXING,data\raw\material\Analisis_dan_Perancangan_Sistem_Informasi\[8]_Moving_on_to_Design_File.pdf,fdc32aa6bee4a52a20890bb49fde8879acec9b68b1f4348b27dc32dcf4294df7
MAT-000062,MATERIAL,[8] User Interface Design,"[""Fakultas Ilmu Komputer, Universitas Indonesia""]",Analisis dan Perancangan Sistem Informasi,Universitas Indonesia,,en,OCW_UI,85,3324900,READY_FOR_INDEXING,data\raw\material\Analisis_dan_Perancangan_Sistem_Informasi\[8]_User_Interface_Design_File.pdf,ab48a18600d0a20be1917c564b351e34438b874de5c96f048ea4d51f19b9a712
MAT-000063,MATERIAL,Pemicu FGD UI Design,"[""Fakultas Ilmu Komputer, Universitas Indonesia""]",Analisis dan Perancangan Sistem Informasi,Universitas Indonesia,,en,OCW_UI,7,241542,READY_FOR_INDEXING,data\raw\material\Analisis_dan_Perancangan_Sistem_Informasi\Pemicu_FGD_UI_Design_File.pdf,3688bda509c5ff66e39ce776b9f9790f38335c02ea893ad2bcc494da973d27ed
MAT-000064,MATERIAL,Pemicu HGD UI Design,"[""Fakultas Ilmu Komputer, Universitas Indonesia""]",Analisis dan Perancangan Sistem Informasi,Universitas Indonesia,,en,OCW_UI,3,249496,READY_FOR_INDEXING,data\raw\material\Analisis_dan_Perancangan_Sistem_Informasi\Pemicu_HGD_UI_Design_File.pdf,229c0e9608be8213f57984ac85f77e995d8f696d82998907ce3859b7e4b38eef
MAT-000065,MATERIAL,[GA 6] Assignment Description,"[""Fakultas Ilmu Komputer, Universitas Indonesia""]",Analisis dan Perancangan Sistem Informasi,Universitas Indonesia,,en,OCW_UI,3,270704,READY_FOR_INDEXING,data\raw\material\Analisis_dan_Perancangan_Sistem_Informasi\[GA_6]_Assignment_Description_File.pdf,581f9cafc149401e56554d20b120ac90fd136b2077752676cfc0cca42bdd4463
MAT-000066,MATERIAL,[9] Architecture Design,"[""Fakultas Ilmu Komputer, Universitas Indonesia""]",Analisis dan Perancangan Sistem Informasi,Universitas Indonesia,,en,OCW_UI,46,1384872,READY_FOR_INDEXING,data\raw\material\Analisis_dan_Perancangan_Sistem_Informasi\[9]_Architecture_Design_File.pdf,2fdcf14cdb42e3dab4e1f1b0208aad53bdf410e97ad9fe506dce188f1d16b976
MAT-000067,MATERIAL,Pemicu FGD Architecture Design,"[""Fakultas Ilmu Komputer, Universitas Indonesia""]",Analisis dan Perancangan Sistem Informasi,Universitas Indonesia,,id,OCW_UI,8,264919,READY_FOR_INDEXING,data\raw\material\Analisis_dan_Perancangan_Sistem_Informasi\Pemicu_FGD_Architecture_Design_File.pdf,dcc5f50dfa59419c8fdd74ddc53bf33bb1fd39bf853e9ef0c1d75e0b6695611a
MAT-000068,MATERIAL,Pemicu HGD Architecture Design,"[""Fakultas Ilmu Komputer, Universitas Indonesia""]",Analisis dan Perancangan Sistem Informasi,Universitas Indonesia,,en,OCW_UI,1,207358,READY_FOR_INDEXING,data\raw\material\Analisis_dan_Perancangan_Sistem_Informasi\Pemicu_HGD_Architecture_Design_File.pdf,28b948f3b6639884f3e994fc3dfa62e97a2534bf387c578600844d9ed4853b2b
MAT-000069,MATERIAL,[10] System Construction & Installation,"[""Fakultas Ilmu Komputer, Universitas Indonesia""]",Analisis dan Perancangan Sistem Informasi,Universitas Indonesia,,en,OCW_UI,85,1449648,READY_FOR_INDEXING,data\raw\material\Analisis_dan_Perancangan_Sistem_Informasi\[10]_System_Construction_&_Installation_File.pdf,3eb3490f1749f6212a40443fe34dc340d0eae8e48e0322bc68019c542c96670b
MAT-000070,MATERIAL,BRP (Silabus) DDP 1 MOOC,"[""Fakultas Ilmu Komputer, Universitas Indonesia""]",Dasar-dasar Pemrograman 1,Universitas Indonesia,,id,OCW_UI,17,343838,READY_FOR_INDEXING,data\raw\material\Dasar-dasar_Pemrograman_1\BRP_(Silabus)_DDP_1_MOOC_File.pdf,d500f4ab925dff89596a1951e9f60c4c6966bf297eb889de1f7821a38eabd7fd
MAT-000071,MATERIAL,Midterm Exam Questions and Solutions by DDP 1 Teaching Team,"[""Fakultas Ilmu Komputer, Universitas Indonesia""]",Dasar-dasar Pemrograman 1,Universitas Indonesia,,id,OCW_UI,25,807851,READY_FOR_INDEXING,data\raw\material\Dasar-dasar_Pemrograman_1\Midterm_Exam_Questions_and_Solutions_by_DDP_1_Teaching_Team_File.pdf,2ce938ab2b15675c661ae50d4a085f80aa585a9db616d28b6cefb50ec6e0f34b
MAT-000072,MATERIAL,TP01 - Vicious Labyrinth,"[""Fakultas Ilmu Komputer, Universitas Indonesia""]",Dasar-dasar Pemrograman 1,Universitas Indonesia,,id,OCW_UI,5,127363,READY_FOR_INDEXING,data\raw\material\Dasar-dasar_Pemrograman_1\TP01_-_Vicious_Labyrinth_File.pdf,0ed592c76b4027e0e77396d1b5e6e16d18939adc6bcedb294f0e62fec3213793
MAT-000073,MATERIAL,TP02 - Taman Melodi,"[""Fakultas Ilmu Komputer, Universitas Indonesia""]",Dasar-dasar Pemrograman 1,Universitas Indonesia,,id,OCW_UI,7,170854,READY_FOR_INDEXING,data\raw\material\Dasar-dasar_Pemrograman_1\TP02_-_Taman_Melodi_File.pdf,c1a7006e3750cafa622f2a5c35c3ad35364f07193cd54dc990b52f6fefdeefaf
MAT-000074,MATERIAL,TP03 - The Great Library Part 1,"[""Fakultas Ilmu Komputer, Universitas Indonesia""]",Dasar-dasar Pemrograman 1,Universitas Indonesia,,id,OCW_UI,11,128514,READY_FOR_INDEXING,data\raw\material\Dasar-dasar_Pemrograman_1\TP03_-_The_Great_Library_Part_1_File.pdf,185812c9711fabd60336f6e1eed53ffd182c3907f0395c63f792a76fed99d653
MAT-000075,MATERIAL,TP04 - The Great Library Part 2,"[""Fakultas Ilmu Komputer, Universitas Indonesia""]",Dasar-dasar Pemrograman 1,Universitas Indonesia,,id,OCW_UI,14,223113,READY_FOR_INDEXING,data\raw\material\Dasar-dasar_Pemrograman_1\TP04_-_The_Great_Library_Part_2_File.pdf,fc31fbe448c5981d6cbab5208fd402a181c5e99d796b3c3399c837aab03f8fe0
MAT-000076,MATERIAL,BRP Functional Programming,"[""Fakultas Ilmu Komputer, Universitas Indonesia""]",Pemrograman Fungsional,Universitas Indonesia,,id,OCW_UI,33,449690,READY_FOR_INDEXING,data\raw\material\Pemrograman_Fungsional\BRP_Functional_Programming_File.pdf,188e9ca1a4590b55dd68fedcc4e4df39eec7579fc0cf2067228992ae16b096cd
MAT-000077,MATERIAL,"Slide Pekan 02: Harap pahami ini hanya sebagian dari materi, peserta perlu membaca buku untuk materi yang lengkap demi ujian yang baik.","[""Fakultas Ilmu Komputer, Universitas Indonesia""]",Pemrograman Fungsional,Universitas Indonesia,,en,OCW_UI,25,730656,READY_FOR_INDEXING,"data\raw\material\Pemrograman_Fungsional\Slide_Pekan_02_Harap_pahami_ini_hanya_sebagian_dari_materi,_peserta_perlu_membac.pdf",50f3c5ab970c4ad24f25b43e58742ae28efa60ddfd6b7c798fb4f365d1a67454
MAT-000078,MATERIAL,Slide Pekan 06: Simply Typed Lambda Calculus,"[""Fakultas Ilmu Komputer, Universitas Indonesia""]",Pemrograman Fungsional,Universitas Indonesia,,id,OCW_UI,99,2177749,READY_FOR_INDEXING,data\raw\material\Pemrograman_Fungsional\Slide_Pekan_06_Simply_Typed_Lambda_Calculus_File.pdf,99a4a75b18d23b2f90a9778db01cfce4ed711a8aea810676670c188802c6b40b
MAT-000079,MATERIAL,Rangkuman (Lecture Notes) Lambda Calculus,"[""Fakultas Ilmu Komputer, Universitas Indonesia""]",Pemrograman Fungsional,Universitas Indonesia,,id,OCW_UI,4,179581,READY_FOR_INDEXING,data\raw\material\Pemrograman_Fungsional\Rangkuman_(Lecture_Notes)_Lambda_Calculus_File.pdf,cc840b76106e147a0e9c9c59714368235bde052612b7fd4915a9a1f8460e17b1
MAT-000080,MATERIAL,analisis data,"[""Fakultas Ilmu Komputer, Universitas Indonesia""]",Sistem Interaksi (Human Computer Interaction),Universitas Indonesia,,id,OCW_UI,60,3116409,READY_FOR_INDEXING,data\raw\material\Sistem_Interaksi_(Human_Computer_Interaction)\analisis_data.pdf,b83c75abb5fa29924cde46358a64e04e3f421fe04c9aa1f0d78e06b6891c2329
MAT-000081,MATERIAL,proses desain interaksi,"[""Fakultas Ilmu Komputer, Universitas Indonesia""]",Sistem Interaksi (Human Computer Interaction),Universitas Indonesia,,id,OCW_UI,49,1921841,READY_FOR_INDEXING,data\raw\material\Sistem_Interaksi_(Human_Computer_Interaction)\proses_desain_interaksi.pdf,70cef903ad086b77e6a5ac749bdff4ba8c486fe24b4cfb2dd8bc9cc06e8df335
MAT-000082,MATERIAL,desain interaksi,"[""Fakultas Ilmu Komputer, Universitas Indonesia""]",Sistem Interaksi (Human Computer Interaction),Universitas Indonesia,,id,OCW_UI,39,1068271,READY_FOR_INDEXING,data\raw\material\Sistem_Interaksi_(Human_Computer_Interaction)\desain_interaksi.pdf,cb959e9a72d1f025e14e18e4cb11a8632ee2330228281f1a4628d6f0ef085a3d
MAT-000083,MATERIAL,Lembar Kerja (Worksheet) Memahami Kebutuhan Pengguna,"[""Fakultas Ilmu Komputer, Universitas Indonesia""]",Sistem Interaksi (Human Computer Interaction),Universitas Indonesia,,id,OCW_UI,1,135244,READY_FOR_INDEXING,data\raw\material\Sistem_Interaksi_(Human_Computer_Interaction)\Lembar_Kerja_(Worksheet)_Memahami_Kebutuhan_Pengguna_File.pdf,87222bfe5d242774a39d34be07752f22e1cfa1e962ff081b4de73e7578b37719
MAT-000084,MATERIAL,Lembar Kerja (Worksheet) Good and Bad Designs,"[""Fakultas Ilmu Komputer, Universitas Indonesia""]",Sistem Interaksi (Human Computer Interaction),Universitas Indonesia,,id,OCW_UI,1,136507,READY_FOR_INDEXING,data\raw\material\Sistem_Interaksi_(Human_Computer_Interaction)\Lembar_Kerja_(Worksheet)_Good_and_Bad_Designs_File.pdf,3e0983dc249b60fea4849de2f6b3fa27f5ea0322457165c956e183506b66d741
MAT-000085,MATERIAL,Prinsip-prinsip Dasar Kognisi,"[""Fakultas Ilmu Komputer, Universitas Indonesia""]",Sistem Interaksi (Human Computer Interaction),Universitas Indonesia,,id,OCW_UI,52,2287063,READY_FOR_INDEXING,data\raw\material\Sistem_Interaksi_(Human_Computer_Interaction)\Prinsip-prinsip_Dasar_Kognisi_File.pdf,c64a3cee5e8a589ba23b55cea7c08fb2ef9e7de9cbcee6af48dfbf2d2bc60984
MAT-000086,MATERIAL,Lembar Kerja (Worksheet) Kognisi,"[""Fakultas Ilmu Komputer, Universitas Indonesia""]",Sistem Interaksi (Human Computer Interaction),Universitas Indonesia,,id,OCW_UI,1,100857,READY_FOR_INDEXING,data\raw\material\Sistem_Interaksi_(Human_Computer_Interaction)\Lembar_Kerja_(Worksheet)_Kognisi_File.pdf,c0c0f17a59b88f0a86643fa21b51d204c860e28316c8ef2d3f7b10d7d50b562e
MAT-000087,MATERIAL,interaksi sosial,"[""Fakultas Ilmu Komputer, Universitas Indonesia""]",Sistem Interaksi (Human Computer Interaction),Universitas Indonesia,,id,OCW_UI,30,1249307,READY_FOR_INDEXING,data\raw\material\Sistem_Interaksi_(Human_Computer_Interaction)\interaksi_sosial.pdf,88a3d2023455bd2cbe4d1baccc19dfdbc1f9a8e311c7fd99558751c3a7f8423b
MAT-000088,MATERIAL,Lembar Kerja (Worksheet) Interaksi Sosial,"[""Fakultas Ilmu Komputer, Universitas Indonesia""]",Sistem Interaksi (Human Computer Interaction),Universitas Indonesia,,id,OCW_UI,1,141810,READY_FOR_INDEXING,data\raw\material\Sistem_Interaksi_(Human_Computer_Interaction)\Lembar_Kerja_(Worksheet)_Interaksi_Sosial_File.pdf,09b513eacfe80b3d5f33b083fe1abe6b54b7988f4782e66f45039aac41be2237
MAT-000089,MATERIAL,antarmuka,"[""Fakultas Ilmu Komputer, Universitas Indonesia""]",Sistem Interaksi (Human Computer Interaction),Universitas Indonesia,,en,OCW_UI,39,2249267,READY_FOR_INDEXING,data\raw\material\Sistem_Interaksi_(Human_Computer_Interaction)\antarmuka.pdf,b3702de009c6f4b593f176858dcc620e0888ce0ebd11debc9444ce9e0d300ff3
MAT-000090,MATERIAL,Lembar Kerja (Worksheet) Shneiderman's Eight Golden Rules,"[""Fakultas Ilmu Komputer, Universitas Indonesia""]",Sistem Interaksi (Human Computer Interaction),Universitas Indonesia,,en,OCW_UI,2,116755,READY_FOR_INDEXING,data\raw\material\Sistem_Interaksi_(Human_Computer_Interaction)\Lembar_Kerja_(Worksheet)_Shneiderman's_Eight_Golden_Rules_File.pdf,b986b1db49170dd92132141f8293cab2e9b9fba83ed8c6d7c183ab12cc5e794d
MAT-000091,MATERIAL,Lembar Kerja (Worksheet) Membuat Sketsa Icon,"[""Fakultas Ilmu Komputer, Universitas Indonesia""]",Sistem Interaksi (Human Computer Interaction),Universitas Indonesia,,id,OCW_UI,2,309324,READY_FOR_INDEXING,data\raw\material\Sistem_Interaksi_(Human_Computer_Interaction)\Lembar_Kerja_(Worksheet)_Membuat_Sketsa_Icon_File.pdf,31ab62230383e2281dd71c6ba5c79e30d6ea911734595fdc475940ce863aef05
MAT-000092,MATERIAL,Recommended Reading: Preliminary Study of JunoBlock: Marker-BasedAugmented Reality for Geometry Educational Tool,"[""Fakultas Ilmu Komputer, Universitas Indonesia""]",Sistem Interaksi (Human Computer Interaction),Universitas Indonesia,,en,OCW_UI,12,937323,READY_FOR_INDEXING,data\raw\material\Sistem_Interaksi_(Human_Computer_Interaction)\Recommended_Reading_Preliminary_Study_of_JunoBlock_Marker-BasedAugmented_Reality.pdf,9606eaa33abd9f19a873ca83dff3d896572a931502adbd355e20b0ed7e2cdb9f
MAT-000093,MATERIAL,Lembar Kerja (Worksheet) Proses Desain Interaksi,"[""Fakultas Ilmu Komputer, Universitas Indonesia""]",Sistem Interaksi (Human Computer Interaction),Universitas Indonesia,,id,OCW_UI,2,188323,READY_FOR_INDEXING,data\raw\material\Sistem_Interaksi_(Human_Computer_Interaction)\Lembar_Kerja_(Worksheet)_Proses_Desain_Interaksi_File.pdf,88428357264403b93bf88e6a8ce839816ab0013b3b00d44dc9a8705133558ca3
MAT-000094,MATERIAL,pengumpulan data,"[""Fakultas Ilmu Komputer, Universitas Indonesia""]",Sistem Interaksi (Human Computer Interaction),Universitas Indonesia,,id,OCW_UI,65,2496666,READY_FOR_INDEXING,data\raw\material\Sistem_Interaksi_(Human_Computer_Interaction)\pengumpulan_data.pdf,b2ebcbacb9e96d7a9eb2220bec630cfcce8acff82e4a70b3e9c9a46213a484f8
MAT-000095,MATERIAL,Lembar Kerja (Worksheet) Pengumpulan Data #1,"[""Fakultas Ilmu Komputer, Universitas Indonesia""]",Sistem Interaksi (Human Computer Interaction),Universitas Indonesia,,id,OCW_UI,2,198972,READY_FOR_INDEXING,data\raw\material\Sistem_Interaksi_(Human_Computer_Interaction)\Lembar_Kerja_(Worksheet)_Pengumpulan_Data_#1_File.pdf,0e4988648c86173e1ed8d91dd71dc42fc298effa0506f109b788fd3032db92a7
MAT-000096,MATERIAL,Lembar Kerja (Worksheet) Pengumpulan Data #2,"[""Fakultas Ilmu Komputer, Universitas Indonesia""]",Sistem Interaksi (Human Computer Interaction),Universitas Indonesia,,id,OCW_UI,2,237696,READY_FOR_INDEXING,data\raw\material\Sistem_Interaksi_(Human_Computer_Interaction)\Lembar_Kerja_(Worksheet)_Pengumpulan_Data_#2_File.pdf,6fc0884b5a9aea6e44001e645068909981aeb274cb2a1917f51a5efc81d1fc6a
MAT-000097,MATERIAL,Lembar Kerja (Worksheet) Analisis Data Kuantitatif,"[""Fakultas Ilmu Komputer, Universitas Indonesia""]",Sistem Interaksi (Human Computer Interaction),Universitas Indonesia,,id,OCW_UI,2,200217,READY_FOR_INDEXING,data\raw\material\Sistem_Interaksi_(Human_Computer_Interaction)\Lembar_Kerja_(Worksheet)_Analisis_Data_Kuantitatif_File.pdf,02e416dbcc8359b111931a19e4d41eeaf3913bd9f46016a202eb8fa9bd8b9f9e
MAT-000098,MATERIAL,Lembar Kerja (Worksheet) Analisis Data Kualitatif,"[""Fakultas Ilmu Komputer, Universitas Indonesia""]",Sistem Interaksi (Human Computer Interaction),Universitas Indonesia,,en,OCW_UI,5,250651,READY_FOR_INDEXING,data\raw\material\Sistem_Interaksi_(Human_Computer_Interaction)\Lembar_Kerja_(Worksheet)_Analisis_Data_Kualitatif_File.pdf,0a1fcf0857f253f53d6fb398380b78418fc1e318890d4e19bf343971bad54b32
MAT-000099,MATERIAL,Menentukan Requirements,"[""Fakultas Ilmu Komputer, Universitas Indonesia""]",Sistem Interaksi (Human Computer Interaction),Universitas Indonesia,,id,OCW_UI,38,1755401,READY_FOR_INDEXING,data\raw\material\Sistem_Interaksi_(Human_Computer_Interaction)\Menentukan_Requirements_File.pdf,cc9745770074aaea027ef6d919274ea2fb3d0e578e27281bda2153a92ad6629f
MAT-000100,MATERIAL,Lembar Kerja (Worksheet) Menentukan Requirements #1,"[""Fakultas Ilmu Komputer, Universitas Indonesia""]",Sistem Interaksi (Human Computer Interaction),Universitas Indonesia,,id,OCW_UI,4,294465,READY_FOR_INDEXING,data\raw\material\Sistem_Interaksi_(Human_Computer_Interaction)\Lembar_Kerja_(Worksheet)_Menentukan_Requirements_#1_File.pdf,082a3c421dc6420d3df6d8ee9aad90801f4e93bb34c801461d7a697a58bb182f
MAT-000101,MATERIAL,Lembar Kerja (Worksheet) Menentukan Requirements #2,"[""Fakultas Ilmu Komputer, Universitas Indonesia""]",Sistem Interaksi (Human Computer Interaction),Universitas Indonesia,,en,OCW_UI,8,307811,READY_FOR_INDEXING,data\raw\material\Sistem_Interaksi_(Human_Computer_Interaction)\Lembar_Kerja_(Worksheet)_Menentukan_Requirements_#2_File.pdf,78cc343e910fdccdab0ec4b9fa2a1adfec940f4698fd602f1813aa215c6091b7
MAT-000102,MATERIAL,"Konstruksi Persona, Skenario, dan Storyboard","[""Fakultas Ilmu Komputer, Universitas Indonesia""]",Sistem Interaksi (Human Computer Interaction),Universitas Indonesia,,id,OCW_UI,60,1827237,READY_FOR_INDEXING,"data\raw\material\Sistem_Interaksi_(Human_Computer_Interaction)\Konstruksi_Persona,_Skenario,_dan_Storyboard_File.pdf",e434c7227158673353f22a58872f81cafc4d917f90e29dc74584e038cf380e73
MAT-000103,MATERIAL,Lembar Kerja (Worksheet) Persona,"[""Fakultas Ilmu Komputer, Universitas Indonesia""]",Sistem Interaksi (Human Computer Interaction),Universitas Indonesia,,id,OCW_UI,2,169418,READY_FOR_INDEXING,data\raw\material\Sistem_Interaksi_(Human_Computer_Interaction)\Lembar_Kerja_(Worksheet)_Persona_File.pdf,3f14767e5c35abeefa8f8b7e465288548ea3b8a3491b96db8cae1e74e7219b7e
MAT-000104,MATERIAL,Lembar Kerja (Worksheet) Scenario & Storyboard,"[""Fakultas Ilmu Komputer, Universitas Indonesia""]",Sistem Interaksi (Human Computer Interaction),Universitas Indonesia,,id,OCW_UI,2,192592,READY_FOR_INDEXING,data\raw\material\Sistem_Interaksi_(Human_Computer_Interaction)\Lembar_Kerja_(Worksheet)_Scenario_&_Storyboard_File.pdf,dd97f06d1a481103ee101997e2e5e3610df2d0ae5e34e44f195c0180f68f95f6
MAT-000105,MATERIAL,Arsitektur Informasi dan Prototyping,"[""Fakultas Ilmu Komputer, Universitas Indonesia""]",Sistem Interaksi (Human Computer Interaction),Universitas Indonesia,,id,OCW_UI,56,1951483,READY_FOR_INDEXING,data\raw\material\Sistem_Interaksi_(Human_Computer_Interaction)\Arsitektur_Informasi_dan_Prototyping_File.pdf,e387c674d08eb7c40ffe07c5942f237ca63fd0c6b95d85822eb235e8bf7b169e
MAT-000106,MATERIAL,Evaluasi Sistem,"[""Fakultas Ilmu Komputer, Universitas Indonesia""]",Sistem Interaksi (Human Computer Interaction),Universitas Indonesia,,id,OCW_UI,41,978712,READY_FOR_INDEXING,data\raw\material\Sistem_Interaksi_(Human_Computer_Interaction)\Evaluasi_Sistem_File.pdf,3084e414f77779dbb34a5484152778aa4df0f7743ddf2c5724090b959ca71cee
MAT-000107,MATERIAL,"Download (PDF, 237KB)","[""Fakultas Ilmu Komputer, Universitas Indonesia""]",Pemrograman Logika,Universitas Indonesia,,id,OCW_UI,14,45848,READY_FOR_INDEXING,data\raw\material\Pemrograman_Logika\slide01_-_Logic_Programming_Paradigm.pdf,26877d08dfb0319c370ceec38ceea267588ea5e6f6f59ce201f39d758a15aff2
MAT-000108,MATERIAL,"Download (PDF, 221KB)","[""Fakultas Ilmu Komputer, Universitas Indonesia""]",Pemrograman Logika,Universitas Indonesia,,id,OCW_UI,14,45848,READY_FOR_INDEXING,data\raw\material\Pemrograman_Logika\slide02_-_Syntactic_aspects_of_Prolog_programs.pdf,343b8a13e66a74a09890955b31d0ff1c3313f7a917f420e29a2dfe56b1290b49
MAT-000109,MATERIAL,"Download (PDF, 300KB)","[""Fakultas Ilmu Komputer, Universitas Indonesia""]",Pemrograman Logika,Universitas Indonesia,,id,OCW_UI,14,45848,READY_FOR_INDEXING,data\raw\material\Pemrograman_Logika\slide03_-_Semantic_aspects_of_Prolog_programs.pdf,ffa41e646dea4a0189822ee26c651d145fb4fa158753c896095062fdd5b0b9a3
MAT-000110,MATERIAL,"Download (PDF, 370KB)","[""Fakultas Ilmu Komputer, Universitas Indonesia""]",Pemrograman Logika,Universitas Indonesia,,id,OCW_UI,14,45848,READY_FOR_INDEXING,"data\raw\material\Pemrograman_Logika\slide04_-_Lists,_operators,_arithmetics.pdf",6b1ab025d418719f1be67143166fc4c96672da1d0bcae47ae43f9eb332909c01
MAT-000111,MATERIAL,"Download (PDF, 125KB)","[""Fakultas Ilmu Komputer, Universitas Indonesia""]",Pemrograman Logika,Universitas Indonesia,,id,OCW_UI,14,45848,READY_FOR_INDEXING,data\raw\material\Pemrograman_Logika\slide05_-_Cut.pdf,10b9cd841275258286b9425e4ca0ccb3321f88a1dbb5df7ecd1a884df4d4641c
MAT-000112,MATERIAL,"Download (PDF, 171KB)","[""Fakultas Ilmu Komputer, Universitas Indonesia""]",Pemrograman Logika,Universitas Indonesia,,id,OCW_UI,14,45848,READY_FOR_INDEXING,data\raw\material\Pemrograman_Logika\slide06_-_Negation_as_Failure.pdf,d7ed1b44d38f4204ed13d59d9528f018747c4fb5585e5edc7c81712f1fce8158
MAT-000113,MATERIAL,"Download (PDF, 290KB)","[""Fakultas Ilmu Komputer, Universitas Indonesia""]",Pemrograman Logika,Universitas Indonesia,,id,OCW_UI,14,45848,READY_FOR_INDEXING,"data\raw\material\Pemrograman_Logika\slide07_-_Input_and_output,_term_manipulations.pdf",14a90fe827e2c73ee6177411f41ffc16e07a74808a40754678b5269df8f2b291
MAT-000114,MATERIAL,"Download (PDF, 131KB)","[""Fakultas Ilmu Komputer, Universitas Indonesia""]",Pemrograman Logika,Universitas Indonesia,,id,OCW_UI,14,45848,READY_FOR_INDEXING,data\raw\material\Pemrograman_Logika\slide08_-_Database_manipulation_and_collecting_solutions.pdf,6b961e3db5aa39ba2052e08a594ac27ddaae14180c2a15816034167e86522a1a
MAT-000115,MATERIAL,"Download (PDF, 208KB)","[""Fakultas Ilmu Komputer, Universitas Indonesia""]",Pemrograman Logika,Universitas Indonesia,,id,OCW_UI,14,45848,READY_FOR_INDEXING,data\raw\material\Pemrograman_Logika\slide09_-_Programming_styles_and_techniques.pdf,7d760255630e5acea33b840a78bf9d7aa1bd136c5d1964f4430a05b92511e80f
MAT-000116,MATERIAL,"Download (PDF, 249KB)","[""Fakultas Ilmu Komputer, Universitas Indonesia""]",Pemrograman Logika,Universitas Indonesia,,id,OCW_UI,14,45848,READY_FOR_INDEXING,data\raw\material\Pemrograman_Logika\slide10_-_Operations_on_data_structures.pdf,82a9fb19e64175afbd80a119a1138d6acaaf036127604e705e79ac378edcbf91
MAT-000117,MATERIAL,"Download (PDF, 739KB)","[""Fakultas Ilmu Komputer, Universitas Indonesia""]",IKI20230 : Sistem Operasi,Universitas Indonesia,,id,OCW_UI,14,45848,READY_FOR_INDEXING,data\raw\material\IKI20230_Sistem_Operasi\01-SO0910-Konsep_Dasar_Memori.pdf,3099301317f74f1ff16faee5e8174d94969eddd06a490b802640ab0571f9c52f
MAT-000118,MATERIAL,"Download (PDF, 670KB)","[""Fakultas Ilmu Komputer, Universitas Indonesia""]",IKI20230 : Sistem Operasi,Universitas Indonesia,,id,OCW_UI,14,45848,READY_FOR_INDEXING,data\raw\material\IKI20230_Sistem_Operasi\02-SO0910-Alokasi_Memori.pdf,66fb66c32a0cdf8a9271947ca714f43c74fb918755eaefd8516346d823295ea1
MAT-000119,MATERIAL,"Download (PDF, 1.07MB)","[""Fakultas Ilmu Komputer, Universitas Indonesia""]",IKI20230 : Sistem Operasi,Universitas Indonesia,,id,OCW_UI,14,45848,READY_FOR_INDEXING,data\raw\material\IKI20230_Sistem_Operasi\03-SO0910-Paging.pdf,cbff1e4c8d96776739b4ff5ee396a7bbd03d1883816e53f7134b7670d0b1185c
MAT-000120,MATERIAL,"Download (PDF, 972KB)","[""Fakultas Ilmu Komputer, Universitas Indonesia""]",IKI20230 : Sistem Operasi,Universitas Indonesia,,id,OCW_UI,14,45848,READY_FOR_INDEXING,data\raw\material\IKI20230_Sistem_Operasi\04-SO0910-Struktur_Page_Table.pdf,3e637437d69cec4139a586104db451aa0d84b5dd313d234dee0242da8a2f5a80
MAT-000121,MATERIAL,"Download (PDF, 1.21MB)","[""Fakultas Ilmu Komputer, Universitas Indonesia""]",IKI20230 : Sistem Operasi,Universitas Indonesia,,id,OCW_UI,14,45848,READY_FOR_INDEXING,data\raw\material\IKI20230_Sistem_Operasi\05-SO0910-Segmentasi_Paging_Intel_Pentium.pdf,35bfc408ad7e18c7543f53dcf67f6d9782806f35ce8d3ae4f7b37acee5f2440a
MAT-000122,MATERIAL,"Download (PDF, 905KB)","[""Fakultas Ilmu Komputer, Universitas Indonesia""]",IKI20230 : Sistem Operasi,Universitas Indonesia,,id,OCW_UI,14,45848,READY_FOR_INDEXING,data\raw\material\IKI20230_Sistem_Operasi\06-SO0910-Memori_Virtual.pdf,b7a2206f84b571eef95642c43e774d1342c2823375aa8643790027f640ee2b90
MAT-000123,MATERIAL,"Download (PDF, 768KB)","[""Fakultas Ilmu Komputer, Universitas Indonesia""]",IKI20230 : Sistem Operasi,Universitas Indonesia,,id,OCW_UI,14,45848,READY_FOR_INDEXING,data\raw\material\IKI20230_Sistem_Operasi\07-SO0910-Algoritma_Pergantian_Page.pdf,2ef63231ec8324b337facd3dcc422fa510f318b30af321a46be5ad7c6d7ee3a2
MAT-000124,MATERIAL,"Download (PDF, 338KB)","[""Fakultas Ilmu Komputer, Universitas Indonesia""]",IKI20230 : Sistem Operasi,Universitas Indonesia,,id,OCW_UI,14,45848,READY_FOR_INDEXING,data\raw\material\IKI20230_Sistem_Operasi\09-SO0910-Alokasi-Memori-Kernel.pdf,8ccf2375e6184336a3760c79a3807fe3229d255fd8cf7260a382b2f8fa5a4232
MAT-000125,MATERIAL,"Download (PDF, 208KB)","[""Fakultas Ilmu Komputer, Universitas Indonesia""]",IKI20230 : Sistem Operasi,Universitas Indonesia,,id,OCW_UI,14,45848,READY_FOR_INDEXING,data\raw\material\IKI20230_Sistem_Operasi\slide09_-_Programming_styles_and_techniques.pdf,4b02fc7d55830378b338484d1700474457b6f6cd82ac30ffb21d50bd81a395d2
MAT-000126,MATERIAL,"Download (PDF, 395KB)","[""Fakultas Ilmu Komputer, Universitas Indonesia""]",IKI20230 : Sistem Operasi,Universitas Indonesia,,id,OCW_UI,14,45848,READY_FOR_INDEXING,data\raw\material\IKI20230_Sistem_Operasi\10-SO0910-Memori-Pada-Sistem-Linux.pdf,33d7070e54fc948f0f3ba938a09be13d929fb346523f1353c25606a82620b3af
MAT-000127,MATERIAL,"Download (PDF, 4.18MB)","[""Fakultas Ilmu Komputer, Universitas Indonesia""]",IKI10400 : Prinsip-Prinsip Sistem Informasi,Universitas Indonesia,,id,OCW_UI,14,45848,READY_FOR_INDEXING,data\raw\material\IKI10400_Prinsip-Prinsip_Sistem_Informasi\PPSI01-Konsep_Sistem.pdf,85ff9a6576ea83d10a37bffdfef64a3ed2a617a8e926991b9131e543e7382933
MAT-000128,MATERIAL,"Download (PDF, 1.81MB)","[""Fakultas Ilmu Komputer, Universitas Indonesia""]",IKI10400 : Prinsip-Prinsip Sistem Informasi,Universitas Indonesia,,id,OCW_UI,14,45848,READY_FOR_INDEXING,data\raw\material\IKI10400_Prinsip-Prinsip_Sistem_Informasi\PPSI02-Konsep_Informasi.pdf,3834bff357b00bc65f795c87007fcecbbab5ef1ffe9e038844eb88a14fedcd44
MAT-000129,MATERIAL,"Download (PDF, 4.17MB)","[""Fakultas Ilmu Komputer, Universitas Indonesia""]",IKI10400 : Prinsip-Prinsip Sistem Informasi,Universitas Indonesia,,id,OCW_UI,14,45848,READY_FOR_INDEXING,data\raw\material\IKI10400_Prinsip-Prinsip_Sistem_Informasi\PPSI03-Pengantar_Teori_Organisasi_dan_Manajemen.pdf,631afd092b8c84b6e64d075f52e675357b09877aa643cef2ef3f8349d924ea89
MAT-000130,MATERIAL,"Download (PDF, 3.9MB)","[""Fakultas Ilmu Komputer, Universitas Indonesia""]",IKI10400 : Prinsip-Prinsip Sistem Informasi,Universitas Indonesia,,id,OCW_UI,14,45848,READY_FOR_INDEXING,data\raw\material\IKI10400_Prinsip-Prinsip_Sistem_Informasi\PPSI04-Sistem_Informasi_dan_Information_System_Modelling.pdf,cd3f0075316ebf4f98fdf74cc1cdfed4c896cecc26a0b2e971fdee82974b3988
MAT-000131,MATERIAL,"Download (PDF, 1.44MB)","[""Fakultas Ilmu Komputer, Universitas Indonesia""]",IKI10400 : Prinsip-Prinsip Sistem Informasi,Universitas Indonesia,,id,OCW_UI,14,45848,READY_FOR_INDEXING,data\raw\material\IKI10400_Prinsip-Prinsip_Sistem_Informasi\PPSI05-Teknologi_Informasi.pdf,de8b796bd31fd136b04c85a413575b7065546091cd9494acbe685ed34267cfb5
MAT-000132,MATERIAL,"Download (PDF, 2.13MB)","[""Fakultas Ilmu Komputer, Universitas Indonesia""]",IKI10400 : Prinsip-Prinsip Sistem Informasi,Universitas Indonesia,,id,OCW_UI,14,45848,READY_FOR_INDEXING,"data\raw\material\IKI10400_Prinsip-Prinsip_Sistem_Informasi\PPSI06-Internet,_Intranet_dan_Extranet.pdf",2a8aa8a31225bc19b68f214c30d3739e64c42893a558fb99eca67e3e4d7a739e
MAT-000133,MATERIAL,"Download (PDF, 4.06MB)","[""Fakultas Ilmu Komputer, Universitas Indonesia""]",IKI10400 : Prinsip-Prinsip Sistem Informasi,Universitas Indonesia,,id,OCW_UI,14,45848,READY_FOR_INDEXING,data\raw\material\IKI10400_Prinsip-Prinsip_Sistem_Informasi\PPSI07-Business_Information_Systems.pdf,54911d1e042efd1961701b8a180c2f33212bb1f0d3b86a98c63af8eb8d15dc47
MAT-000134,MATERIAL,"Download (PDF, 2.79MB)","[""Fakultas Ilmu Komputer, Universitas Indonesia""]",IKI10400 : Prinsip-Prinsip Sistem Informasi,Universitas Indonesia,,id,OCW_UI,14,45848,READY_FOR_INDEXING,data\raw\material\IKI10400_Prinsip-Prinsip_Sistem_Informasi\PPSI08-Pengembangan_dan_Pemeliharaan_Sistem_Informasi_(Bagian_1).pdf,369beb6ef5df865646397b6cd7de7e85591bcf37c608b3303a765a3fc527c3b5
MAT-000135,MATERIAL,"Download (PDF, 2.61MB)","[""Fakultas Ilmu Komputer, Universitas Indonesia""]",IKI10400 : Prinsip-Prinsip Sistem Informasi,Universitas Indonesia,,id,OCW_UI,14,45848,READY_FOR_INDEXING,data\raw\material\IKI10400_Prinsip-Prinsip_Sistem_Informasi\PPSI11-Knowledge_Management_dan_Learning_Organization.pdf,f3a7431d077b0df31f5699dc1b8ab9f261ea4c446c22338f38b35adb0f457593
MAT-000136,MATERIAL,"Download (PDF, 768KB)","[""Fakultas Ilmu Komputer, Universitas Indonesia""]",IKI80050T : Metodologi Penelitian,Universitas Indonesia,,id,OCW_UI,14,45848,READY_FOR_INDEXING,data\raw\material\IKI80050T_Metodologi_Penelitian\01_-_What_is_Research.pdf,44128008446304bc92d38b5d51afa7aa32fd76b01a1fcfb2d92f972e21378c35
MAT-000137,MATERIAL,"Download (PDF, 755KB)","[""Fakultas Ilmu Komputer, Universitas Indonesia""]",IKI80050T : Metodologi Penelitian,Universitas Indonesia,,id,OCW_UI,14,45848,READY_FOR_INDEXING,data\raw\material\IKI80050T_Metodologi_Penelitian\02_-_Model_of_Scientific_Inquiry.pdf,5249c77a2b9dee923f47a74fddd7ae1bf94be8b84abe77edf5d44f751aa22b21
MAT-000138,MATERIAL,"Download (PDF, 622KB)","[""Fakultas Ilmu Komputer, Universitas Indonesia""]",IKI80050T : Metodologi Penelitian,Universitas Indonesia,,id,OCW_UI,14,45848,READY_FOR_INDEXING,data\raw\material\IKI80050T_Metodologi_Penelitian\03_-_Problem_Identification_and_Hypothesis.pdf,89c158c7e312476f59b94212c89e68c74963784625698cca375312a7b168ae81
MAT-000139,MATERIAL,"Download (PDF, 415KB)","[""Fakultas Ilmu Komputer, Universitas Indonesia""]",IKI80050T : Metodologi Penelitian,Universitas Indonesia,,id,OCW_UI,14,45848,READY_FOR_INDEXING,data\raw\material\IKI80050T_Metodologi_Penelitian\04_-_Logical_Thinking.pdf,56ac42629e0f2d6dcd55d73f31cd750bc8a0cff1a7378295c0c0d85d18a1ae4b
MAT-000140,MATERIAL,"Download (PDF, 1.05MB)","[""Fakultas Ilmu Komputer, Universitas Indonesia""]",IKI80050T : Metodologi Penelitian,Universitas Indonesia,,id,OCW_UI,14,45848,READY_FOR_INDEXING,data\raw\material\IKI80050T_Metodologi_Penelitian\06_-_How_to_Review_Literatures.pdf,e32181a57ada0f53ffbb7b335c352dc6304a2421f8abffb937c4aa641f063dd6
MAT-000141,MATERIAL,"Download (PDF, 650KB)","[""Fakultas Ilmu Komputer, Universitas Indonesia""]",IKI80050T : Metodologi Penelitian,Universitas Indonesia,,id,OCW_UI,14,45848,READY_FOR_INDEXING,data\raw\material\IKI80050T_Metodologi_Penelitian\07_-_Policy_Action_Interpretive_Research.pdf,eb9f8fbccd9df26b8c5e18e359c2ddbf9e2764290eb39b222f851a84dbb0e959
MAT-000142,MATERIAL,"Download (PDF, 283KB)","[""Fakultas Ilmu Komputer, Universitas Indonesia""]",IKI80050T : Metodologi Penelitian,Universitas Indonesia,,id,OCW_UI,14,45848,READY_FOR_INDEXING,data\raw\material\IKI80050T_Metodologi_Penelitian\08_-_Research_Methods.pdf,cfa82ed60a3779a8818c16a6516d91c3542bd19da5749741efd55af0ebf0eec6
MAT-000143,MATERIAL,"Download (PDF, 1002KB)","[""Fakultas Ilmu Komputer, Universitas Indonesia""]",IKI80050T : Metodologi Penelitian,Universitas Indonesia,,id,OCW_UI,14,45848,READY_FOR_INDEXING,data\raw\material\IKI80050T_Metodologi_Penelitian\09_-_Writing_Research_Proposal.pdf,178ce07595e7d2792d573ec19895ac69d704e2a85099a41af5ab2950d65d7f00
MAT-000144,MATERIAL,"Download (PDF, 928KB)","[""Fakultas Ilmu Komputer, Universitas Indonesia""]",IKI80050T : Metodologi Penelitian,Universitas Indonesia,,id,OCW_UI,14,45848,READY_FOR_INDEXING,data\raw\material\IKI80050T_Metodologi_Penelitian\09_-_Contoh_Proposal_Penelitian.pdf,eb65df713557bd973fdf2e33307038f1d860fb2b15979dcf2472bc91e72107e8
MAT-000145,MATERIAL,"Download (PDF, 687KB)","[""Fakultas Ilmu Komputer, Universitas Indonesia""]",IKI80050T : Metodologi Penelitian,Universitas Indonesia,,id,OCW_UI,14,45848,READY_FOR_INDEXING,data\raw\material\IKI80050T_Metodologi_Penelitian\10_-_Writing_Process.pdf,131c0bc809e6a87eb7343d9f90aa9f8ab4332a498a9614acd0c4292c61d667eb
MAT-000146,MATERIAL,"Download (PDF, 982KB)","[""Fakultas Ilmu Komputer, Universitas Indonesia""]",IKI80050T : Metodologi Penelitian,Universitas Indonesia,,id,OCW_UI,14,45848,READY_FOR_INDEXING,data\raw\material\IKI80050T_Metodologi_Penelitian\10_-_Penulisan_Daftar_Pustaka.pdf,7c7a2c44a721296fabbaed14579d04231281ed38f1a4e0b9df17f55abb2943fd
MAT-000147,MATERIAL,"Download (PDF, 806KB)","[""Fakultas Ilmu Komputer, Universitas Indonesia""]",IKI80050T : Metodologi Penelitian,Universitas Indonesia,,id,OCW_UI,14,45848,READY_FOR_INDEXING,data\raw\material\IKI80050T_Metodologi_Penelitian\11_-_Survey_Research.pdf,69cf87973a71e540ce27fefcfa2b487febce62c4c53188d3d389bc5cd8d42e25
MAT-000148,MATERIAL,"Download (PDF, 2.26MB)","[""Fakultas Ilmu Komputer, Universitas Indonesia""]",IKI80050T : Metodologi Penelitian,Universitas Indonesia,,id,OCW_UI,14,45848,READY_FOR_INDEXING,data\raw\material\IKI80050T_Metodologi_Penelitian\12_-_Experimental_Research_in_CS_IT_dan_IS.pdf,3a90041274b3bca2294ebd33db519a33123d857041f7426b6d1d7c94e98a93c7
MAT-000149,MATERIAL,"Download (PDF, 1.72MB)","[""Fakultas Ilmu Komputer, Universitas Indonesia""]",IKI80050T : Metodologi Penelitian,Universitas Indonesia,,id,OCW_UI,14,45848,READY_FOR_INDEXING,data\raw\material\IKI80050T_Metodologi_Penelitian\13_-_Research_Data_Management.pdf,c761fe8149b1ae045f3524048753aa8e0d6c43863373e1931bcfcdc5d33a78e6
MAT-000150,MATERIAL,"Download (PDF, 1.05MB)","[""Fakultas Ilmu Komputer, Universitas Indonesia""]",IKI82406T : Perencanaan Strategis Sistem Informasi,Universitas Indonesia,,id,OCW_UI,14,45848,READY_FOR_INDEXING,data\raw\material\IKI82406T_Perencanaan_Strategis_Sistem_Informasi\Sesi01_-_Basic_Terms_of_SPIS.pdf,d7722f26a8ab2415c5a36be294134c0a3b119ea0e6d9d84017831f047b447d9b
MAT-000151,MATERIAL,"Download (PDF, 1.52MB)","[""Fakultas Ilmu Komputer, Universitas Indonesia""]",IKI82406T : Perencanaan Strategis Sistem Informasi,Universitas Indonesia,,id,OCW_UI,14,45848,READY_FOR_INDEXING,data\raw\material\IKI82406T_Perencanaan_Strategis_Sistem_Informasi\Sesi02_-_IS_and_IT_Roles_in_Organization_and_Business_Strategy.pdf,a50cdcf758fdbdb871630923fc956f9e56e3b8739d79d4d20010a58d1b03eba2
MAT-000152,MATERIAL,"Download (PDF, 1.21MB)","[""Fakultas Ilmu Komputer, Universitas Indonesia""]",IKI82406T : Perencanaan Strategis Sistem Informasi,Universitas Indonesia,,id,OCW_UI,14,45848,READY_FOR_INDEXING,data\raw\material\IKI82406T_Perencanaan_Strategis_Sistem_Informasi\Sesi03_-_Developing_IS_and_IT_Strategy.pdf,c51ac1283d6df3b7c2ebb5dc0792eb3a06409998fc9d07e97f77b4e840d9d979
MAT-000153,MATERIAL,"Download (PDF, 1.32MB)","[""Fakultas Ilmu Komputer, Universitas Indonesia""]",IKI82406T : Perencanaan Strategis Sistem Informasi,Universitas Indonesia,,id,OCW_UI,14,45848,READY_FOR_INDEXING,data\raw\material\IKI82406T_Perencanaan_Strategis_Sistem_Informasi\Sesi04_-_Internal_IS_and_IT_Strategic_Analysis.pdf,b8ae751ab0e29506815681a90b59b1ee3da5d584c04c310760f3f7304d0c526f
MAT-000154,MATERIAL,"Download (PDF, 1018KB)","[""Fakultas Ilmu Komputer, Universitas Indonesia""]",IKI82406T : Perencanaan Strategis Sistem Informasi,Universitas Indonesia,,id,OCW_UI,14,45848,READY_FOR_INDEXING,data\raw\material\IKI82406T_Perencanaan_Strategis_Sistem_Informasi\Sesi05_-_IS_and_IT_Strategic_Analysis_Future_Potential.pdf,7c0b0d117ab6e334ad24a728facf05a76f0aba4dfb527bd45fa5bf18f3a623b9
MAT-000155,MATERIAL,"Download (PDF, 1.44MB)","[""Fakultas Ilmu Komputer, Universitas Indonesia""]",IKI82406T : Perencanaan Strategis Sistem Informasi,Universitas Indonesia,,id,OCW_UI,14,45848,READY_FOR_INDEXING,data\raw\material\IKI82406T_Perencanaan_Strategis_Sistem_Informasi\Sesi06_-_Managing_The_Application_Portfolio.pdf,7ca375ccbe16d08622334c980981b7b96b19e97c96b01e66e2198c360cec734c
MAT-000156,MATERIAL,"Download (PDF, 1.98MB)","[""Fakultas Ilmu Komputer, Universitas Indonesia""]",IKI82406T : Perencanaan Strategis Sistem Informasi,Universitas Indonesia,,id,OCW_UI,14,45848,READY_FOR_INDEXING,data\raw\material\IKI82406T_Perencanaan_Strategis_Sistem_Informasi\Sesi07_-_Strategic_Management_of_IS_and_IT_v2.pdf,86bf602a2d265eadcc04644d8cec5f3db905421e29eef1fddb2323cb8aecc556
MAT-000157,MATERIAL,"Download (PDF, 1.45MB)","[""Fakultas Ilmu Komputer, Universitas Indonesia""]",IKI82406T : Perencanaan Strategis Sistem Informasi,Universitas Indonesia,,id,OCW_UI,14,45848,READY_FOR_INDEXING,data\raw\material\IKI82406T_Perencanaan_Strategis_Sistem_Informasi\Sesi08_-_Various_Approaches_to_Develop_SPIS.pdf,c895c3c06719ba49699cd8b81bf4f6e50866d3ab335021e6d55b16cb55adc3a5
MAT-000158,MATERIAL,"Download (PDF, 1.26MB)","[""Fakultas Ilmu Komputer, Universitas Indonesia""]",IKI82406T : Perencanaan Strategis Sistem Informasi,Universitas Indonesia,,id,OCW_UI,14,45848,READY_FOR_INDEXING,data\raw\material\IKI82406T_Perencanaan_Strategis_Sistem_Informasi\Sesi09_-_Strategies_for_Information_Management.pdf,5a3f38caf751b46a4c40fbc45f7d587d9e35b7ceb9522bff62173f4d7e408703
MAT-000159,MATERIAL,"Download (PDF, 2.3MB)","[""Fakultas Ilmu Komputer, Universitas Indonesia""]",IKI82406T : Perencanaan Strategis Sistem Informasi,Universitas Indonesia,,id,OCW_UI,14,45848,READY_FOR_INDEXING,data\raw\material\IKI82406T_Perencanaan_Strategis_Sistem_Informasi\Sesi10_-_Managing_the_Supply_of_IT_Service.pdf,164596a6513a11cb89a5b2ffb6e0a2eedc5a73b0f3855867e57cfd02f1bcf685
MAT-000160,MATERIAL,"Download (PDF, 1.46MB)","[""Fakultas Ilmu Komputer, Universitas Indonesia""]",IKI82406T : Perencanaan Strategis Sistem Informasi,Universitas Indonesia,,id,OCW_UI,14,45848,READY_FOR_INDEXING,data\raw\material\IKI82406T_Perencanaan_Strategis_Sistem_Informasi\Sesi11_-_Strategic_Planning_for_IS_Quo_Vadis.pdf,d10e50a6d8b2457cf20509979aca2ba35a7acb15e96ee4bf190e83d44362f7c8
MAT-000161,MATERIAL,"Download (PDF, 995KB)","[""Fakultas Ilmu Komputer, Universitas Indonesia""]",IKI83403T : Data Mining and Business Intelligence,Universitas Indonesia,,id,OCW_UI,14,45848,READY_FOR_INDEXING,data\raw\material\IKI83403T_Data_Mining_and_Business_Intelligence\Lect1_-_Intro_to_DMBI.pdf,66e45c96b702a34fa907b9c025b1a6f2f29a37be3c2dd2284231ca9ea5c4967a
MAT-000162,MATERIAL,"Download (PDF, 1.62MB)","[""Fakultas Ilmu Komputer, Universitas Indonesia""]",IKI83403T : Data Mining and Business Intelligence,Universitas Indonesia,,id,OCW_UI,14,45848,READY_FOR_INDEXING,data\raw\material\IKI83403T_Data_Mining_and_Business_Intelligence\Lect2_-_DW_and_OLAP.pdf,0e5114950f30e3a00295ea0e540705826a36e713004ff8b291a90626aa9dbbe4
MAT-000163,MATERIAL,"Download (PDF, 1.72MB)","[""Fakultas Ilmu Komputer, Universitas Indonesia""]",IKI83403T : Data Mining and Business Intelligence,Universitas Indonesia,,id,OCW_UI,14,45848,READY_FOR_INDEXING,data\raw\material\IKI83403T_Data_Mining_and_Business_Intelligence\Lect3_-_Data_Preprocessing.pdf,a486e23dcb8234adb59468d93db64564c2c1e7f8be23623f65b6797f23d871cd
MAT-000164,MATERIAL,"Download (PDF, 2.16MB)","[""Fakultas Ilmu Komputer, Universitas Indonesia""]",IKI83403T : Data Mining and Business Intelligence,Universitas Indonesia,,id,OCW_UI,14,45848,READY_FOR_INDEXING,data\raw\material\IKI83403T_Data_Mining_and_Business_Intelligence\Lect4_-_Association_Rules.pdf,54ea135c96b4e2bc135357598a64e85cb951a8c36642a24b5191134d2e11d24c
MAT-000165,MATERIAL,"Download (PDF, 1.27MB)","[""Fakultas Ilmu Komputer, Universitas Indonesia""]",IKI83403T : Data Mining and Business Intelligence,Universitas Indonesia,,id,OCW_UI,14,45848,READY_FOR_INDEXING,data\raw\material\IKI83403T_Data_Mining_and_Business_Intelligence\Lect5_-_Classification_and_Prediction.pdf,e4a5023c5c629ca8b51a8963a4aec3949760890f2a3370607c7e81c063cd494b
MAT-000166,MATERIAL,"Download (PDF, 437KB)","[""Fakultas Ilmu Komputer, Universitas Indonesia""]",IKI81404T : Perancangan Sistem Informasi,Universitas Indonesia,,id,OCW_UI,14,45848,READY_FOR_INDEXING,data\raw\material\IKI81404T_Perancangan_Sistem_Informasi\sesi01.pdf,2aa5efc3b0e149685f42d74d87637cd79dcf903e74b0acb46c1b9f6bf0ea7aae
MAT-000167,MATERIAL,"Download (PDF, 543KB)","[""Fakultas Ilmu Komputer, Universitas Indonesia""]",IKI81404T : Perancangan Sistem Informasi,Universitas Indonesia,,id,OCW_UI,14,45848,READY_FOR_INDEXING,data\raw\material\IKI81404T_Perancangan_Sistem_Informasi\sesi02.pdf,16d86781fa806c7678cc4c02563043b7465e6feab804b7196ab78612064398e2
MAT-000168,MATERIAL,"Download (PDF, 920KB)","[""Fakultas Ilmu Komputer, Universitas Indonesia""]",IKI81404T : Perancangan Sistem Informasi,Universitas Indonesia,,id,OCW_UI,14,45848,READY_FOR_INDEXING,data\raw\material\IKI81404T_Perancangan_Sistem_Informasi\sesi03.pdf,81e019a791153a3f27c06bd98a3ca222319d9df4cd3d8c3d20ecc22af3a931cb
MAT-000169,MATERIAL,"Download (PDF, 1.3MB)","[""Fakultas Ilmu Komputer, Universitas Indonesia""]",IKI81404T : Perancangan Sistem Informasi,Universitas Indonesia,,id,OCW_UI,14,45848,READY_FOR_INDEXING,data\raw\material\IKI81404T_Perancangan_Sistem_Informasi\sesi04.pdf,5b446e79257c0d76c8175e78dd05d511d1098030e1476c67ead163d3e98bd1bc
MAT-000170,MATERIAL,"Download (PDF, 2.38MB)","[""Fakultas Ilmu Komputer, Universitas Indonesia""]",IKI81404T : Perancangan Sistem Informasi,Universitas Indonesia,,id,OCW_UI,14,45848,READY_FOR_INDEXING,data\raw\material\IKI81404T_Perancangan_Sistem_Informasi\sesi05.pdf,6fd43963580a490c56b21c1001b3d219b4809434c9937ad62893d2d45e2fde30
MAT-000171,MATERIAL,"Download (PDF, 1.56MB)","[""Fakultas Ilmu Komputer, Universitas Indonesia""]",IKI81404T : Perancangan Sistem Informasi,Universitas Indonesia,,id,OCW_UI,14,45848,READY_FOR_INDEXING,data\raw\material\IKI81404T_Perancangan_Sistem_Informasi\sesi06.pdf,6d1b0008dca5eef2580643ea799472697221fe09c81aa4f325bd88e6641710e7
MAT-000172,MATERIAL,"Download (PDF, 2.39MB)","[""Fakultas Ilmu Komputer, Universitas Indonesia""]",IKI81404T : Perancangan Sistem Informasi,Universitas Indonesia,,id,OCW_UI,14,45848,READY_FOR_INDEXING,data\raw\material\IKI81404T_Perancangan_Sistem_Informasi\sesi07.pdf,3ce5700beeb5dfdbbfb2e090524ab90d22dc51b59f758232dc525262698369e1
MAT-000173,MATERIAL,"Download (PDF, 3.22MB)","[""Fakultas Ilmu Komputer, Universitas Indonesia""]",IKI81404T : Perancangan Sistem Informasi,Universitas Indonesia,,id,OCW_UI,14,45848,READY_FOR_INDEXING,data\raw\material\IKI81404T_Perancangan_Sistem_Informasi\sesi08.pdf,13759554bfccf8ecfbd064b746c4354c9f532c9113eab76321a839386bb35d0f
MAT-000174,MATERIAL,"Download (PDF, 1.4MB)","[""Fakultas Ilmu Komputer, Universitas Indonesia""]",IKI81404T : Perancangan Sistem Informasi,Universitas Indonesia,,id,OCW_UI,14,45848,READY_FOR_INDEXING,data\raw\material\IKI81404T_Perancangan_Sistem_Informasi\sesi09.pdf,9a497a47ec70b25cc613c66f080b3de0418a642e7488c7c18c133270dd1d2bbd
MAT-000175,MATERIAL,"Download (PDF, 973KB)","[""Fakultas Ilmu Komputer, Universitas Indonesia""]",IKI81404T : Perancangan Sistem Informasi,Universitas Indonesia,,id,OCW_UI,14,45848,READY_FOR_INDEXING,data\raw\material\IKI81404T_Perancangan_Sistem_Informasi\sesi10.pdf,61472f3202e73635a8a09281fee6309d2dd8f68995b37e08c976ecf5b19cc684
MAT-000176,MATERIAL,00-ddp2-silabus,"[""Fakultas Ilmu Komputer, Universitas Indonesia""]",Dasar-Dasar Pemrograman 2 (Java),Universitas Indonesia,,id,OCW_UI,5,142452,READY_FOR_INDEXING,data\raw\material\Dasar-Dasar_Pemrograman_2_(Java)\00-ddp2-silabus_File.pdf,19ccda7815330a05e41fc14eac06f96fde51548e694cc9c7fd4c03df53480bbc
MAT-000177,MATERIAL,01-ddp2-basics,"[""Fakultas Ilmu Komputer, Universitas Indonesia""]",Dasar-Dasar Pemrograman 2 (Java),Universitas Indonesia,,en,OCW_UI,18,555862,READY_FOR_INDEXING,data\raw\material\Dasar-Dasar_Pemrograman_2_(Java)\01-ddp2-basics_File.pdf,a66c4ae0fa8ebd6d33e0f4748b0a5bcb7bbfded5d6b5348052c8e35892adfb04
MAT-000178,MATERIAL,02-ddp2-conditions-and-loops,"[""Fakultas Ilmu Komputer, Universitas Indonesia""]",Dasar-Dasar Pemrograman 2 (Java),Universitas Indonesia,,en,OCW_UI,19,660134,READY_FOR_INDEXING,data\raw\material\Dasar-Dasar_Pemrograman_2_(Java)\02-ddp2-conditions-and-loops_File.pdf,5325022519d94f51ab329e8b9d99d344bd79eea7f4f90afcc9b41f1f8a36a754
MAT-000179,MATERIAL,03-ddp2-arrays-and-arraylist,"[""Fakultas Ilmu Komputer, Universitas Indonesia""]",Dasar-Dasar Pemrograman 2 (Java),Universitas Indonesia,,en,OCW_UI,93,1188773,READY_FOR_INDEXING,data\raw\material\Dasar-Dasar_Pemrograman_2_(Java)\03-ddp2-arrays-and-arraylist_File.pdf,7ef353597d10c1bb5c80cfadca6676c6cfff4c6bcd9ac3d47b9be4133cbff7c7
MAT-000180,MATERIAL,04-ddp2-generics,"[""Fakultas Ilmu Komputer, Universitas Indonesia""]",Dasar-Dasar Pemrograman 2 (Java),Universitas Indonesia,,en,OCW_UI,19,452175,READY_FOR_INDEXING,data\raw\material\Dasar-Dasar_Pemrograman_2_(Java)\04-ddp2-generics_File.pdf,16616200609e4ae5d16a47b95ccd33b3d886700ad3e937aa0d9c4b67948642cf
MAT-000181,MATERIAL,05-ddp2-recursion,"[""Fakultas Ilmu Komputer, Universitas Indonesia""]",Dasar-Dasar Pemrograman 2 (Java),Universitas Indonesia,,en,OCW_UI,45,1271266,READY_FOR_INDEXING,data\raw\material\Dasar-Dasar_Pemrograman_2_(Java)\05-ddp2-recursion_File.pdf,1ae0fab1fcd29e6877312d0bf6bd37c2b4d51737efa81966305b8d6622533db8
MAT-000182,MATERIAL,06-ddp2-oop,"[""Fakultas Ilmu Komputer, Universitas Indonesia""]",Dasar-Dasar Pemrograman 2 (Java),Universitas Indonesia,,en,OCW_UI,100,4255875,READY_FOR_INDEXING,data\raw\material\Dasar-Dasar_Pemrograman_2_(Java)\06-ddp2-oop_File.pdf,39895f355f1f4dab331f867242ab31cd8c5370c6c6abf211d66efb0e4728af11
MAT-000183,MATERIAL,07-ddp2-oop-inheritance-and-polymorphism,"[""Fakultas Ilmu Komputer, Universitas Indonesia""]",Dasar-Dasar Pemrograman 2 (Java),Universitas Indonesia,,en,OCW_UI,45,1070877,READY_FOR_INDEXING,data\raw\material\Dasar-Dasar_Pemrograman_2_(Java)\07-ddp2-oop-inheritance-and-polymorphism_File.pdf,0c7b31c8fd80baae1d47ccd8ac0bb4f2611c4a250906639f1c70115ef4cbd7a2
MAT-000184,MATERIAL,08-fop2-oop-abstract-classes-and-interface,"[""Fakultas Ilmu Komputer, Universitas Indonesia""]",Dasar-Dasar Pemrograman 2 (Java),Universitas Indonesia,,en,OCW_UI,32,1794172,READY_FOR_INDEXING,data\raw\material\Dasar-Dasar_Pemrograman_2_(Java)\08-fop2-oop-abstract-classes-and-interface_File.pdf,a767e881b9f530d8702daff09c19b6fb90dc36eef2958d9f1fa09ec9de25f4ef
MAT-000185,MATERIAL,09-fop2-exceptions,"[""Fakultas Ilmu Komputer, Universitas Indonesia""]",Dasar-Dasar Pemrograman 2 (Java),Universitas Indonesia,,en,OCW_UI,53,721718,READY_FOR_INDEXING,data\raw\material\Dasar-Dasar_Pemrograman_2_(Java)\09-fop2-exceptions_File.pdf,2638f9d9d5c486d67a8554a43389a081777971734bd3a805dd5845227d96e878
MAT-000186,MATERIAL,10-fop2-text-io,"[""Fakultas Ilmu Komputer, Universitas Indonesia""]",Dasar-Dasar Pemrograman 2 (Java),Universitas Indonesia,,en,OCW_UI,33,598771,READY_FOR_INDEXING,data\raw\material\Dasar-Dasar_Pemrograman_2_(Java)\10-fop2-text-io_File.pdf,34e8047c51cf6ff02770ed5d76e4a4ab9c07f0ef560dc2170be4759bc2efbf91
MAT-000187,MATERIAL,11-fop2-javafx-basics,"[""Fakultas Ilmu Komputer, Universitas Indonesia""]",Dasar-Dasar Pemrograman 2 (Java),Universitas Indonesia,,en,OCW_UI,38,615375,READY_FOR_INDEXING,data\raw\material\Dasar-Dasar_Pemrograman_2_(Java)\11-fop2-javafx-basics_File.pdf,7bd379781968a22fb69f5efa443fe7d34b8044c37a8a133e3fd307445493c5a3
MAT-000188,MATERIAL,12-fop2-javafx-events,"[""Fakultas Ilmu Komputer, Universitas Indonesia""]",Dasar-Dasar Pemrograman 2 (Java),Universitas Indonesia,,en,OCW_UI,23,661497,READY_FOR_INDEXING,data\raw\material\Dasar-Dasar_Pemrograman_2_(Java)\12-fop2-javafx-events_File.pdf,daab99a3aaae9730541d7b0629e3771bf088ee3097021e558df6f585035b5658
MAT-000189,MATERIAL,Lab 01 Selasa,"[""Fakultas Ilmu Komputer, Universitas Indonesia""]",Dasar-Dasar Pemrograman 2 (Java),Universitas Indonesia,,id,OCW_UI,9,156787,READY_FOR_INDEXING,data\raw\material\Dasar-Dasar_Pemrograman_2_(Java)\Lab_01_Selasa_File.pdf,4385f331070360465fae72465f55a6705f826d8178539cd99e9ebfc2e12cfc1d
MAT-000190,MATERIAL,Lab 01 Kamis,"[""Fakultas Ilmu Komputer, Universitas Indonesia""]",Dasar-Dasar Pemrograman 2 (Java),Universitas Indonesia,,id,OCW_UI,9,175233,READY_FOR_INDEXING,data\raw\material\Dasar-Dasar_Pemrograman_2_(Java)\Lab_01_Kamis_File.pdf,4bae72dc461988f65215062cc1648728aa07c453beb32874326836b95322b15e
MAT-000191,MATERIAL,Lab 02 Selasa,"[""Fakultas Ilmu Komputer, Universitas Indonesia""]",Dasar-Dasar Pemrograman 2 (Java),Universitas Indonesia,,id,OCW_UI,9,552328,READY_FOR_INDEXING,data\raw\material\Dasar-Dasar_Pemrograman_2_(Java)\Lab_02_Selasa_File.pdf,fc6989b18f7f39157593479eb44b0d753ff7569670a1e95b3e91b6e5dbb3deb1
MAT-000192,MATERIAL,Lab 02 Kamis,"[""Fakultas Ilmu Komputer, Universitas Indonesia""]",Dasar-Dasar Pemrograman 2 (Java),Universitas Indonesia,,id,OCW_UI,14,514285,READY_FOR_INDEXING,data\raw\material\Dasar-Dasar_Pemrograman_2_(Java)\Lab_02_Kamis_File.pdf,d673c7bac1062fd1af76925d1d7542b52d8766e7c7727242841dd66690c20c39
MAT-000193,MATERIAL,Lab 03 Selasa,"[""Fakultas Ilmu Komputer, Universitas Indonesia""]",Dasar-Dasar Pemrograman 2 (Java),Universitas Indonesia,,id,OCW_UI,6,382211,READY_FOR_INDEXING,data\raw\material\Dasar-Dasar_Pemrograman_2_(Java)\Lab_03_Selasa_File.pdf,9513aded0a79c4ba0383be649951223d8247bc2f7c48bea6760dfb357641b04c
MAT-000194,MATERIAL,Lab 03 Kamis,"[""Fakultas Ilmu Komputer, Universitas Indonesia""]",Dasar-Dasar Pemrograman 2 (Java),Universitas Indonesia,,id,OCW_UI,8,427113,READY_FOR_INDEXING,data\raw\material\Dasar-Dasar_Pemrograman_2_(Java)\Lab_03_Kamis_File.pdf,c80cc01b9d007afe5c53156d5cfe259fcd57d4ff35f8f3870d237f0db30dd795
MAT-000195,MATERIAL,Lab 04 Selasa,"[""Fakultas Ilmu Komputer, Universitas Indonesia""]",Dasar-Dasar Pemrograman 2 (Java),Universitas Indonesia,,id,OCW_UI,6,640891,READY_FOR_INDEXING,data\raw\material\Dasar-Dasar_Pemrograman_2_(Java)\Lab_04_Selasa_File.pdf,97de1a40955c5490e506cfd5cd57f6b0b67250b5e72e1bbc6912237b5f320639
MAT-000196,MATERIAL,Lab 04 Jumat,"[""Fakultas Ilmu Komputer, Universitas Indonesia""]",Dasar-Dasar Pemrograman 2 (Java),Universitas Indonesia,,id,OCW_UI,7,236514,READY_FOR_INDEXING,data\raw\material\Dasar-Dasar_Pemrograman_2_(Java)\Lab_04_Jumat_File.pdf,e3c7466959faa8b04631e502edf979ca6c501f9e8cd94b7128a745f7f4740c04
MAT-000197,MATERIAL,Lab 05 Selasa,"[""Fakultas Ilmu Komputer, Universitas Indonesia""]",Dasar-Dasar Pemrograman 2 (Java),Universitas Indonesia,,id,OCW_UI,9,300094,READY_FOR_INDEXING,data\raw\material\Dasar-Dasar_Pemrograman_2_(Java)\Lab_05_Selasa_File.pdf,5533bdced564635eeefc80900f1a4316c2df1ccb2e0fb4a21f97e5e3fc018f00
MAT-000198,MATERIAL,Lab 05 Kamis,"[""Fakultas Ilmu Komputer, Universitas Indonesia""]",Dasar-Dasar Pemrograman 2 (Java),Universitas Indonesia,,id,OCW_UI,9,270621,READY_FOR_INDEXING,data\raw\material\Dasar-Dasar_Pemrograman_2_(Java)\Lab_05_Kamis_File.pdf,cd1b84dcc304ed532bec88a5eb963eb89b66f231019cd02a3a137537bcd8323b
MAT-000199,MATERIAL,Lab 06 Selasa,"[""Fakultas Ilmu Komputer, Universitas Indonesia""]",Dasar-Dasar Pemrograman 2 (Java),Universitas Indonesia,,id,OCW_UI,10,424008,READY_FOR_INDEXING,data\raw\material\Dasar-Dasar_Pemrograman_2_(Java)\Lab_06_Selasa_File.pdf,ec06bbdfccb5466d4d2416e6de51ce39dd4ee038095fb655c2ebc7ed9b843fa4
MAT-000200,MATERIAL,Lab 06 Kamis,"[""Fakultas Ilmu Komputer, Universitas Indonesia""]",Dasar-Dasar Pemrograman 2 (Java),Universitas Indonesia,,id,OCW_UI,6,307554,READY_FOR_INDEXING,data\raw\material\Dasar-Dasar_Pemrograman_2_(Java)\Lab_06_Kamis_File.pdf,30dc9f43a46c820f00d593b8e9d852b1809c66147ec37758a1593fb96a0de066
MAT-000201,MATERIAL,Lab 07 Selasa,"[""Fakultas Ilmu Komputer, Universitas Indonesia""]",Dasar-Dasar Pemrograman 2 (Java),Universitas Indonesia,,id,OCW_UI,13,643073,READY_FOR_INDEXING,data\raw\material\Dasar-Dasar_Pemrograman_2_(Java)\Lab_07_Selasa_File.pdf,87b127bc31f4fd848f4d97c9c59636201ceef4f6fe4c1e921f930a509682a113
MAT-000202,MATERIAL,Lab 07 Kamis,"[""Fakultas Ilmu Komputer, Universitas Indonesia""]",Dasar-Dasar Pemrograman 2 (Java),Universitas Indonesia,,id,OCW_UI,12,652629,READY_FOR_INDEXING,data\raw\material\Dasar-Dasar_Pemrograman_2_(Java)\Lab_07_Kamis_File.pdf,df13650cfb7d69f3f0147c5b0088f58c1575e785a8c281bc4a56fe1b3d948c2d
MAT-000203,MATERIAL,Lab 08 Selasa,"[""Fakultas Ilmu Komputer, Universitas Indonesia""]",Dasar-Dasar Pemrograman 2 (Java),Universitas Indonesia,,id,OCW_UI,7,261557,READY_FOR_INDEXING,data\raw\material\Dasar-Dasar_Pemrograman_2_(Java)\Lab_08_Selasa_File.pdf,d8a35f8eb2e5cdddc6dd7d2cdc045af85bb683a47249673bfa2c52a92694a8b1
MAT-000204,MATERIAL,Lab 08 Kamis,"[""Fakultas Ilmu Komputer, Universitas Indonesia""]",Dasar-Dasar Pemrograman 2 (Java),Universitas Indonesia,,id,OCW_UI,8,310577,READY_FOR_INDEXING,data\raw\material\Dasar-Dasar_Pemrograman_2_(Java)\Lab_08_Kamis_File.pdf,545b73314bb8227eb1b70a7a2458ca92bed2be9b52b1b66f56866763254267e0
MAT-000205,MATERIAL,Lab 09 Selasa,"[""Fakultas Ilmu Komputer, Universitas Indonesia""]",Dasar-Dasar Pemrograman 2 (Java),Universitas Indonesia,,id,OCW_UI,7,298098,READY_FOR_INDEXING,data\raw\material\Dasar-Dasar_Pemrograman_2_(Java)\Lab_09_Selasa_File.pdf,91c1ec8a327a920b0ad1867c62bda186de74e5b4b09e2fb2035cb743e8914b9a
MAT-000206,MATERIAL,Lab 09 Kamis,"[""Fakultas Ilmu Komputer, Universitas Indonesia""]",Dasar-Dasar Pemrograman 2 (Java),Universitas Indonesia,,id,OCW_UI,7,336658,READY_FOR_INDEXING,data\raw\material\Dasar-Dasar_Pemrograman_2_(Java)\Lab_09_Kamis_File.pdf,4a25eb91efdb4c5d2bf9ea5eaa7182e3e7a57d4ff4eab34e559d61590fa190a3
MAT-000207,MATERIAL,Lab 10 Selasa,"[""Fakultas Ilmu Komputer, Universitas Indonesia""]",Dasar-Dasar Pemrograman 2 (Java),Universitas Indonesia,,id,OCW_UI,11,1000989,READY_FOR_INDEXING,data\raw\material\Dasar-Dasar_Pemrograman_2_(Java)\Lab_10_Selasa_File.pdf,ea4b6367cf19589bece3e2ce97987ead39c1285a26928fa7268951ac3a9f72aa
MAT-000208,MATERIAL,Lab 10 Kamis,"[""Fakultas Ilmu Komputer, Universitas Indonesia""]",Dasar-Dasar Pemrograman 2 (Java),Universitas Indonesia,,id,OCW_UI,11,951946,READY_FOR_INDEXING,data\raw\material\Dasar-Dasar_Pemrograman_2_(Java)\Lab_10_Kamis_File.pdf,57fecd48d70d32cc7547cec1ada4b52bf425c56473568d8c1a5e2adc26015881
MAT-000209,MATERIAL,TP-01,"[""Fakultas Ilmu Komputer, Universitas Indonesia""]",Dasar-Dasar Pemrograman 2 (Java),Universitas Indonesia,,id,OCW_UI,3,884224,READY_FOR_INDEXING,data\raw\material\Dasar-Dasar_Pemrograman_2_(Java)\TP-01_File.pdf,eadce9dc8fb90b50e8663c77d16a8085c936d2a4a22cc2c765c00b66d44bf525
MAT-000210,MATERIAL,TP-02,"[""Fakultas Ilmu Komputer, Universitas Indonesia""]",Dasar-Dasar Pemrograman 2 (Java),Universitas Indonesia,,id,OCW_UI,4,199496,READY_FOR_INDEXING,data\raw\material\Dasar-Dasar_Pemrograman_2_(Java)\TP-02_File.pdf,30fd21221a33e6bd6acad2ee1632d056b3f2d5885cd6e0b0475769969a69a371
MAT-000211,MATERIAL,TP-03,"[""Fakultas Ilmu Komputer, Universitas Indonesia""]",Dasar-Dasar Pemrograman 2 (Java),Universitas Indonesia,,id,OCW_UI,3,58762,READY_FOR_INDEXING,data\raw\material\Dasar-Dasar_Pemrograman_2_(Java)\TP-03_File.pdf,b2b8400cdfe6fe6b4d5ee96f6984fa29b306eb61c125f4317026ff414d3cc11c
MAT-000212,MATERIAL,TP-04,"[""Fakultas Ilmu Komputer, Universitas Indonesia""]",Dasar-Dasar Pemrograman 2 (Java),Universitas Indonesia,,id,OCW_UI,7,518810,READY_FOR_INDEXING,data\raw\material\Dasar-Dasar_Pemrograman_2_(Java)\TP-04_File.pdf,5188505bd4d9c04b979ff736125a2d6f726e324178400a1da80703f80196c374
MAT-000213,MATERIAL,Think Java 2ed - How to Think Like a Computer Scientist - Allen B Downey and Chris Mayfield v7.1.0,"[""Fakultas Ilmu Komputer, Universitas Indonesia""]",Dasar-Dasar Pemrograman 2 (Java),Universitas Indonesia,,en,OCW_UI,374,2002627,READY_FOR_INDEXING,data\raw\material\Dasar-Dasar_Pemrograman_2_(Java)\Think_Java_2ed_-_How_to_Think_Like_a_Computer_Scientist_-_Allen_B_Downey_and_Chr.pdf,5120206f45b5a3e1eb149e22079d9423b5aecbb0adddea9a69e4c79535e3c75f
MAT-000214,MATERIAL,Introduction to Programming Using Java v8.1.2 - David J Eck,"[""Fakultas Ilmu Komputer, Universitas Indonesia""]",Dasar-Dasar Pemrograman 2 (Java),Universitas Indonesia,,en,OCW_UI,759,6960482,READY_FOR_INDEXING,data\raw\material\Dasar-Dasar_Pemrograman_2_(Java)\Introduction_to_Programming_Using_Java_v8.1.2_-_David_J_Eck_File.pdf,aecdc95e1d2a526184ff825e36bc00202b73f0bd9c941e305fc3956e23cb35c1
MAT-000215,MATERIAL,The Java Language Specification - Java SE 15 - James Gosling et al,"[""Fakultas Ilmu Komputer, Universitas Indonesia""]",Dasar-Dasar Pemrograman 2 (Java),Universitas Indonesia,,en,OCW_UI,806,4788207,READY_FOR_INDEXING,data\raw\material\Dasar-Dasar_Pemrograman_2_(Java)\The_Java_Language_Specification_-_Java_SE_15_-_James_Gosling_et_al_File.pdf,25070016b986b711eedb6eb00566ea5a5f0b8a1c4f968d2902a80b34be592356
MAT-000216,MATERIAL,Java Notes for Professionals - GoalKicker.com,"[""Fakultas Ilmu Komputer, Universitas Indonesia""]",Dasar-Dasar Pemrograman 2 (Java),Universitas Indonesia,,en,OCW_UI,982,6948215,READY_FOR_INDEXING,data\raw\material\Dasar-Dasar_Pemrograman_2_(Java)\Java_Notes_for_Professionals_-_GoalKicker.com_File.pdf,7c7df206168080948bfd9a7dbb9d0808b49645d3bd11264323dc352d2b0b2e2e
MAT-000217,MATERIAL,Poster Project Description,"[""Fakultas Ilmu Komputer, Universitas Indonesia""]",Dasar-Dasar Pemrograman 2 (Java),Universitas Indonesia,,en,OCW_UI,6,962705,READY_FOR_INDEXING,data\raw\material\Dasar-Dasar_Pemrograman_2_(Java)\Poster_Project_Description_File.pdf,405dd11829a46bb1e06365bbe1d55f9480a688404ba09332ff7125313ab618c4
MAT-000218,MATERIAL,Sample Midterm Exam 01,"[""Fakultas Ilmu Komputer, Universitas Indonesia""]",Dasar-Dasar Pemrograman 2 (Java),Universitas Indonesia,,id,OCW_UI,19,929262,READY_FOR_INDEXING,data\raw\material\Dasar-Dasar_Pemrograman_2_(Java)\Sample_Midterm_Exam_01_File.pdf,617cd73e2e054287f0101cd090e8893d350540887d674a99d1f2b783dc096902
MAT-000219,MATERIAL,Sample Midterm Exam 02,"[""Fakultas Ilmu Komputer, Universitas Indonesia""]",Dasar-Dasar Pemrograman 2 (Java),Universitas Indonesia,,id,OCW_UI,22,228662,READY_FOR_INDEXING,data\raw\material\Dasar-Dasar_Pemrograman_2_(Java)\Sample_Midterm_Exam_02_File.pdf,749773f6ae72c4443470e44bee02ee648a62d7eb3eede6fc0b366fec603c28ba
MAT-000220,MATERIAL,01-latihan,"[""Fakultas Ilmu Komputer, Universitas Indonesia""]",Dasar-Dasar Pemrograman 2 (Java),Universitas Indonesia,,id,OCW_UI,2,63194,READY_FOR_INDEXING,data\raw\material\Dasar-Dasar_Pemrograman_2_(Java)\01-latihan_File.pdf,c802423b35b20cb8728ec8ba9ad2c185264f5feb926ae77e23920f0b19e1ff92
MAT-000221,MATERIAL,02-tryout-uts-2022.03.23,"[""Fakultas Ilmu Komputer, Universitas Indonesia""]",Dasar-Dasar Pemrograman 2 (Java),Universitas Indonesia,,id,OCW_UI,9,221466,READY_FOR_INDEXING,data\raw\material\Dasar-Dasar_Pemrograman_2_(Java)\02-tryout-uts-2022.03.23_File.pdf,201ebae9934869da0562001a16457ea0987dce046aac861339d2d0d5403453c5
MAT-000222,MATERIAL,BRP DDAK 2020,"[""Fakultas Ilmu Komputer, Universitas Indonesia""]",Dasar-Dasar Arsitektur Komputer,Universitas Indonesia,,id,OCW_UI,16,481811,READY_FOR_INDEXING,data\raw\material\Dasar-Dasar_Arsitektur_Komputer\BRP_DDAK_2020_File.pdf,aeb68178c16077084bace311afa8d81b6d8925280508f85989a7328533f5e0b4
MAT-000223,MATERIAL,2.InformationRepresentations,"[""Fakultas Ilmu Komputer, Universitas Indonesia""]",Dasar-Dasar Arsitektur Komputer,Universitas Indonesia,,en,OCW_UI,57,11886932,READY_FOR_INDEXING,data\raw\material\Dasar-Dasar_Arsitektur_Komputer\2.InformationRepresentations_File.pdf,9f4f3f08757d4af50df15aa4bd788e6fac7195ef5efa40c51f9a7d7b505bef3c
MAT-000224,MATERIAL,3.BooleanAlgebra,"[""Fakultas Ilmu Komputer, Universitas Indonesia""]",Dasar-Dasar Arsitektur Komputer,Universitas Indonesia,,en,OCW_UI,26,2164805,READY_FOR_INDEXING,data\raw\material\Dasar-Dasar_Arsitektur_Komputer\3.BooleanAlgebra_File.pdf,c9a897c97f1db332af7852e687d2f3f81172e0919288d67d9612066a79948e52
MAT-000225,MATERIAL,4.StandardAndCanonicalForms,"[""Fakultas Ilmu Komputer, Universitas Indonesia""]",Dasar-Dasar Arsitektur Komputer,Universitas Indonesia,,en,OCW_UI,33,3354018,READY_FOR_INDEXING,data\raw\material\Dasar-Dasar_Arsitektur_Komputer\4.StandardAndCanonicalForms_File.pdf,8376a3fc118d4f1186558296ffa984fa3e1b823056191d5ed9223d339baf055f
MAT-000226,MATERIAL,5.KarnoughMaps,"[""Fakultas Ilmu Komputer, Universitas Indonesia""]",Dasar-Dasar Arsitektur Komputer,Universitas Indonesia,,en,OCW_UI,59,5167861,READY_FOR_INDEXING,data\raw\material\Dasar-Dasar_Arsitektur_Komputer\5.KarnoughMaps_File.pdf,46c96dab77a7c332126e94fd80ae9330834abdf7f92a21b977c998f694eace30
MAT-000227,MATERIAL,6.LogicGatesAndCircuits,"[""Fakultas Ilmu Komputer, Universitas Indonesia""]",Dasar-Dasar Arsitektur Komputer,Universitas Indonesia,,en,OCW_UI,31,2794462,READY_FOR_INDEXING,data\raw\material\Dasar-Dasar_Arsitektur_Komputer\6.LogicGatesAndCircuits_File.pdf,e6d4fd440de106db9be07d3f05f71ebe9a7f52ff2a8c24d2cdca54a92fe3ed24
MAT-000228,MATERIAL,7.CombinationalCircuits,"[""Fakultas Ilmu Komputer, Universitas Indonesia""]",Dasar-Dasar Arsitektur Komputer,Universitas Indonesia,,en,OCW_UI,37,4327623,READY_FOR_INDEXING,data\raw\material\Dasar-Dasar_Arsitektur_Komputer\7.CombinationalCircuits_File.pdf,4cf0d8ccb5d8a68258d5223ecb712667f6954239300c784ab414f09fc7291430
MAT-000229,MATERIAL,8.CombinationalCircuitsMSI,"[""Fakultas Ilmu Komputer, Universitas Indonesia""]",Dasar-Dasar Arsitektur Komputer,Universitas Indonesia,,en,OCW_UI,42,3747090,READY_FOR_INDEXING,data\raw\material\Dasar-Dasar_Arsitektur_Komputer\8.CombinationalCircuitsMSI_File.pdf,67e8df18b005bcef3fe732e207ee1e9ca4f2b0ba50fae98f68341c85b1184137
MAT-000230,MATERIAL,9.SequentialLogic,"[""Fakultas Ilmu Komputer, Universitas Indonesia""]",Dasar-Dasar Arsitektur Komputer,Universitas Indonesia,,en,OCW_UI,62,5507843,READY_FOR_INDEXING,data\raw\material\Dasar-Dasar_Arsitektur_Komputer\9.SequentialLogic_File.pdf,d03cf92e852d243c7f7d016d01926b163e018b0bf74ee0035c965faef2777aac
MAT-000231,MATERIAL,10.Registers,"[""Fakultas Ilmu Komputer, Universitas Indonesia""]",Dasar-Dasar Arsitektur Komputer,Universitas Indonesia,,en,OCW_UI,18,1435625,READY_FOR_INDEXING,data\raw\material\Dasar-Dasar_Arsitektur_Komputer\10.Registers_File.pdf,53f0b962a0edbcb171c4cea0f6c3d61915f94648edca3030b0eb8dd5c7088cd0
MAT-000232,MATERIAL,12.Performance,"[""Fakultas Ilmu Komputer, Universitas Indonesia""]",Dasar-Dasar Arsitektur Komputer,Universitas Indonesia,,en,OCW_UI,37,3339930,READY_FOR_INDEXING,data\raw\material\Dasar-Dasar_Arsitektur_Komputer\12.Performance_File.pdf,f0639bd35b47c8b50f89631721965ad5f13503448bc298741b3dd079385c49cf
MAT-000233,MATERIAL,Datapath,"[""Fakultas Ilmu Komputer, Universitas Indonesia""]",Dasar-Dasar Arsitektur Komputer,Universitas Indonesia,,en,OCW_UI,33,3234694,READY_FOR_INDEXING,data\raw\material\Dasar-Dasar_Arsitektur_Komputer\Datapath.pdf,103e3d3fea46f0137117426b13d7f7fcab4c485b3a9694a714f817d24e1fa928
MAT-000234,MATERIAL,Introduction to AVR,"[""Fakultas Ilmu Komputer, Universitas Indonesia""]",Dasar-Dasar Arsitektur Komputer,Universitas Indonesia,,id,OCW_UI,26,874788,READY_FOR_INDEXING,data\raw\material\Dasar-Dasar_Arsitektur_Komputer\Introduction_to_AVR_File.pdf,d4f8e7eba779cfd44fc3f3d01197c8524e7d0b93d595950cbbcc836cbfaf569c
MAT-000235,MATERIAL,AVR Instruction,"[""Fakultas Ilmu Komputer, Universitas Indonesia""]",Dasar-Dasar Arsitektur Komputer,Universitas Indonesia,,en,OCW_UI,150,703303,READY_FOR_INDEXING,data\raw\material\Dasar-Dasar_Arsitektur_Komputer\AVR_Instruction_File.pdf,b1e47769b3ed075782e5336349c8d32837d696f32bcdf29bb004ad3dc5d9bae8
MAT-000236,MATERIAL,ATMega8515 Datasheet,"[""Fakultas Ilmu Komputer, Universitas Indonesia""]",Dasar-Dasar Arsitektur Komputer,Universitas Indonesia,,en,OCW_UI,254,2105701,READY_FOR_INDEXING,data\raw\material\Dasar-Dasar_Arsitektur_Komputer\ATMega8515_Datasheet_File.pdf,de6d8b560a5142519b5b87bf0d2972a771b53354ff9c59f549faf2d607499119
MAT-000237,MATERIAL,AVR Assembler,"[""Fakultas Ilmu Komputer, Universitas Indonesia""]",Dasar-Dasar Arsitektur Komputer,Universitas Indonesia,,en,OCW_UI,26,501098,READY_FOR_INDEXING,data\raw\material\Dasar-Dasar_Arsitektur_Komputer\AVR_Assembler_File.pdf,daa212dd7da186d4967569cff999995cc9e4f5ff3c145a61e1fa947677229545
MAT-000238,MATERIAL,AVR Stack and Subroutine,"[""Fakultas Ilmu Komputer, Universitas Indonesia""]",Dasar-Dasar Arsitektur Komputer,Universitas Indonesia,,id,OCW_UI,15,819021,READY_FOR_INDEXING,data\raw\material\Dasar-Dasar_Arsitektur_Komputer\AVR_Stack_and_Subroutine_File.pdf,6d35e8ef2535feb52596b5275f55c3668a23285b881b46d4371af99e4748a1fd
MAT-000239,MATERIAL,AVR Memory,"[""Fakultas Ilmu Komputer, Universitas Indonesia""]",Dasar-Dasar Arsitektur Komputer,Universitas Indonesia,,id,OCW_UI,20,1042857,READY_FOR_INDEXING,data\raw\material\Dasar-Dasar_Arsitektur_Komputer\AVR_Memory_File.pdf,88ae39200df215d538869bf62bcac95f3db87d72635d7d5aacdc78ed047fe626
MAT-000240,MATERIAL,AVR - I/O,"[""Fakultas Ilmu Komputer, Universitas Indonesia""]",Dasar-Dasar Arsitektur Komputer,Universitas Indonesia,,id,OCW_UI,10,613440,READY_FOR_INDEXING,data\raw\material\Dasar-Dasar_Arsitektur_Komputer\AVR_-_I_O_File.pdf,1cb33f62e3027c939957c76b42d4ecfc7a0cd3b2f521c1c7f86d4b15e4c40b74
MAT-000241,MATERIAL,AVR Interrupt,"[""Fakultas Ilmu Komputer, Universitas Indonesia""]",Dasar-Dasar Arsitektur Komputer,Universitas Indonesia,,id,OCW_UI,22,1189550,READY_FOR_INDEXING,data\raw\material\Dasar-Dasar_Arsitektur_Komputer\AVR_Interrupt_File.pdf,3e371e8f01b7f17c866a0be67ab5ee30facf2a0631f965ac4801480f6c7d06ea
MAT-000242,MATERIAL,AVR Timer Slide,"[""Fakultas Ilmu Komputer, Universitas Indonesia""]",Dasar-Dasar Arsitektur Komputer,Universitas Indonesia,,id,OCW_UI,19,1055235,READY_FOR_INDEXING,data\raw\material\Dasar-Dasar_Arsitektur_Komputer\AVR_Timer_Slide_File.pdf,c9b4e53adcb114ae8354c2cc4d65d84c50bbfde1cdd2276a97613a52c1b2dc3b
MAT-000243,MATERIAL,Latihan-AVR-Memory,"[""Fakultas Ilmu Komputer, Universitas Indonesia""]",Dasar-Dasar Arsitektur Komputer,Universitas Indonesia,,id,OCW_UI,2,688764,READY_FOR_INDEXING,data\raw\material\Dasar-Dasar_Arsitektur_Komputer\Latihan-AVR-Memory_File.pdf,5c7e9834860152825db8bb0b01bdcffb5a843de9feee1d6da4cbae2150de3a77
MAT-000244,MATERIAL,Latihan-AVR-Short-Essay,"[""Fakultas Ilmu Komputer, Universitas Indonesia""]",Dasar-Dasar Arsitektur Komputer,Universitas Indonesia,,id,OCW_UI,1,443519,READY_FOR_INDEXING,data\raw\material\Dasar-Dasar_Arsitektur_Komputer\Latihan-AVR-Short-Essay_File.pdf,61e804e22e10b9204a3ca3fff7635f320b1e481a93d228558a11ca190793943b
MAT-000245,MATERIAL,Latihan-AVR-Multiple-Choice,"[""Fakultas Ilmu Komputer, Universitas Indonesia""]",Dasar-Dasar Arsitektur Komputer,Universitas Indonesia,,id,OCW_UI,5,546418,READY_FOR_INDEXING,data\raw\material\Dasar-Dasar_Arsitektur_Komputer\Latihan-AVR-Multiple-Choice_File.pdf,06a77f6ac65d53c87e3652427f39c1df784be0cd5e57404d9c1f3501b52bb579
MAT-000246,MATERIAL,Latihan-AVR-IO,"[""Fakultas Ilmu Komputer, Universitas Indonesia""]",Dasar-Dasar Arsitektur Komputer,Universitas Indonesia,,id,OCW_UI,2,342871,READY_FOR_INDEXING,data\raw\material\Dasar-Dasar_Arsitektur_Komputer\Latihan-AVR-IO_File.pdf,ce66580142a190512551c08d9ef78f7d1e790a900a687c9373653c88d298d99e
MAT-000247,MATERIAL,Latihan-AVR-IO-Interrupt-Timer,"[""Fakultas Ilmu Komputer, Universitas Indonesia""]",Dasar-Dasar Arsitektur Komputer,Universitas Indonesia,,id,OCW_UI,3,380164,READY_FOR_INDEXING,data\raw\material\Dasar-Dasar_Arsitektur_Komputer\Latihan-AVR-IO-Interrupt-Timer_File.pdf,759da048ea9f3b1590716a49371a86b26c24f17edb42c0c82e521a377974a4b7
MAT-000248,MATERIAL,Latihan-Datapath1,"[""Fakultas Ilmu Komputer, Universitas Indonesia""]",Dasar-Dasar Arsitektur Komputer,Universitas Indonesia,,en,OCW_UI,1,247329,READY_FOR_INDEXING,data\raw\material\Dasar-Dasar_Arsitektur_Komputer\Latihan-Datapath1_File.pdf,a6b589f63c3815a7bee53aadd8c1954101d968adf775b73b5249ef1e1b5dc861
RES-000001,RESEARCH,Toward a Unified Retrieval Outcome Analysis Framework for Cross-Language Information Retrieval,"[""Chen, Jiangping"", ""Jiangping Chen""]",,,2005,en,CORE,23,469335,READY_FOR_INDEXING,data\raw\research\core_5112127_Toward a Unified Retrieval Out.pdf,9a07e80e4b69fbabf452cec6d41dcdbcb9dcd34778a3fbc8f954374c5a0099a9
RES-000002,RESEARCH,The quantum probability ranking principle for information retrieval,"[""Van Rijsbergen, C."", ""Azzopardi, L."", ""Guido Zuccon"", ""Zuccon, G."", ""Keith van Rijsbergen"", ""Zuccon, Guido"", ""Leif A. Azzopardi"", ""Azzopardi, Leif A."", ""van Rijsbergen, Keith""]",,,2009,en,CORE,9,242251,READY_FOR_INDEXING,data\raw\research\core_261960_The quantum probability rankin.pdf,97e7ca8abf8c93caa758d73ab4f640b82cd84c4b452b1e94350df3b04b53d6f2
RES-000003,RESEARCH,"Ten years of MIREX: reflections, challenges and opportunities","[""Lee, Jin Ha"", ""Downie, JS"", ""Cunningham, SJ"", ""Downie, J. Stephen"", ""Lee, JH"", ""Hao, Y"", ""Cunningham, Sally Jo"", ""Hu, X"", ""Choi, Kahyun"", ""Hao, Yun"", ""Choi, K"", ""Hu, Xiao""]",,,2014,en,CORE,6,746838,READY_FOR_INDEXING,data\raw\research\core_15109991_Ten years of MIREX reflection.pdf,2619afd5e8f4dce184d96408febe8c5285c04424a78d720cac1a01d831ceae43
RES-000004,RESEARCH,Evaluating personal information retrieval,"[""Paul Bunbury"", ""Bunbury, Paul"", ""Kelly, Liadh"", ""Gareth J. F. Jones"", ""Liadh Kelly"", ""Jones, Gareth J.F.""]",,,2012,en,CORE,4,304950,READY_FOR_INDEXING,data\raw\research\core_23091178_Evaluating personal informatio.pdf,1a27fd9f8f7af389077a3f19712f39bba6bfda3aa44d814b65c2d9ce5dd40434
RES-000005,RESEARCH,A Survey of Neural Information Retrieval,"[""Bhaskar Mitra"", ""Nick Craswell""]",,Academic Publisher,2018,en,arXiv cs.IR,52,2484264,READY_FOR_INDEXING,data\raw\research\research_A_Survey_of_Neural_Information_Retr.pdf,904a1411b0b0aeaece14e0d7f59beae06eb207e86e7b8b5a2961cd51f2b1daf7
RES-000006,RESEARCH,Sentence-BERT: Sentence Embeddings using Siamese BERT-Networks,"[""Nils Reimers"", ""Iryna Gurevych""]",,Academic Publisher,2019,en,arXiv cs.CL,5,111234,READY_FOR_INDEXING,data\raw\research\research_Sentence-BERT__Sentence_Embeddings.pdf,995287959c9a84fc18c5b6b4211021a624df838129ff4e5d30d437f7b39aeceb
RES-000007,RESEARCH,"Information Retrieval: Evaluation, Metrics and Benchmarks","[""K. Sparck Jones"", ""Cornelis J. van Rijsbergen""]",,Academic Publisher,2016,en,arXiv cs.IR,10,2767669,READY_FOR_INDEXING,data\raw\research\research_Information_Retrieval__Evaluation.pdf,ef59863c8e36d4b64c43ced6b399a95412b4f232ff1ce83e84cf10b8a786b6a8
RES-000008,RESEARCH,Pretrained Transformers for Text Retrieval: A Comprehensive Survey,"[""Jimmy Lin"", ""Rodrigo Nogueira"", ""Andrew Yates""]",,Academic Publisher,2020,en,arXiv cs.IR,204,4517250,READY_FOR_INDEXING,data\raw\research\research_Pretrained_Transformers_for_Text_Re.pdf,45517e237075f18dae9e4c7238cec9377e10d92142483f95bde5dd33eb268c4b
RES-000009,RESEARCH,Cross-Lingual Information Retrieval with Multilingual Language Models,"[""Shuo Sun"", ""Duhita Loker""]",,Academic Publisher,2021,en,arXiv cs.IR,24,2094824,READY_FOR_INDEXING,data\raw\research\research_Cross-Lingual_Information_Retrieval.pdf,1925755aeb627123d1a63c66f02e5aa2432f7e92751a02bea7c8c3b6bbb6ec33
RES-000010,RESEARCH,Text Mining and Natural Language Processing for Academic Documents,"[""H. Chen"", ""W. Zhang"", ""M. Lee""]",,Academic Publisher,2020,en,arXiv cs.CL,37,333179,READY_FOR_INDEXING,data\raw\research\research_Text_Mining_and_Natural_Language_Pr.pdf,dfb5700a061c24aa09d20408c2250868026e81591f850cbdb9ca5cc4979b1680
THS-000001,THESIS,Dense Representation Learning for Information Retrieval (PhD Dissertation),"[""Lee Xiong""]",,Carnegie Mellon University,2021,en,Institutional Repository,5,658461,READY_FOR_INDEXING,data\raw\thesis\thesis_Dense_Representation_Learning_for_I.pdf,e791451960e47e69b0241d7656c6c61ce40b7c3beff92c944e163e5c3bc54c1a
THS-000002,THESIS,Semantic Search and Document Similarity in Vector Space Models (Master Thesis),"[""Alexander Bondarenko""]",,Martin-Luther-University Halle-Wittenberg,2019,en,Institutional Repository,17,1009721,READY_FOR_INDEXING,data\raw\thesis\thesis_Semantic_Search_and_Document_Simila.pdf,7e9769f1fabf891c2b9b7d1615bbdfd3d74ec06c085c4fdd91e4936463ae68fd
THS-000003,THESIS,Neural Re-ranking and Vector Space Search for Cross-Lingual Documents (Master Thesis),"[""David Varga""]",,Budapest University of Technology and Economics,2020,en,Institutional Repository,14,1272614,READY_FOR_INDEXING,data\raw\thesis\thesis_Neural_Re-ranking_and_Vector_Space.pdf,c50cab093dae8deed710fba12b20f35ba6248ea6802c748b1628fa1342d87f9b
THS-000004,THESIS,Evaluasi Temu Kembali Informasi dan Pengukuran Kemiripan Dokumen Proposal (Skripsi),"[""Ahmad Fauzi"", ""Budi Santoso""]",,Universitas Indonesia,2023,en,Institutional Repository,17,2966916,READY_FOR_INDEXING,data\raw\thesis\thesis_Evaluasi_Temu_Kembali_Informasi_dan.pdf,5cc98e3e4da0d3c02ed22883099aae5ad4f389e1021ffb234a6529ae18e37e00
THS-000005,THESIS,Sistem Temu Kembali Informasi Teks Bahasa Indonesia Berbasis Vector Space Model (Tesis),"[""Rian Pratama"", ""Siti Nurhaliza""]",,Institut Teknologi Bandung,2022,en,Institutional Repository,61,632267,READY_FOR_INDEXING,data\raw\thesis\thesis_Sistem_Temu_Kembali_Informasi_Teks.pdf,21e15a312d04ccf3de2aa00df95bcd652fc03e7331537378cf6393f0942b2560
RES-000011,RESEARCH,"Validation of OMI, GOME-2A and GOME-2B tropospheric NO<sub>2</sub>, SO<sub>2</sub> and HCHO products using MAX-DOAS observations from 2011 to 2014 in Wuxi, China: investigation of the effects of priori profiles and aerosols on the satellite products","[""Y. Wang"", ""S. Beirle"", ""J. Lampel"", ""M. Koukouli"", ""I. De Smedt"", ""N. Theys"", ""A. Li"", ""D. Wu"", ""P. Xie"", ""C. Liu"", ""M. Van Roozendael"", ""T. Stavrakou"", ""J.-F. M\u00fcller"", ""T. Wagner""]",,Atmospheric Chemistry and Physics,2017,en,DOAJ,27,10718869,READY_FOR_INDEXING,data\raw\research\doaj_00157a56413242c9a35ff4ef832e621f_Validation_of_OMI__GOME-2A_and.pdf,09c138cd1acea2cc959f06862a158e9cedeeef3a5049fe3d1267d12767b1fe19
RES-000012,RESEARCH,DE L’INTERVENTION DES ACTEURS NON ÉTATIQUES POUR LA SCOLARISATION DES ÉLÈVES DÉPLACÉS INTERNES (EDI) ,"[""Issiaka OUEDRAOGO, Goama NAKOULMA & Sylvie KOROGO ""]",,Ziglôbitha,2024,fr,DOAJ,18,340943,READY_FOR_INDEXING,data\raw\research\doaj_00072c91f79249a5a7bf4816f833a085_DE_L_INTERVENTION_DES_ACTEURS_.pdf,050b8d5acd1a474a14eb1e740969aed181dc1b96fb403c8564edb2c47c5f3a1c
THS-000006,THESIS,"Economics Of Regulatory Compliance In The Fisheries Of Indonesia, Malaysia And The Philippines","[""Susilowati, Indah""]",,Universitas Diponegoro,1998,id,Universitas Diponegoro,2,56611,READY_FOR_INDEXING,data\raw\thesis\thesis_Economics_Of_Regulatory_Compli.pdf,462309ff8a787cc50496e600515028ce1038db370d1f9e496e748e07a928fe4a
THS-000007,THESIS,Re-Embracing Community Policing : A Discovery Of Democratic Style  Of Law Enforcement,"[""Indarti, Erlyn""]",,Universitas Diponegoro,1998,id,Universitas Diponegoro,2,53057,READY_FOR_INDEXING,data\raw\thesis\thesis_Re-Embracing_Community_Policin.pdf,b1e58c38cd8e1d76ab8a6ceb9cd04c18aeb0182a83f2a07cf3ab93cf4e3ccf1f
THS-000008,THESIS,Pengaruh Superovulasi Dan Perbedaan Kualitas Pakan Terhadap Pertumbuhan Ambing Dalam Upaya Meningkatkan Produksi Susu Dan Daya Tahan Hidup Anak Domba,"[""Sudjatmogo, S""]",,Universitas Diponegoro,1998,id,Universitas Diponegoro,2,52789,READY_FOR_INDEXING,data\raw\thesis\thesis_Pengaruh_Superovulasi_Dan_Perb.pdf,b4dcb01fe68f669e04ff595f40f52db6029fba7b34ef5cdfcf39ef09c6c0360d
RES-000013,RESEARCH,Language Models that Play Chess and Explain Their Moves,"[""Adithya Bhaskar"", ""Jeffrey Cheng"", ""Danqi Chen""]",,Cornell University / arXiv,2026,en,arXiv cs.CL,29,2525650,READY_FOR_INDEXING,data\raw\research\arxiv_Language_Models_that_Play_Ches.pdf,fe89f7c225e89d6d98f0d9b73f32faeee0b67c246b7e75a921ebf84ed54bd900
RES-000014,RESEARCH,FrugalEvo: Towards Cost-Aware LLM-Guided Program Evolution,"[""Hui Chen"", ""Xuan Qi"", ""James Xu Zhao"", ""Zhaopeng Feng"", ""Shilong Liu"", ""Kuang Xu"", ""Pang Wei Koh"", ""Bryan Hooi""]",,Cornell University / arXiv,2026,en,arXiv cs.NE,17,1187947,READY_FOR_INDEXING,data\raw\research\arxiv_FrugalEvo__Towards_Cost-Aware.pdf,8e695810c89d51dbd98975a4c42bc49330cb6d15bd38a1ecbb123ee8ac46f079
RES-000015,RESEARCH,Pivot-SD: Efficient Self-Distillation for Masked Diffusion Language Models,"[""Seo Hyun Kim"", ""Sunwoo Hong"", ""Younwoo Choi"", ""Chen-Hao Chao"", ""Se-Young Yun"", ""Rahul G. Krishnan""]",,Cornell University / arXiv,2026,en,arXiv cs.LG,16,607541,READY_FOR_INDEXING,data\raw\research\arxiv_Pivot-SD__Efficient_Self-Disti.pdf,c2da3d9d59be97175539f9eb97356ae8341339d8956c964def0843ed2ca3f21b
RES-000016,RESEARCH,MRVQ: One Resident Index for Dimension- and Rate-Elastic Vector Search,"[""Sean Culatana"", ""Shang-En Huang"", ""Kang Li""]",,Cornell University / arXiv,2026,en,arXiv cs.AI,8,494950,READY_FOR_INDEXING,data\raw\research\arxiv_MRVQ__One_Resident_Index_for_D.pdf,73860ec3a186cddd8825930083c48fc828f733ecd1bd0d7d6f7dda4c6d5ce372
RES-000017,RESEARCH,World Embedding Benchmark,"[""Yiqi Liu"", ""Ruifeng Yuan"", ""Yang Wang"", ""Long Li"", ""Fengyu Cai"", ""Hou Pong Chan"", ""Jialin Yu"", ""Hao Zhang"", ""Chenghua Lin"", ""Chenghao Xiao""]",,Cornell University / arXiv,2026,en,arXiv cs.CV,25,7988006,READY_FOR_INDEXING,data\raw\research\arxiv_World_Embedding_Benchmark.pdf,5eb39953ad5c8a7d7aa5b2ad51bcc50fa92b92b71508d8aa09231b09f0b58b2b
RES-000018,RESEARCH,Author Representation Strategies for Zero-Shot Authorship Attribution: A Comparative Study of LLM-Based and Embedding-Based Approaches,"[""Nudrat Habib"", ""Tosin Adewumi"", ""Sana Sabah Al-Azzawi"", ""Marcus Liwicki"", ""Elisa Barney""]",,Cornell University / arXiv,2026,en,arXiv cs.CL,13,366006,READY_FOR_INDEXING,data\raw\research\arxiv_Author_Representation_Strategi.pdf,c98dbab13f98b195961b11e0e123b7bd685a9023602596635291f926aa077fe1
RES-000019,RESEARCH,CLIMB: Confidence-Guided Complementary Evidence for Multimodal Retrieval-Augmented Generation,"[""Hang Gao"", ""Wujiang Xu"", ""Zhixing Zhang"", ""Kai Mei"", ""Jingyi Yang"", ""Dimitris N. Metaxas""]",,Cornell University / arXiv,2026,en,arXiv cs.CL,16,9167326,READY_FOR_INDEXING,data\raw\research\arxiv_CLIMB__Confidence-Guided_Compl.pdf,2e9a4b9873d00b6e3e4636723e9c4d4e2963e6de8f18d3ee0574dd5c8ac9afff
RES-000020,RESEARCH,TSGuard: A Real-Time Framework for Detecting and Imputing Missing Data in Streaming Time Series,"[""Imane Hocine"", ""Asma Abboura"", ""Soror Sahri"", ""Abhijith Senthilkumar"", ""Yacine Hakimi"", ""Gr\u00e9goire Danoy""]",,Cornell University / arXiv,2026,en,arXiv cs.DB,5,1914505,READY_FOR_INDEXING,data\raw\research\arxiv_TSGuard__A_Real-Time_Framework.pdf,c084d419d538f0419b3ee4c457f0b69c1bcdb4542f114789d4790a821ea726d4
RES-000021,RESEARCH,Investigating the Role of Reasoning-Language Alignment in Monolingual Retrieval-Augmented Generation,"[""Oliver Hauck"", ""Mario Sanz-Guerrero"", ""Katharina von der Wense""]",,Cornell University / arXiv,2026,en,arXiv cs.CL,13,824561,READY_FOR_INDEXING,data\raw\research\arxiv_Investigating_the_Role_of_Reas.pdf,bc4823d3a8ab396b318617c0a924fba51d957a235cc56f0fe2c8fbfcc85a542e
RES-000022,RESEARCH,Benchmarking Literature Retrieval for a Model Organism: A Dictyostelium Case Study,"[""Yun Wang"", ""Gad Shaulsky"", ""Toma\u017e Curk"", ""Bla\u017e Zupan""]",,Cornell University / arXiv,2026,en,arXiv cs.IR,15,1095641,READY_FOR_INDEXING,data\raw\research\arxiv_Benchmarking_Literature_Retrie.pdf,1d6db03c52ccd955bcc859ddd38e3416df20f18a669f15407fff63781205d538
RES-000023,RESEARCH,Query-aware routing for Cross-lingual performance gains in Encoders,"[""Akshay Jain"", ""Edward Kim""]",,Cornell University / arXiv,2026,en,arXiv cs.CL,9,362660,READY_FOR_INDEXING,data\raw\research\arxiv_Query-aware_routing_for_Cross-.pdf,aa0544e4df6fe1b691579b53d217867a510ae57ea495abb6423751951d917c80
RES-000024,RESEARCH,Learning Query Encoders Can Be Hard Even When Vector Retrieval Is Geometrically Easy,"[""Anders Wikum"", ""Nina Mishra"", ""Amin Saberi"", ""Tal Wagner""]",,Cornell University / arXiv,2026,en,arXiv cs.IR,19,391232,READY_FOR_INDEXING,data\raw\research\arxiv_Learning_Query_Encoders_Can_Be.pdf,f8bcb881770cc02f5df54ad07631a70ecf9e14529b6d0583cd9c0e407267ef2b
RES-000025,RESEARCH,Asterism: Exploring and Synthesizing Scattered Observations into Literature-Grounded Hypotheses and Theories,"[""Joseph Chee Chang"", ""Michael D'Arcy"", ""Amy X. Zhang"", ""Pao Siangliulue"", ""Sangho Suh"", ""Aakanksha Naik"", ""Jena D. Hwang"", ""Javier Ramos Benitez"", ""Stella Wroblewski"", ""Matt Latzke"", ""Michael Cuoco"", ""Ruben Lozano-Aguilera"", ""Kris Ganjam"", ""Joel Chan"", ""Doug Downey"", ""Peter Jansen"", ""Kyle J. Travaglini"", ""Daniel S. Weld""]",,Cornell University / arXiv,2026,en,arXiv cs.HC,34,4040753,READY_FOR_INDEXING,data\raw\research\arxiv_Asterism__Exploring_and_Synthe.pdf,0ee83970abbab87754bfce1c21f563c89a787dfad03cf8d4b3cc2fd135f44ef9
RES-000026,RESEARCH,When History Misleads: Asymmetric Margin Supervision for Instruction-Guided LLM Generative Recommendation,"[""Ming Yin"", ""Yuhan Yang"", ""Chen Chen"", ""Xinyu Lin"", ""Wentao Shi"", ""Fangcong Yin"", ""Chaofei Yang"", ""Chao Yang"", ""Jiyan Yang"", ""Hui Zhang"", ""Ning Jiang"", ""Yiran Chen"", ""Qifan Wang""]",,Cornell University / arXiv,2026,en,arXiv cs.IR,26,967169,READY_FOR_INDEXING,data\raw\research\arxiv_When_History_Misleads__Asymmet.pdf,86f63389c9251c03d5844616526132db50bca2bfa48f985297b1d68197ece45d
RES-000027,RESEARCH,Adaptive Sparsity Optimization with Learnable Soft Top-K and Per-Term Thresholding for Efficient Retrieval,"[""Wentai Xie"", ""Parker Carlson"", ""Shanxiu He"", ""Tao Yang""]",,Cornell University / arXiv,2026,en,arXiv cs.IR,12,714964,READY_FOR_INDEXING,data\raw\research\arxiv_Adaptive_Sparsity_Optimization.pdf,2b60c9f83cf80a370313633f38bfe1f16c8e9b06fd678e31ef7193714647518d
RES-000028,RESEARCH,On-Premises Multi-Course RAG Tutoring for Business Education: Hardware-Software Trade-offs in a Campus AI Tutor,"[""Sidney Shapiro"", ""Joshua Lindemann""]",,Cornell University / arXiv,2026,en,arXiv cs.AI,24,304334,READY_FOR_INDEXING,data\raw\research\arxiv_On-Premises_Multi-Course_RAG_T.pdf,f1cb2b1202266c47a1a0852ad4f3a59d15b85f62ffb89c55f7e8ceeff1b872ec
RES-000029,RESEARCH,From Retrieval to Typed Decisions: Calibrated System One Models from Biomedical Sentence Encoders,"[""Pritam Deka""]",,Cornell University / arXiv,2026,en,arXiv cs.CL,20,507726,READY_FOR_INDEXING,data\raw\research\arxiv_From_Retrieval_to_Typed_Decisi.pdf,e194a8ad03c9dac8dbdefeddb88c95fa50d8a6b1c9c496b2a0da9a4227926df0
RES-000030,RESEARCH,CUEing User Simulators: Calibrated User Embeddings for Multi-Turn Benchmarking,"[""Anjali Kantharuban"", ""Jonas Mueller""]",,Cornell University / arXiv,2026,en,arXiv cs.CL,48,1118586,READY_FOR_INDEXING,data\raw\research\arxiv_CUEing_User_Simulators__Calibr.pdf,0b023004ed5cd9552196ee46b09436d20fae643561ab565414a5123540aa00a0
RES-000031,RESEARCH,Are you Synthesizing or Recalling? Evaluating LLMs on Algorithmic Code Retrieval,"[""Nickil Maveli"", ""Antonio Vergari"", ""Shay B. Cohen""]",,Cornell University / arXiv,2026,en,arXiv cs.LG,30,2299857,READY_FOR_INDEXING,data\raw\research\arxiv_Are_you_Synthesizing_or_Recall.pdf,7724a828d74b21e4d83a6330efc3c931a652680a5ef42cf89364676839441dce
RES-000032,RESEARCH,SOLO: Certified-Recall Metric Similarity Search with Scan-Only Sampled Inverted Lists,"[""\u00c9dgar Ch\u00e1vez""]",,Cornell University / arXiv,2026,en,arXiv cs.DB,26,685933,READY_FOR_INDEXING,data\raw\research\arxiv_SOLO__Certified-Recall_Metric.pdf,041746695b549a40a0667a3095b768d39177db989f91bc64117d1c8eccfe83cf
RES-000033,RESEARCH,SEDIMA: Cross-Run Hierarchical Insight Memory for Evolutionary Search Agents,"[""Amirhossein Abaskohi"", ""Mahdi Mostajabdaveh"", ""Zirui Zhou""]",,Cornell University / arXiv,2026,en,arXiv cs.NE,19,1381641,READY_FOR_INDEXING,data\raw\research\arxiv_SEDIMA__Cross-Run_Hierarchical.pdf,853e01fa19ca6b40399fac3892f1f5d0b50aeddbcb1a82ba3af341d15c882c73
RES-000034,RESEARCH,ScholarCatalyst: A Benchmark for Retrieving Papers That Inspire New Research,"[""Sohyeon Kim"", ""Yoonho Lee"", ""Bo Liu"", ""Dayoon Ko"", ""Rulin Shao"", ""Seungone Kim"", ""Graham Neubig"", ""Pang Wei Koh"", ""Aakanksha Chowdhery"", ""Akari Asai"", ""Omar Khattab"", ""Yejin Choi"", ""Gunhee Kim"", ""Chelsea Finn""]",,Cornell University / arXiv,2026,en,arXiv cs.AI,57,6336399,READY_FOR_INDEXING,data\raw\research\arxiv_ScholarCatalyst__A_Benchmark_f.pdf,ace3200f062ac142f8fb5d6b9d1f0367abde1876c7783ebfc258151a4ddcc03a
RES-000035,RESEARCH,Optimizing Effective Training Time for Large-Scale Recommendation Systems,"[""Mingming Ding"", ""Ruilin Chen"", ""Yuzhen Huang"", ""Hang Qi"", ""Menglu Yu"", ""San Tan"", ""Damian Reeves"", ""Boris Sarana"", ""Kevin Tang"", ""Satendra Gera"", ""Gagan Jain"", ""Sahil Shah"", ""Vishwa Karia"", ""Fuzail Khan"", ""Yashasvi Makin"", ""Edward Z. Yang"", ""Oguz Ulgen"", ""Jia Chen Ren"", ""Laith Sakka"", ""Mayank Garg"", ""Meet Vadakkanchery"", ""Aici Lin"", ""Wei Sun"", ""Mengjiao Zhou"", ""Shuai Yang"", ""Junqing Zhou"", ""Max Leung"", ""Apoorv Purwar"", ""Musharaf Sultan"", ""John Bocharov"", ""Zhenyu Tang"", ""Vivek Trehan""]",,Cornell University / arXiv,2026,en,arXiv cs.IR,10,801514,READY_FOR_INDEXING,data\raw\research\arxiv_Optimizing_Effective_Training.pdf,b395f9dfdaa9abc62964c527cdec057f1825567ab3f2de8055fa000c7a0681f0
RES-000036,RESEARCH,A Safe Prototype Is Not a Safety Direction: Reference Dependence and Prompt Confounds in Response-Safety Embeddings,"[""Sahil Kadadekar""]",,Cornell University / arXiv,2026,en,arXiv cs.LG,15,306203,READY_FOR_INDEXING,data\raw\research\arxiv_A_Safe_Prototype_Is_Not_a_Safe.pdf,cc592409b1d5d34d3dd52d98f7809d5ad939a0b105027e50576a6b2c5dea65cf
RES-000037,RESEARCH,A Matryoshka Hierarchical RAG for Efficient Multi-Hop Question Answering,"[""Gianluca Bonifazi"", ""Christopher Buratti"", ""Michele Marchetti"", ""Federica Parlapiano"", ""Giulia Quaglieri"", ""Davide Traini"", ""Domenico Ursino"", ""Luca Virgili""]",,Cornell University / arXiv,2026,en,arXiv cs.CL,33,780421,READY_FOR_INDEXING,data\raw\research\arxiv_A_Matryoshka_Hierarchical_RAG.pdf,512cd99d62a9df642bdef5f6853f632bbdc4046813e90ac8e63dd99f93ddde09
RES-000038,RESEARCH,AgentWebRec: Compact Evidence Fusion over the Agent Web for Personalized Recommendation,"[""Haoran Qiang"", ""Guannan Liu"", ""Liang Zhang"", ""Junjie Wu""]",,Cornell University / arXiv,2026,en,arXiv cs.IR,12,3434855,READY_FOR_INDEXING,data\raw\research\arxiv_AgentWebRec__Compact_Evidence.pdf,6c3ee58667f1438390586ab4b3eb4318116fd04c959ec63d56c5bc8d7721b287
RES-000039,RESEARCH,Task-Oriented Rank Adaptation for Continual Learning in Text Classification,"[""Rey Sanchez Lopez"", ""Eduardo Morales Manzanares"", ""Hugo Jair Escalante""]",,Cornell University / arXiv,2026,en,arXiv cs.CL,15,768000,READY_FOR_INDEXING,data\raw\research\arxiv_Task-Oriented_Rank_Adaptation.pdf,cf84f2e16858218f9184b4f234d6d1c4cf61f100278d3aea5f2cf9d6d5386191
RES-000040,RESEARCH,From Rules to Neural Graphs: Scalable Structured Prediction for Patent Prior Art Search,"[""Nikolai Zenovkin"", ""Sebastian Bj\u00f6rkqvist""]",,Cornell University / arXiv,2026,en,arXiv cs.IR,16,605766,READY_FOR_INDEXING,data\raw\research\arxiv_From_Rules_to_Neural_Graphs__S.pdf,53d833d22235f9cd1b68ece00ea737f5c42baeb2982473c6f728b48d9919a131
THS-000009,THESIS,"Effectiveness Of Implementation Of Decentralisation Policy In Agricultural Extension: A Comparative Perception Of Extension Officers In Java, Indonesia","[""Waridin, W""]",,Universitas Diponegoro,1999,id,Universitas Diponegoro,2,53259,READY_FOR_INDEXING,data\raw\thesis\thesis_Effectiveness_Of_Implementatio.pdf,4d838faea29c751c63d444aa67b433247e74f5d6078d1aa56c71377403654feb
THS-000010,THESIS,Strategic Pathways Toward Sustainable Competitive Advantage,"[""Ferdinand, Augusty Tae""]",,Universitas Diponegoro,1998,id,Universitas Diponegoro,2,53028,READY_FOR_INDEXING,data\raw\thesis\thesis_Strategic_Pathways_Toward_Sust.pdf,d8498a77d1528657128eee8850260651c4d7acad68d54fd2226d56a23416f751
THS-000011,THESIS,"Ukuran-Ukuran Anatomis Yang Berperan Dalam Kekuatanekstensi Dan Rentang Gerak Punggung Sebuah Kajian pada Cabang Olah Raga Senam, Renang dan Angkat Besi","[""Susanto, Hardono""]",,Universitas Diponegoro,1998,id,Universitas Diponegoro,3,56945,READY_FOR_INDEXING,data\raw\thesis\thesis_Ukuran-Ukuran_Anatomis_Yang_Be.pdf,021fda088576883b3fdc87732275cfc64dedd659d203076c3b67207808b566a1
THS-000012,THESIS,Confined Plasma Induced By Nd-YAG Laser Bombardment At Low Pressures,"[""Budi, Wahyu Setia""]",,Universitas Diponegoro,1999,id,Universitas Diponegoro,2,52663,READY_FOR_INDEXING,data\raw\thesis\thesis_Confined_Plasma_Induced_By_Nd-.pdf,6525ccf081fce8e2b6c716a4f8830120da2eabadf1be3e3ed5963e398c3c2035
THS-000013,THESIS,The Inheritance Growth And Jumping In Subspecific Crossing Of Mice,"[""Kurnianto, Edy""]",,Universitas Diponegoro,2000,en,Universitas Diponegoro,2,54284,READY_FOR_INDEXING,data\raw\thesis\thesis_The_Inheritance_Growth_And_Jum.pdf,dd0d8cc64ce19f1501e8fa62139f7bcb7ea696994fa8f880be21ab88d1fa0a6e
THS-000014,THESIS,"Histological Development And Digestive Enzyme Activities Of The Gastrointestinal Tract Of Native And Commercial Broiler Chicks (Gallus Gallus Domesticus, LINN)","[""Wahyuni, Hanny Indra""]",,Universitas Diponegoro,1999,en,Universitas Diponegoro,2,54863,READY_FOR_INDEXING,data\raw\thesis\thesis_Histological_Development_And_D.pdf,27845ce144f1a553e8fdc4e34fcf7b67dd4a74f88fd033ba41c400a6972fb922
THS-000015,THESIS,Sediment Transport Relations In Alluvial Channels,"[""Kodoatie, Robert J.""]",,Universitas Diponegoro,1999,en,Universitas Diponegoro,2,56754,READY_FOR_INDEXING,data\raw\thesis\thesis_Sediment_Transport_Relations_I.pdf,bffb123da2b0f675f13895171681f654e070786e0ec1b6347c2d3ab9fe02d3da
THS-000016,THESIS,Behavior Of Cement Stabilised Subgrade Subject To Cyclic Loading,"[""Wardani, Sri Prabandiyani Retno""]",,Universitas Diponegoro,1999,id,Universitas Diponegoro,2,53013,READY_FOR_INDEXING,data\raw\thesis\thesis_Behavior_Of_Cement_Stabilised_.pdf,8f2d707bdfc96b58796afd98de18e9244f1f8ddbc947f4058d228ff5b4d3e919
THS-000017,THESIS,Pengklonan Gen-Gen Yang Diinduksi Oleh Aluminium Pada Kedelai (glycine max [l.] Merryl),"[""Anwar, Syaiful""]",,Universitas Diponegoro,1999,id,Universitas Diponegoro,2,75588,READY_FOR_INDEXING,data\raw\thesis\thesis_Pengklonan_Gen-Gen_Yang_Diindu.pdf,4a19c16bb680d3d0605f273efcfebe20bc9f8c08a8ecb27182cb594acce33676
THS-000018,THESIS,Fragile Mental Retardation And Fragile X Chromosomes In The Indonesian Population,"[""Hussein, Sultana M.""]",,Universitas Diponegoro,1999,id,Universitas Diponegoro,2,79497,READY_FOR_INDEXING,data\raw\thesis\thesis_Fragile_Mental_Retardation_And.pdf,9be07d3fbe836aab563743cae0c9f8a95302aff7dae15e72b214b52c9e8b9b0c
THS-000019,THESIS,Analisis Tentang Efektivitas Pengaturan Perikanan Di Selat Bali 1974 - 1996,"[""Budiningharto, Syafrudin""]",,Universitas Diponegoro,1999,id,Universitas Diponegoro,2,76157,READY_FOR_INDEXING,data\raw\thesis\thesis_Analisis_Tentang_Efektivitas_P.pdf,7eabff9efec5aee5d69ff10444044722ea196214b36e24aa77ce0c6125a3bde4
THS-000020,THESIS,Constribution A L'etude De La Croissance Et De La Production D'astaxanthine Chez Phaffia Rhodozyma PR 190. (Contribution To The Study Of The Growth And Astaxanthin Production By Phaffia Rhodozyma PR 190).,"[""Kusdiyantini, Endang""]",,Universitas Diponegoro,1998,id,Universitas Diponegoro,2,74411,READY_FOR_INDEXING,data\raw\thesis\thesis_Constribution_A_L_etude_De_La_.pdf,e27d7eeb5eb523ef2d27ae574f49589a0bdab3ed4526c32d40459cd40b2fd5c3
THS-000021,THESIS,Simultaneous Multi Curve Approximation With Nurbs,"[""Prahasto, Toni""]",,Universitas Diponegoro,1999,id,Universitas Diponegoro,2,53988,READY_FOR_INDEXING,data\raw\thesis\thesis_Simultaneous_Multi_Curve_Appro.pdf,05c5d256ad62271b3cde5dc7df03faf4a54853c58a712747bb5c554d3e03bcad
THS-000022,THESIS,"Investigation Of Lupin Meal As An Alternative Protein Source In Formulated Diets For Juvenile Marine Shrimp, Penaeus Monodon Fabricius","[""Sudaryono, Agung""]",,Universitas Diponegoro,1999,id,Universitas Diponegoro,2,77687,READY_FOR_INDEXING,data\raw\thesis\thesis_Investigation_Of_Lupin_Meal_As.pdf,3a05e7b2957686b1d32ddc3582306f760c23e1e44f62595309c448e7abd9844e
THS-000023,THESIS,Deterimanation Nutritive Value Of Feeds Using Lignin Predicted By Near Infrared Reflectance Spectroscopy Methodfor Farm Usage (Penemuan nilai pakan dengan menggunakan lignin yang dianalisa dengan metoda Inframerah dekat untuk penggunaan di farm),"[""Purnomoadi, Agung""]",,Universitas Diponegoro,1997,id,Universitas Diponegoro,2,52645,READY_FOR_INDEXING,data\raw\thesis\thesis_Deterimanation_Nutritive_Value.pdf,2cdda6bbe10f33fbf98d979e5240fcb31113eaf4649971a2b7e8e73c1d68a677
THS-000024,THESIS,"Dengue Hemorrhagic Fever In Indonesia: The Role Of Cytokines In  Plasma Leakage, Coagulation And Fibrinolysis","[""Suharti, Catharina""]",,Universitas Diponegoro,2001,id,Universitas Diponegoro,2,77619,READY_FOR_INDEXING,data\raw\thesis\thesis_Dengue_Hemorrhagic_Fever_In_In.pdf,5646b4302024df5b82e59146570faf410a6ee7ea9e44bc2376c67272911e3b77
THS-000025,THESIS,Penggunaan Hidrolisat Bulu Ayam Dan Sorgum Serta Suplemen Kromium Organik Untuk Meningkatkan Produksi Susu Pada Sapi Perah,"[""Muktiani, Anis""]",,Universitas Diponegoro,2002,id,Universitas Diponegoro,2,52222,READY_FOR_INDEXING,data\raw\thesis\thesis_Penggunaan_Hidrolisat_Bulu_Aya.pdf,3be5774286dabd20acaa822905a99ddd1723124cc565956968cf5c491c3a962c
THS-000026,THESIS,Pengaruh Defisiensi Iodium Selama Kehamilan Terhadap Perkembangan Saraf Anak Sejak Lahir Sampai Umur 2 Tahun,"[""Hartono, Bambang""]",,Universitas Diponegoro,2001,id,Universitas Diponegoro,2,53038,READY_FOR_INDEXING,data\raw\thesis\thesis_Pengaruh_Defisiensi_Iodium_Sel.pdf,0557fd895dcd517b6293d08da3084e049c9766e9a8b4b4ba538f7652d0ffbbff
THS-000027,THESIS,"Pengaruh Suplementasi Seng Dan Besi Terhadap Pertumbuhan, Perkembangan Psikomorik Dan Kognitif Bayi: Uji Lapangan Di Indramayu, Jawa Barat","[""Purwaningsih, Endang""]",,Universitas Diponegoro,2001,id,Universitas Diponegoro,3,77519,READY_FOR_INDEXING,data\raw\thesis\thesis_Pengaruh_Suplementasi_Seng_Dan.pdf,4d9cc843fda4987fe4ea18791d2848810b0304c3f7bcd1ad10f6895e84c8c563
THS-000028,THESIS,The Inluence Factor Contribute The Incidence Of Methicillin-Resistant Staphylococcus Aureus (MRSA) Among The Hospitalized Patients With Bacteraemia In Intensive Care Unit,"[""Wahjono, Hendro""]",,Universitas Diponegoro,2001,id,Universitas Diponegoro,3,62912,READY_FOR_INDEXING,data\raw\thesis\thesis_The_Inluence_Factor_Contribute.pdf,9120a5cb7601d6300c130b9aae863ec694e2d2fd1d4bf3839c5789a1969b83e1
THS-000029,THESIS,Hubungan Antara Status Vitamin Dan Seng Ibu Hamil Dengan Keberhasilan Suplementasi Besi,"[""Subagyo, Hertanto Wahyu""]",,Universitas Diponegoro,2002,en,Universitas Diponegoro,2,54004,READY_FOR_INDEXING,data\raw\thesis\thesis_Hubungan_Antara_Status_Vitamin.pdf,2aa069658e17cff4ebf596c47b4f18affd2660aac4ee9a4e32a738930f62713b
THS-000030,THESIS,Klasifikasi Laporan Laba Rugi Dan Kandungan Informasinya Untuk Peramalan Laba Perusahaan Manufaktur Yang Telah Go Publik Di Indonesia,"[""Isgiyarta, Jaka""]",,Universitas Diponegoro,2002,id,Universitas Diponegoro,2,51608,READY_FOR_INDEXING,data\raw\thesis\thesis_Klasifikasi_Laporan_Laba_Rugi_.pdf,3511fb57b4d030cb9a488a925c0c8f2cead1f8fde1354eeab0b1b6239687997e
THS-000031,THESIS,"Kepuasan Hidup Orang Lanjut Usia Dalam Hubungannya Dengan Jenis Aktivitas, Jenis Kelamin, Religiositas, Status Perkawinan, Tingkat Kemandirian, Tingkat Pendidikan Dan Daerah Tempat Tinggal","[""Indriana, Yeniar""]",,Universitas Diponegoro,2003,id,Universitas Diponegoro,2,52778,READY_FOR_INDEXING,data\raw\thesis\thesis_Kepuasan_Hidup_Orang_Lanjut_Us.pdf,e8b0eb486c77bf782f5bdbe669e43d66bac37a814401860dc896d9df8c934967
THS-000032,THESIS,"Pengaruh Kualitas Manajemen, Partisipasi Anggota Serta Lingkungan Usaha Terhadap Pelaksanaan Manajemen Dan Kinerja Keuangan KUD Di Jawa Tengah","[""Chabachib, H M""]",,Universitas Diponegoro,2001,id,Universitas Diponegoro,2,51868,READY_FOR_INDEXING,data\raw\thesis\thesis_Pengaruh_Kualitas_Manajemen__P.pdf,c79fa3c501102f36d60d8f4d53810289758f5889648662e8ec351aecc93101e8
THS-000033,THESIS,The dynamics of financial reporting practice in an Indonesian insurance company: a reflection of Javanese views of an ethical social relationship,"[""Chariri, Anis""]",,Universitas Diponegoro,2006,en,Universitas Diponegoro,14,200882,READY_FOR_INDEXING,data\raw\thesis\thesis_The_dynamics_of_financial_repo.pdf,a08512f3daf18e04d7f58f108cf61f261a9ed7aacc4f588d4f3b19f52f18b638
THS-000034,THESIS,"ANALISA PATAHAN AKIBAT CIRCUMFERENTIAL STRESS
PADA SAMBUNGAN LAS PIPA GAS","[""YURIANTO, Yurianto"", ""SURYO, Sumar Hadi"", ""ASIKIN, Asep""]",,Universitas Diponegoro,2009,id,Universitas Diponegoro,10,436426,READY_FOR_INDEXING,data\raw\thesis\thesis_ANALISA_PATAHAN_AKIBAT_CIRCUMF.pdf,f0f81493d98e912145d43d5e706c7b6a4d9c5bf00e5206e5d96a124b3c583307
THS-000035,THESIS,"KEJUTAN PERTUMBUHAN NILAI TUKAR RIIL TERHADAP
INFLASI, PERTUMBUHAN OUTPUT, DAN PERTUMBUHAN
NERACA TRANSAKSI BERJALAN DI INDONESIA","[""Darwanto, Darwanto""]",,Universitas Diponegoro,2007,id,Universitas Diponegoro,107,1918323,READY_FOR_INDEXING,data\raw\thesis\thesis_KEJUTAN_PERTUMBUHAN_NILAI_TUKA.pdf,903dab2d34bbe3fb2b727d37d21dfd91b2996dded9a7a0966c7785b81d925405
THS-000036,THESIS,Gedung Olah Raga Mahasiswa Undip,"[""Erick S S, Erick S S""]",,Universitas Diponegoro,2008,id,Universitas Diponegoro,5,37218,READY_FOR_INDEXING,data\raw\thesis\thesis_Gedung_Olah_Raga_Mahasiswa_Und.pdf,7ae43cb5cb2dab19e7d3c42cf164ebb4decc6659836902f382705a4d1a1f56cd
THS-000037,THESIS,"LANDASAN PROGRAM PERENCANAAN DAN PERANCANGAN ARSITEKTUR
PENATAAN KORIDOR JALAN JEND. SUDIRMAN, PURWOKERTO","[""Chintia, Lina""]",,Universitas Diponegoro,2009,id,Universitas Diponegoro,7,167436,READY_FOR_INDEXING,data\raw\thesis\thesis_LANDASAN_PROGRAM_PERENCANAAN_D.pdf,f774f3544bc4d7e679700534059a7e31806791b9a4faafef2b064d1ccfb03278
THS-000038,THESIS,PENGARUH  SIFAT FISIK DAN STRUKTUR MINERAL BATU BARA LOKAL TERHADAP SIFAT PEMBAKARAN,"[""Bayuseno, A.P."", ""Sulistyo, Sulistyo"", ""Istadi, Istadi""]",,Universitas Diponegoro,2008,id,Universitas Diponegoro,17,258110,READY_FOR_INDEXING,data\raw\thesis\thesis_PENGARUH__SIFAT_FISIK_DAN_STRU.pdf,25e89b0dc665f5a604088b954d842555c84274da5be9f101d97d76c9f5f97b19
RES-000041,RESEARCH,Neither Black nor White: Balancing Semantic and Collaborative Signals with Graph-Informed Semantic IDs (GrIS),"[""Aleksei Medvedev"", ""Alejandro Ariza-Casabona"", ""Steven Derby"", ""Gonzalo Fiz Pontiveros"", ""Xinyang Shao"", ""Florian Spiess""]",,Cornell University / arXiv,2026,en,arXiv cs.AI,11,1183101,READY_FOR_INDEXING,data\raw\research\arxiv_Neither_Black_nor_White__Balan.pdf,2031c5714af56125d47a0bb6c7eec553592265b49bb881c2bab8c025add2effe
RES-000042,RESEARCH,Learning to structure data from user-generated thematic corpora,"[""Elishay Avram"", ""Oren Glickman"", ""Elad Yom-Tov""]",,Cornell University / arXiv,2026,en,arXiv cs.IR,9,989689,READY_FOR_INDEXING,data\raw\research\arxiv_Learning_to_structure_data_fro.pdf,2b62e6220bbcf208dd28ff9959cc2a7abce9a63c973b3a56bbfe08c62fe28e78
RES-000043,RESEARCH,Not All Is Lost: Repairing Lossy User Preference States of Personalization Encoders,"[""Parthiv Chatterjee"", ""Dhiraj Golhar"", ""Ummesalma Diwan"", ""Sourish Dasgupta"", ""Manjunath Joshi"", ""Tanmoy Chakraborty""]",,Cornell University / arXiv,2026,en,arXiv cs.LG,59,1659525,READY_FOR_INDEXING,data\raw\research\arxiv_Not_All_Is_Lost__Repairing_Los.pdf,c9672fb6870704756ad261c43a8ef59c73c2beb73f23aba6625c48b269c69497
RES-000044,RESEARCH,Do Multilingual Encoders Produce Language-Consistent Semantic IDs?,"[""Abhinav Bohra"", ""Anuj Bohra""]",,Cornell University / arXiv,2026,en,arXiv cs.IR,7,235182,READY_FOR_INDEXING,data\raw\research\arxiv_Do_Multilingual_Encoders_Produ.pdf,825af697f2be38f7c43ff5363ec6409cdc7bc9848f970d4e6524dafb535bc032
RES-000045,RESEARCH,Madeleine: Learning Involuntary Recall for Conversational Memory from Simulated Lives,"[""Zhiyun Shi""]",,Cornell University / arXiv,2026,en,arXiv cs.CL,17,1421446,READY_FOR_INDEXING,data\raw\research\arxiv_Madeleine__Learning_Involuntar.pdf,b730eb38c9b7694afaebcb252f6eacd5d930e5e873b9692c891c2698052243f0
RES-000046,RESEARCH,JoinGR: Learning to Traverse Join Graphs for Table Retrieval,"[""Sandipan De"", ""Abhijit Chakraborty"", ""Sambaran Bandyopadhyay"", ""Vivek Gupta""]",,Cornell University / arXiv,2026,en,arXiv cs.CL,12,415112,READY_FOR_INDEXING,data\raw\research\arxiv_JoinGR__Learning_to_Traverse_J.pdf,682f2e5ad598ffecb2a9e2a44acbfe60778db92a5bb891acfe52f00f33eb5ccd
RES-000047,RESEARCH,The Other Half of Workflow Portability: Evidence-Backed HPC Site Profiles with Agentic Discovery,"[""Md Saiful Islam"", ""Douglas Thain""]",,Cornell University / arXiv,2026,en,arXiv cs.DC,8,361660,READY_FOR_INDEXING,data\raw\research\arxiv_The_Other_Half_of_Workflow_Por.pdf,4690dc1fea1efe1694310527036f44229ce41dd9a57f6b6b4d16a05cde666475
RES-000048,RESEARCH,AGO AI Quality Gate: Evidence-First Release Decisions for Retrieval-Augmented Generation,"[""Giulio Zeloni"", ""Enrico Lo Conte"", ""Salvatore Rionero"", ""Giuseppe Santoro"", ""Alessandro Rastelli"", ""Fabio Sorrentino""]",,Cornell University / arXiv,2026,en,arXiv cs.CL,14,441568,READY_FOR_INDEXING,data\raw\research\arxiv_AGO_AI_Quality_Gate__Evidence-.pdf,c00f9830e283ce43ae1072a1a3e29728ee95e3315acf632bf742ed51b7c4d2da
RES-000049,RESEARCH,AgSpec: Pushing the Limits of Retrieval-Based Speculative Decoding in Coding Agent Pipelines,"[""Sumin Lee"", ""Sukmin Cho"", ""Suengjae Lim"", ""Youngjin Kwon""]",,Cornell University / arXiv,2026,en,arXiv cs.CL,19,1190916,READY_FOR_INDEXING,data\raw\research\arxiv_AgSpec__Pushing_the_Limits_of.pdf,0ebeca582f956316d6d8cddc5da4db4675ce4abcfe5b6f6be38918bbbf35dddc
RES-000050,RESEARCH,RPTune: Learned Context Curation for LLM Catalog Search,"[""Chuxuan Hu"", ""Hejie Cui"", ""Norman Huang"", ""Shubham Kumar Bharti"", ""Wang-Chiew Tan"", ""Sercan \u00d6. Ar\u0131k""]",,Cornell University / arXiv,2026,en,arXiv cs.IR,23,2079714,READY_FOR_INDEXING,data\raw\research\arxiv_RPTune__Learned_Context_Curati.pdf,e76152a92f68baf1df94de44bf79d8966a8613a7df1da1328e0e2aef6f474ee4
RES-000051,RESEARCH,Ranking-Aware Prompt Optimization for Multimodal Clinical Diagnosis,"[""Tian Xia"", ""Minghao Liu"", ""Yiqing Liang"", ""Laixi Shi"", ""Jiayun Wang""]",,Cornell University / arXiv,2026,en,arXiv cs.LG,21,676316,READY_FOR_INDEXING,data\raw\research\arxiv_Ranking-Aware_Prompt_Optimizat.pdf,cbae1c8bd421fbdb91d94b0e30c29d0cbd03c460f1f9f3f99b7539a314605b27
RES-000052,RESEARCH,EvoDuet: Bilevel Co-Evolution of Web Searching and Task Solving for Scientific Discovery,"[""Young-Jun Lee"", ""Jinheon Baek"", ""Soyeong Jeong"", ""Minki Kang"", ""Seungyeon Jwa"", ""Jonghyun Choi"", ""Seungho Han"", ""Dongyeop Kang""]",,Cornell University / arXiv,2026,en,arXiv cs.CL,150,5357232,READY_FOR_INDEXING,data\raw\research\arxiv_EvoDuet__Bilevel_Co-Evolution.pdf,4048c019f1f31e308076762e8c5cd598563839f154c163ef49216d3d9a118249
RES-000053,RESEARCH,LARC: Low-Rank Adaptive Residual Connections for Learning in Frozen Models,"[""Junyi Zou"", ""Avrova Donz""]",,Cornell University / arXiv,2026,en,arXiv cs.LG,19,495721,READY_FOR_INDEXING,data\raw\research\arxiv_LARC__Low-Rank_Adaptive_Residu.pdf,2f581283509999e3bb7e31959761b18a11bd884be2139bfb32a888091a3ab9a8
RES-000054,RESEARCH,OPTS-TTPO: Enhancing Finite-Sample Policy-Gradient Learning with Tree Search,"[""Junyu Lu"", ""Shichao Weng"", ""Zhiqiang Wang"", ""Haojie Luo"", ""Jingfan Zhang"", ""Yuhua Zhou"", ""Cheng Du"", ""Yuzhuo Zhang"", ""Xi Li"", ""Jinwei Du"", ""Tiancheng Feng"", ""Chuan Xiao"", ""Shuyuan Zheng""]",,Cornell University / arXiv,2026,en,arXiv cs.CL,42,3979459,READY_FOR_INDEXING,data\raw\research\arxiv_OPTS-TTPO__Enhancing_Finite-Sa.pdf,2dc48798ee368037fb96a75ff1587bb6533d0be1bfcd1a9876e7c8a5904265b0
RES-000055,RESEARCH,LEAP: Learned Block-wise Evidence Retrieval for Long Audio-Video Perception,"[""Juyi Lin"", ""Zhiqiang Lao"", ""Jiali Cui"", ""Lin Zhao"", ""Pu Zhao"", ""Dichang Zhang"", ""Arman Akbari"", ""Yu Qi"", ""Xinru Jiang"", ""Yanzhi Wang"", ""Heather Yu"", ""Liang Peng""]",,Cornell University / arXiv,2026,en,arXiv cs.CL,39,640624,READY_FOR_INDEXING,data\raw\research\arxiv_LEAP__Learned_Block-wise_Evide.pdf,a583e4f1125b11daede871222c6c6d3b213221844ec742ae695095fb546587c9
RES-000056,RESEARCH,LLM-as-a-Judge for Low-Resource Languages: Adapting Ragas and Comparative Ranking for Romanian,"[""Claudiu Creanga"", ""Liviu P. Dinu""]",,Cornell University / arXiv,2026,en,arXiv cs.CL,11,24821394,READY_FOR_INDEXING,data\raw\research\arxiv_LLM-as-a-Judge_for_Low-Resourc.pdf,7554a876ad6fa24b16952d2b43fc01dc1564898b0165a9b4ca4bac3fca7ac421
RES-000057,RESEARCH,Making Grid Beam Search Less Greedy,"[""Sean Papay"", ""Roman Klinger""]",,Cornell University / arXiv,2026,en,arXiv cs.CL,14,210380,READY_FOR_INDEXING,data\raw\research\arxiv_Making_Grid_Beam_Search_Less_G.pdf,0090fca22f7b879c36b1c6c07991dfc2a8f10c0d2608924828fd7c9de0991d21
RES-000058,RESEARCH,Taming Speculative Search for Test-Time Scaling in LLM Serving,"[""Jinwoo Jeong"", ""Woohyung Choi"", ""Myeongjae Jeon"", ""Jeongseob Ahn""]",,Cornell University / arXiv,2026,en,arXiv cs.DC,14,855855,READY_FOR_INDEXING,data\raw\research\arxiv_Taming_Speculative_Search_for.pdf,662312d6b65e74b488d28f8e8a97ba413439e7607b3857aa3c02095b525ddaee
RES-000059,RESEARCH,Writerslogic at PAN 2026: Process over Content for Robust Detection under Domain Shift,"[""David L. Condrey""]",,Cornell University / arXiv,2026,en,arXiv cs.CL,13,925362,READY_FOR_INDEXING,data\raw\research\arxiv_Writerslogic_at_PAN_2026__Proc.pdf,7f15e072180fb3101565a07f4399ef0d177f5c1c1dcb710491cf6a12dcfd7fe8
RES-000060,RESEARCH,"Right Order, Wrong Scale: Auditing LLM Judges for Occupational AI Measurement","[""Harry Lyu"", ""Neil Thompson""]",,Cornell University / arXiv,2026,en,arXiv cs.AI,27,644028,READY_FOR_INDEXING,data\raw\research\arxiv_Right_Order__Wrong_Scale__Audi.pdf,eed3909ddd45e68ee85e84435f65a638594800a644108cd56b835246bf08f0fd
RES-000061,RESEARCH,Evaluating Biomedical Reranking for LLM-Based Question Answering over Longitudinal Clinical Notes,"[""Maryam Shahbaz Ali"", ""Laura B. Strachan"", ""Caitlin Sherman"", ""Mark Kovler"", ""Eleanor Mackey"", ""Syed Muhammad Anwar""]",,Cornell University / arXiv,2026,en,arXiv cs.CL,5,880752,READY_FOR_INDEXING,data\raw\research\arxiv_Evaluating_Biomedical_Rerankin.pdf,fe53950687bc49339900de6d741fb7017bf71867d7b054c151878313788d2827
RES-000062,RESEARCH,Autonomous OSS Threat Detection via Taxonomy-Aligned LLMs,"[""Md. Robiul Islam Niloy""]",,Cornell University / arXiv,2026,en,arXiv cs.CR,17,526320,READY_FOR_INDEXING,data\raw\research\arxiv_Autonomous_OSS_Threat_Detectio.pdf,fddd703f666d4692d64d9fee39e6e2e0013e95198ad66682e202298c7c0a150e
RES-000063,RESEARCH,What Should an Agent Remember? Disentangling Retention from Retrieval in Bounded-Memory Evaluation,"[""Juli Huang""]",,Cornell University / arXiv,2026,en,arXiv cs.AI,8,300288,READY_FOR_INDEXING,data\raw\research\arxiv_What_Should_an_Agent_Remember.pdf,33a31a8d92bd638b5afff5adbf90d8e5fb1f986bdeb9a564d6110b41a8852795
RES-000064,RESEARCH,Re-ranking and Late Interaction Drive Retrieval Quality: A Controlled Comparison of RAG Strategies for Scientific Question Answering,"[""Bhagyesh Rathi"", ""Eshan Chawla"", ""William B. Andreopoulos""]",,Cornell University / arXiv,2026,en,arXiv cs.IR,9,322270,READY_FOR_INDEXING,data\raw\research\arxiv_Re-ranking_and_Late_Interactio.pdf,78307b348c36059b1de58971110b789c94387e407da74bb3282a03336c7947a3
RES-000065,RESEARCH,Effective Dense Retrieval using Only In-Context Examples,"[""Nour Jedidi"", ""Abdul Basit Ali"", ""Hang Li"", ""Jimmy Lin""]",,Cornell University / arXiv,2026,en,arXiv cs.IR,8,448718,READY_FOR_INDEXING,data\raw\research\arxiv_Effective_Dense_Retrieval_usin.pdf,208a3f52575399463bc953776b22d518f5762617a0fa2d9847d0076413cf7d33
RES-000066,RESEARCH,Which papyrus HTR is good enough? Character-error-rate tolerance of four papyrological tasks on Greek texts,"[""Anton Repushko"", ""Elena Chepel""]",,Cornell University / arXiv,2026,en,arXiv cs.CL,17,767105,READY_FOR_INDEXING,data\raw\research\arxiv_Which_papyrus_HTR_is_good_enou.pdf,2654750668b46036d1437e10dc15316d32e6407a80eb450b63b4173115298dc5
RES-000067,RESEARCH,Retrieval Sensitivity to Identity Signals in Queries,"[""Andrew Tang"", ""Nicholas Deas"", ""Kathleen McKeown"", ""Vishal Misra""]",,Cornell University / arXiv,2026,en,arXiv cs.CL,27,1356213,READY_FOR_INDEXING,data\raw\research\arxiv_Retrieval_Sensitivity_to_Ident.pdf,3889e5989e955d8e6f877d809a7aa32175b5872f47150ac8d89b8d084f255569
RES-000068,RESEARCH,Quantization Enables Private Dense Retrieval against Malicious Service Providers,"[""Louis Tremblay Thibault"", ""Sofiane Azogagh"", ""Marc-Olivier Killijian"", ""Ulrich A\u00efvodji""]",,Cornell University / arXiv,2026,en,arXiv cs.CR,24,1357143,READY_FOR_INDEXING,data\raw\research\arxiv_Quantization_Enables_Private_D.pdf,2f0c7aac94e7d8cc5bc9ab3652309bb16b30174001b91ff52e523b0226a52562
RES-000069,RESEARCH,PILLAR: Private Inverted-Index Lexical Lookup for Augmented Retrieval,"[""Truong Son Nguyen"", ""Daniel Blackley"", ""Ni Trieu"", ""Evgenios M. Kornaropoulos""]",,Cornell University / arXiv,2026,en,arXiv cs.AI,29,1744848,READY_FOR_INDEXING,data\raw\research\arxiv_PILLAR__Private_Inverted-Index.pdf,3d7ecfffad068586073b5930e6cf0f1cd12c9007e341c2379a0c12369ecdb80e
THS-000039,THESIS,"FAKTOR-FAKTOR RISIKO
OSTEOARTRITIS LUTUT","[""Maharani, Eka Pratiwi""]",,Universitas Diponegoro,2007,id,Universitas Diponegoro,2,16547,READY_FOR_INDEXING,data\raw\thesis\thesis_FAKTOR-FAKTOR_RISIKO__OSTEOART.pdf,92af32bda313150ddc1f0eb37b3f6bf92af27f94970c6b729a2f6f2d09bc0ac3
THS-000040,THESIS,"IMPLEMENTASI LISENSI MSRA (MICROSOFT SOFTWARE RENTAL AGREEMENT) SEBAGAI HAK UNTUK MENYEWAKAN (RENTAL RIGHT) SOFTWARE MICROSOFT PADA WARNET DI KOTA SEMARANG BERDASARKAN UNDANG-UNDANG NOMOR 19 TAHUN 2002 
TENTANG HAK CIPTA","[""Sudiro, Akhmad Purbo""]",,Universitas Diponegoro,2009,id,Universitas Diponegoro,1,13299,READY_FOR_INDEXING,data\raw\thesis\thesis_IMPLEMENTASI_LISENSI_MSRA__MIC.pdf,6217da8c27851fc8d24e98665bad8f10e2546d511f7c0b1e5b712e83c0565c09
THS-000041,THESIS,"KESESUAIAN LOKASI PENEMPATAN
TEMPAT PEMBUANGAN SAMPAH SEMENTARA (TPS)
DI IKK PACITAN","[""P, Prayitno""]",,Universitas Diponegoro,2008,en,Universitas Diponegoro,2,32553,READY_FOR_INDEXING,data\raw\thesis\thesis_KESESUAIAN_LOKASI_PENEMPATAN__.pdf,16b6d1b5c9a7b005dad63d27ece904354681dba61c17e50eddfafcbbc823be33
THS-000042,THESIS,Model Pengembangan Imbal Jasa Lingkungan Kolam Retensi Tawang Berkelanjutan,"[""Edi Santosa, -""]",,Universitas Diponegoro,2014,id,Universitas Diponegoro,51,158313,READY_FOR_INDEXING,data\raw\thesis\thesis_Model_Pengembangan_Imbal_Jasa_.pdf,4c418ad738e0f4b4cfb6d477c0f0dda047c6fa38c324540fe21710c332d84a52
THS-000043,THESIS,ANALISIS KEBUTUHAN JUMLAH TENAGA PERAWAT DI RUANG ANGGREK RSUD KABUPATEN GROBOGAN TAHUN 2002,"[""HASYIM, MOCH""]",,Universitas Diponegoro,2003,id,Universitas Diponegoro,1,27547,READY_FOR_INDEXING,data\raw\thesis\thesis_ANALISIS_KEBUTUHAN_JUMLAH_TENA.pdf,fdc2d9089b46d4a18d5fb4ff2835dfaf9ad9a34668d177ca1ff33fd2b07b00da
THS-000044,THESIS,"FORTIFICATION OF INORGANIC OR ORGANIC IRON WITH  PROVITAMIN A PUMPKIN (Cucurbita moschata) IN WET NOODLE 
TO INCREASE IRON BIOAVAILABILITY","[""Rustanti, Ninik"", ""Murwani, Retno"", ""Anwar, Syaiful""]",,Universitas Diponegoro,2009,en,Universitas Diponegoro,1,13055,READY_FOR_INDEXING,data\raw\thesis\thesis_FORTIFICATION_OF_INORGANIC_OR_.pdf,e327e7d11c18a569e1e4f094433d25194c3797afaaaff184c3af38ef8177930d
THS-000045,THESIS,KEBIJAKAN KRIMINALISASI DAN PERTANGGUNGJAWABAN PIDANA DALAM TINDAK PIDANA FISKAL,"[""Hardinata N., Anggiat Ris""]",,Universitas Diponegoro,2008,id,Universitas Diponegoro,1,12994,READY_FOR_INDEXING,data\raw\thesis\thesis_KEBIJAKAN_KRIMINALISASI_DAN_PE.pdf,927d35f2e566df02a5d3765a52ecb0bbc7e512c898672d9ecb1e01b4cee65b85
THS-000046,THESIS,"ANALISA KINEMATIKA DAN KINETIKA
PADA PERANCANGAN CONTAINER CRANE 
KAPASITAS 40 TON","[""PARYANTO, Paryanto"", ""SUGIYANTO, Sugiyanto"", ""JAMARI, Jamari""]",,Universitas Diponegoro,2009,id,Universitas Diponegoro,22,1382027,READY_FOR_INDEXING,data\raw\thesis\thesis_ANALISA_KINEMATIKA_DAN_KINETIK.pdf,e01821fb51e204483947a64c0c57339be34e63779325d01bb2027edb68785ebe
THS-000047,THESIS,"STUDIES ON PHYSIOLOGICAL AND METABOLIC RESPONSE TO
CARBOHYDRATE LOADING IN NEWLY HATCHED BROILER CHICKS","[""Sulistiyanto, Bambang""]",,Universitas Diponegoro,2001,id,Universitas Diponegoro,2,53997,READY_FOR_INDEXING,data\raw\thesis\thesis_STUDIES_ON_PHYSIOLOGICAL_AND_M.pdf,cf742e04fb5ca4bdaf5a87f0a904beaffd1ed1b39e5d89cbe5f0a3de5717a9d0
THS-000048,THESIS,PERENCANAAN TERPADU PENGELOLAAN AIR LIMBAH MENGANDUNG AMONIAK SECARA EFISIEN (STUDI KASUS DI PT PUPUK KALTIM BONTANG),"[""Hadiwijaya, Sutarman"", ""Purwanto, ."", ""Hadiyarto, Agus""]",,Universitas Diponegoro,2003,id,Universitas Diponegoro,5,29219,READY_FOR_INDEXING,data\raw\thesis\thesis_PERENCANAAN_TERPADU_PENGELOLAA.pdf,f06610d2791da2a1e2c9096b900068e15131f4bc84c12cd917ba7fb4a8db11a8
THS-000049,THESIS,"Y CHROMOSOME ABNORMALITY
IN PATIENTS WITH AMBIGUOUS GENITALIA","[""Wasilah , Siti"", ""Winarni, TI"", ""Susanto, Rudy""]",,Universitas Diponegoro,2008,id,Universitas Diponegoro,101,1277409,READY_FOR_INDEXING,data\raw\thesis\thesis_Y_CHROMOSOME_ABNORMALITY__IN_P.pdf,f10b1b2b06f3798bc81104c00e5c50010fe1808d1a969d5cbeb88129e626d03f
THS-000050,THESIS,KEHADIRAN BAKTERI PADA ORGAN CAHAYA CUMI-CUMI Loligo duvauceli,"[""Pringgaenies, Delianis""]",,Universitas Diponegoro,2003,id,Universitas Diponegoro,2,76700,READY_FOR_INDEXING,data\raw\thesis\thesis_KEHADIRAN_BAKTERI_PADA_ORGAN_C.pdf,597966e8c5f4a8e83d2cfa9085c34c469bc764b0d5b88b5a97627889b0a753af
THS-000051,THESIS,"INTERAKSI BIAYA SOSIAL, KINERJA SOSIAL, KINERJA KEUANGAN DAN LUAS PENGUNGKAPAN SOSIAL 
(PRAKTIK TANGGUNGJAWAB SOSIAL PERUSAHAAN GO PUBLIK DI BURSA EFEK INDONESIA","[""Hadi, Nor""]",,Universitas Diponegoro,2009,id,Universitas Diponegoro,42,791787,READY_FOR_INDEXING,data\raw\thesis\thesis_INTERAKSI_BIAYA_SOSIAL__KINERJ.pdf,3008cece9531c39694c6d7151e8b141244122f7acd5c2c868ffdf0d35663a139
THS-000052,THESIS,"Perbaikan Metode Kerja Menggunakan MOST
(Maynard Operation Sequence Technique)
Dalam Menentukan Waktu Standard 
Untuk Meningkatkan Output Produksi
(Studi Kasus Di PT Pratama Jaya Semarang)","[""Purwanggono, Bambang"", ""Susanto, Novie"", ""Saptorini, Agustina""]",,Universitas Diponegoro,2002,id,Universitas Diponegoro,1,8594,READY_FOR_INDEXING,data\raw\thesis\thesis_Perbaikan_Metode_Kerja_Menggun.pdf,c5888fc310105f2f942c6d31c52543cd581f1d35b7392117cf09a0a6317c25cc
THS-000053,THESIS,"KEMAMPUAN DAN KEMAUAN MASYARAKAT DALAM
MEMBAYAR RETRIBUSI KEBERSIHAN PADA TAHAP KOLEKTOR
DI LINGKUNGAN PERUMAHAN KOTA PEMALANG","[""NAJIB, GHOZINUN""]",,Universitas Diponegoro,2008,en,Universitas Diponegoro,2,34228,READY_FOR_INDEXING,data\raw\thesis\thesis_KEMAMPUAN_DAN_KEMAUAN_MASYARAK.pdf,b3c118fcf7a8a4346c6fb140dd0592c2617bfd2310a6c989b7adb05570e0d7a3
THS-000054,THESIS,PENENTUAN LOKASI PENGEMBANGAN AGROWISATA HORTIKULTURA JAMBU AIR DI KABUPATEN DEMAK,"[""PRANOTO, BUDIWAN SURYO""]",,Universitas Diponegoro,2007,id,Universitas Diponegoro,15,144731,READY_FOR_INDEXING,data\raw\thesis\thesis_PENENTUAN_LOKASI_PENGEMBANGAN_.pdf,3420f92a7aceea695466b8556a23aee47081aa83bf9795396b45f485b74ed28d
THS-000055,THESIS,"Penentuan Persediaan Suku Cadang Mesin Dengan Mempertimbangkan Keandalan
(Studi Kasus Di PT Apac Inti Corpora)","[""Santoso, Haryo"", ""Rosyada, Zainal Fanani"", ""Komariah, Ainur""]",,Universitas Diponegoro,2002,id,Universitas Diponegoro,1,8116,READY_FOR_INDEXING,data\raw\thesis\thesis_Penentuan_Persediaan_Suku_Cada.pdf,af5f87b76d8065e1c23b50a884faa55eaeebdbed3d00f37c0dd41342b98e19b0
THS-000056,THESIS,"The Attitude Of Pregnant Mother Against HIV And AIDS And VCT
(Voluntary Counseling & Test) on Mangunharjo Village, Tugu
Sub-District Semarang","[""Widyawati, Melyana Nurul""]",,Universitas Diponegoro,2009,en,Universitas Diponegoro,1,78902,READY_FOR_INDEXING,data\raw\thesis\thesis_The_Attitude_Of_Pregnant_Mothe.pdf,28061bfdca0c8a4ef6704682c51b5e000018ef56fb13629a7f3af283a01384c9
THS-000057,THESIS,"Analisa Moda Dan Efek Kegagalan
Sistem Folding Bed
(Studi Kasus Di PT Mega Andalan Kalasan)","[""Prastawa, Heru"", ""Saptadi, Singgih"", ""Kamal, Ali Khusni Farkhan""]",,Universitas Diponegoro,2002,id,Universitas Diponegoro,1,8729,READY_FOR_INDEXING,data\raw\thesis\thesis_Analisa_Moda_Dan_Efek_Kegagala.pdf,fcac680c592db20d63fa676cb28926b0b1f9bd5f27524b0c72e2c3f125dd5a1c
THS-000058,THESIS,"MODEL PENENTUAN KESESUAIAN PEMANFAATAN RUANG WILAYAH PESISIR DENGAN SISTEM INFORMASI GEOGRAFIS (SIG)
(Studi Kasus: Wilayah Pesisir Kota Semarang)","[""SEJATI, ANANG WAHYU""]",,Universitas Diponegoro,2007,id,Universitas Diponegoro,15,475282,READY_FOR_INDEXING,data\raw\thesis\thesis_MODEL_PENENTUAN_KESESUAIAN_PEM.pdf,934bcd648f31824fe685c34f2907251f527a194a0f72d75399de14c9188d18df
THS-000059,THESIS,KONFLIK BATAS WILAYAH DI ERA OTONOMI DAERAH DAN UPAYA PENYELESAIANNYA (STUDI KASUS KONFLIK BATAS WILAYAH ANTARA KABUPATEN TEBO DENGAN KABUPATEN BUNGO),"[""Nurbadri, N""]",,Universitas Diponegoro,2008,id,Universitas Diponegoro,1,27498,READY_FOR_INDEXING,data\raw\thesis\thesis_KONFLIK_BATAS_WILAYAH_DI_ERA_O.pdf,010eb753e6b7f202c61f58ebf7840e0d8ffb239e29361f62675985ae3935c418
THS-000060,THESIS,HUBUNGAN KONSUMSI LEMAK DAN KOLESTEROL DENGAN RESIKO TERJADINYA STROK(STUDI PASIEN RAWAT JALAN DIPOLIKLINIK PENYAKIT SYARAF BPRSUD KOTA SALATIGA),"[""TRI HARINI , NANING""]",,Universitas Diponegoro,2004,id,Universitas Diponegoro,2,50907,READY_FOR_INDEXING,data\raw\thesis\thesis_HUBUNGAN_KONSUMSI_LEMAK_DAN_KO.pdf,8e7401c4c199a2f701920edb3b8a8deb8c127d94772b3a6cd99befd1088f481e
THS-000061,THESIS,Sekolah Luar Biasa YPAC Di Semarang,"[""Nova, Sri""]",,Universitas Diponegoro,2009,id,Universitas Diponegoro,6,46866,READY_FOR_INDEXING,data\raw\thesis\thesis_Sekolah_Luar_Biasa_YPAC_Di_Sem.pdf,97e1f805f802ae68e2c98106d841041a0b6b2b0a7e543470dbd3e999f59920b4
THS-000062,THESIS,"FUNGSI TAMBAHAN (ACCESSORIES USE)
TERHADAP PERUBAHAN PENGGUNAAN LAHAN
PERUMAHAN:
STUDI KASUS KAWASAN JALAN RAYA UTAMA BINTARO
KOTA TANGERANG SELATAN","[""SARI, DIAH YULITA""]",,Universitas Diponegoro,2009,id,Universitas Diponegoro,29,869390,READY_FOR_INDEXING,data\raw\thesis\thesis_FUNGSI_TAMBAHAN__ACCESSORIES_U.pdf,0284f9004d0c3c6ced30c91667257f8d8a801024955ea0879c2eb6c6eac986a6
THS-000063,THESIS,PAJAK DAN RETRIBUSI DAERAH DAN PERANANNYA TERHADAP  PEMBANGUNAN DAERAH STUDI DI KAB.KOTAWARINGIN BARAT PROV.KALIMANTAN TENGAH),"[""Rusmawardi, Muhammad""]",,Universitas Diponegoro,2007,id,Universitas Diponegoro,2,11676,READY_FOR_INDEXING,data\raw\thesis\thesis_PAJAK_DAN_RETRIBUSI_DAERAH_DAN.pdf,f4102184398175fe70e3436bdb1a56912a2150978f6dda532e339d1ce9cbb9ef
THS-000064,THESIS,Model pengembangan kreativitas melalui kegiatan synectics,"[""Aziz, Rahmat""]",,UIN Maulana Malik Ibrahim Malang,2008,id,UIN Maulana Malik Ibrahim Malang,76,1118252,READY_FOR_INDEXING,data\raw\thesis\thesis_Model_pengembangan_kreativitas.pdf,083426fed0418c83e1125b893daea7e444a9b6d3eecec959c58dd7d386344a58
THS-000065,THESIS,Bahasa dan kekuasaan: Studi wacana politik Abdurrahman Wahid dalam perspektif hermeneutika Gadamerian,"[""Rahardjo, Mudjia""]",,UIN Maulana Malik Ibrahim Malang,2004,id,UIN Maulana Malik Ibrahim Malang,41,342348,READY_FOR_INDEXING,data\raw\thesis\thesis_Bahasa_dan_kekuasaan__Studi_wa.pdf,760488427b563bf6d9cf2db94616a640252b34ffdd0124105c2dd0b81f740f7c
THS-000066,THESIS,"Hubungan antara kecerdasan emosional dengan penyesuaian diri
dan kecenderungan berperilaku delinkuen pada remaja","[""Aziz, Rahmat""]",,UIN Maulana Malik Ibrahim Malang,1999,id,UIN Maulana Malik Ibrahim Malang,11,422367,READY_FOR_INDEXING,data\raw\thesis\thesis_Hubungan_antara_kecerdasan_emo.pdf,3090985f2ba4d4849907ffed272467b189a98b711a04ccdea3eb8020710a71aa
THS-000067,THESIS,Model pembelian kompulsif pada remaja,"[""Mangestuti, Retno""]",,UIN Maulana Malik Ibrahim Malang,2014,id,UIN Maulana Malik Ibrahim Malang,25,1033282,READY_FOR_INDEXING,data\raw\thesis\thesis_Model_pembelian_kompulsif_pada.pdf,7f3386c3b70b80f03401121c4a137d62f4c1c4d220aac291c36e0b6ca420871e
THS-000068,THESIS,"Tradisi pembacaan salawat dan madaih masyarakat Malang, Jawa Timur: Studi sosiologi sastra","[""Wargadinata, Wildana""]",,UIN Maulana Malik Ibrahim Malang,2009,en,UIN Maulana Malik Ibrahim Malang,1,185215,READY_FOR_INDEXING,data\raw\thesis\thesis_Tradisi_pembacaan_salawat_dan_.pdf,410aa26c1f4df6b27371a3d9b9cecc0cc576a66493d2b3d0c1189f8482ffad05
RES-000070,RESEARCH,CANOPY: Adaptive-Granularity Evidence Compression for Multimodal RAG,"[""Hyojeong Yun"", ""Jueun Kim"", ""Wook-Shin Han""]",,Cornell University / arXiv,2026,en,arXiv cs.IR,26,919459,READY_FOR_INDEXING,data\raw\research\arxiv_CANOPY__Adaptive-Granularity_E.pdf,031874263d2fe37a02d10155ffab7aa972cc609af7b383c2fee83b6a2ba65554
RES-000071,RESEARCH,TabJoinBench: A Benchmark for Joinable Table Discovery,"[""Sandipan De"", ""Jin Wang"", ""Vivek Gupta""]",,Cornell University / arXiv,2026,en,arXiv cs.DB,13,309832,READY_FOR_INDEXING,data\raw\research\arxiv_TabJoinBench__A_Benchmark_for.pdf,75917cf0bb623312623de1fefdbf17d36eb3a22a304f281d72b5b5681bcfc1ba
RES-000072,RESEARCH,Enterprise Representation Simplification (ERS): Reducing Representational Complexity for Enterprise AI,"[""Terry Dorsey"", ""Kevin Huggins""]",,Cornell University / arXiv,2026,en,arXiv cs.AI,29,562713,READY_FOR_INDEXING,data\raw\research\arxiv_Enterprise_Representation_Simp.pdf,0d3fd5f890ace824c1487766336b7ace3cb491d4ac9fde3eee3523d77d90756e
RES-000073,RESEARCH,Comparison of Common Crawl News & GDELT,"[""Ameir El Ouadi"", ""David Beskow""]",,Cornell University / arXiv,2026,en,arXiv cs.IR,3,101423,READY_FOR_INDEXING,data\raw\research\arxiv_Comparison_of_Common_Crawl_New.pdf,d84e1ad3197a74dcd2febed651e52d2d163248a329bc2880fe1722fe9eda2b69
RES-000074,RESEARCH,Decision-Oriented Recommendation Reranking: An Empirical Study of Jev,"[""Hanjia Lyu"", ""Yinglong Xia""]",,Cornell University / arXiv,2026,en,arXiv cs.IR,15,314708,READY_FOR_INDEXING,data\raw\research\arxiv_Decision-Oriented_Recommendati.pdf,091448159f48b02cf0d7a7f8b011ed17729077ebc3999f5facdea32868cce593
RES-000075,RESEARCH,Conversational Capture: A Trajectory-Level Framework for Evaluating Generative Engine Optimization in Multi-turn Human-Agent Interaction,"[""Junwei Yu"", ""Jieyu Zhou"", ""Mufeng Yang"", ""Yepeng Ding"", ""Hiroyuki Sato""]",,Cornell University / arXiv,2026,en,arXiv cs.HC,9,836451,READY_FOR_INDEXING,data\raw\research\arxiv_Conversational_Capture__A_Traj.pdf,75c9d5e2edbef71c7b643a2b78977281f1a2321b7399538883242881e48f1bd3
RES-000076,RESEARCH,Overview of BioASQ 2026: The fourteenth BioASQ Challenge on Large-Scale Biomedical Semantic Indexing and Question Answering,"[""Anastasios Nentidis"", ""Georgios Katsimpras"", ""Anastasia Krithara"", ""Martin Krallinger"", ""Miguel Rodr\u00edguez-Ortega"", ""Eduard Rodriguez-L\u00f3pez"", ""Natalia Loukachevitch"", ""Igor Rozhkov"", ""Elena Tutubalina"", ""Dimitris Dimitriadis"", ""Vasiliki Patsiou"", ""Grigorios Tsoumakas"", ""George Giannakoulas"", ""Alexandra Bekiaridou"", ""Athanasios Samaras"", ""Giorgio Maria Di Nunzio"", ""Nicola Ferro"", ""Stefano Marchesin"", ""Marco Martinelli"", ""Gianmaria Silvello"", ""Georgios Paliouras""]",,Cornell University / arXiv,2026,en,arXiv cs.CL,28,315903,READY_FOR_INDEXING,data\raw\research\arxiv_Overview_of_BioASQ_2026__The_f.pdf,46638f2eeb534081b9658aff59bff46758d9c1f65ca83033d6a008627aa3946b
RES-000077,RESEARCH,KUAISHOU Explorer LLM-Rec Challenge 2026: Reasoning Generative Recommendation,"[""Jiangxia Cao"", ""Hao Peng"", ""Wenlong Xu"", ""Jiaxin Deng"", ""Zhixin Ling"", ""Xingmei Wang"", ""Kun Shang"", ""Can Tang"", ""Zhihuai Cai"", ""Jun Du"", ""Fang Su"", ""Xiaojuan Liu"", ""Yiling Li"", ""Chenglong Yu"", ""Chongling Rao"", ""Haixuan Gao"", ""Haitao Xu"", ""Jian Liang"", ""Ruiming Tang"", ""Chenglong Chu"", ""Guohong Mu"", ""Honghui Bao"", ""Hui Wang"", ""Jialong Chen"", ""Jiao Ou"", ""Muhao Wei"", ""Peng Zhang"", ""Renpu Liu"", ""Ruochen Yang"", ""Shugui Liu"", ""Xinqi Jin"", ""Yan Sun"", ""Yifan Wang"", ""Yingzhi He"", ""Yufei Ye"", ""Yusen Huo"", ""Tingkuo Wang"", ""Jihong Zhang"", ""Lanxi Zhu"", ""Pengyuan Liu"", ""Zhipeng Yi"", ""Luankang Zhang"", ""Hang Lv"", ""Xuyang Zhi"", ""Tianyu Li"", ""Bintao Wu"", ""Chuang Ou"", ""Siyue Su"", ""Ziyuan Wang"", ""Yuliang Sun"", ""Baiyan Che"", ""Feiyang Xu"", ""Shiwen Zhang"", ""Shiteng Cao"", ""Chongcong Jiang"", ""Yuan Fang"", ""Xiangwu Yang"", ""Hao Deng"", ""Zijian Du"", ""Pengxun Wang"", ""Xiaoming Wang"", ""Shun Qin"", ""Yingqi Song"", ""Tianyi Li"", ""Naixiao Peng"", ""Chenyu Zhou"", ""Qiliang Jiang"", ""Quan Zheng"", ""Cheng Jin"", ""Siying Zeng"", ""Hongjia Xu"", ""Junwu Hu"", ""Teng Fu"", ""Zhengkang Mei"", ""Haijun Yu"", ""Kai Li"", ""Shengyang Zhou"", ""Zhijia Wei"", ""Siyi Xiong"", ""Bo Liu"", ""Zichun Guo"", ""Zhubin Han"", ""Jinpeng Fu"", ""Bingqian Liu"", ""Yuyi Wang"", ""Yu Liu"", ""Qinghai Tan"", ""Ruijie Zhou"", ""Zhuohang Li"", ""Zhijia Zhong"", ""Xiangnan He"", ""Jirong Wen"", ""Min Zhang"", ""Wenwu Ou"", ""Peng Jiang"", ""Han Li"", ""Kaiqiao Zhan"", ""Yanan Niu"", ""Lantao Hu"", ""Kun Gai""]",,Cornell University / arXiv,2026,en,arXiv cs.IR,23,1476381,READY_FOR_INDEXING,data\raw\research\arxiv_KUAISHOU_Explorer_LLM-Rec_Chal.pdf,9383b1d295c2673a962c2f4f3efc9112d526a3640a01d40476cade8016ddb069
RES-000078,RESEARCH,When the Label Ignores the Request: Auditing Policy-Selected Targets in Synthetic Conversational Music Recommendation,"[""Sanjeev Suresh""]",,Cornell University / arXiv,2026,en,arXiv cs.IR,6,452740,READY_FOR_INDEXING,data\raw\research\arxiv_When_the_Label_Ignores_the_Req.pdf,492d2f4b808ccc0321a89ff5c02c684ff9e6d45a88082691fc10c2c61ae6f565
RES-000079,RESEARCH,Working Around the Compute Ceiling: Byte-Exact Memory in Galahad Makes LLM Reading a One-Time Cost LLM Reading a One-Time Cost,"[""Sietse Schelpe""]",,Cornell University / arXiv,2026,en,arXiv cs.CL,10,382638,READY_FOR_INDEXING,data\raw\research\arxiv_Working_Around_the_Compute_Cei.pdf,eac431a411536d714d3413cdd03434037575170fb4de8c86bfae07532bc4dba5
RES-000080,RESEARCH,Generative End-to-end Ad Retrieval at Douyin,"[""Shaowen Zeng"", ""Yanhua Huang"", ""Jiacheng Sun"", ""Jiarui Liu"", ""Qian Dai"", ""Zhikai Yang"", ""Hancheng Li"", ""Boya Wu"", ""Tuoyu Zhang"", ""Yekui Chen"", ""Xiang Sun""]",,Cornell University / arXiv,2026,en,arXiv cs.IR,15,1132871,READY_FOR_INDEXING,data\raw\research\arxiv_Generative_End-to-end_Ad_Retri.pdf,84dc2bd96cd5de7840d3cf497926eb304d04bb4109fd4fa2b51dd9906d4f70f5
RES-000081,RESEARCH,Residual Trajectory Distillation for Generative Retrieval,"[""Weihao Shen"", ""Wei Chen"", ""Fuwei Zhang"", ""Guojun Liu"", ""Qingsong Hua"", ""Wei Lin"", ""Fuzhen Zhuang""]",,Cornell University / arXiv,2026,en,arXiv cs.IR,31,1956600,READY_FOR_INDEXING,data\raw\research\arxiv_Residual_Trajectory_Distillati.pdf,2fd4c022ca00d0ac2c1d5ac6f3597d5b4c8d77d33c8283c2accd42ae46706fda
RES-000082,RESEARCH,Learning Multiresolution Relevance for Hierarchical Generative Retrieval,"[""Weihao Shen"", ""Wei Chen"", ""Fuwei Zhang"", ""Guojun Liu"", ""Qingsong Hua"", ""Wei Lin"", ""Fuzhen Zhuang""]",,Cornell University / arXiv,2026,en,arXiv cs.IR,32,2100755,READY_FOR_INDEXING,data\raw\research\arxiv_Learning_Multiresolution_Relev.pdf,39b7dbe5cee41c51656c40cff78a4b73318197e052c39a6a739ec50b2d8e70eb
RES-000083,RESEARCH,Argument Structure Prediction in Online Conversations: A Comparative Study of Modeling Paradigms and Task Architectures,"[""Siddharth Bhargava"", ""Sara Tonelli"", ""Patricia Mart\u00edn-Rodilla"", ""Javier Parapar""]",,Cornell University / arXiv,2026,en,arXiv cs.CL,18,2090972,READY_FOR_INDEXING,data\raw\research\arxiv_Argument_Structure_Prediction.pdf,c9530ecdfa4bb8d29f2706f59468aa8fee495180cf46deceb65178dfbf86d0b8
RES-000084,RESEARCH,"O-Funnel: Lossless Structural Capture and Requirement-Driven Extraction from Drifting, Heterogeneous Documents","[""Osama Mustafa""]",,Cornell University / arXiv,2026,en,arXiv cs.DB,21,1018843,READY_FOR_INDEXING,data\raw\research\arxiv_O-Funnel__Lossless_Structural.pdf,e0eea114dd75af92f08e1002788ffbd61273387165a62a54e16245e2cf2810ff
RES-000085,RESEARCH,"A Shared Taste for Model-Written Text: The Generator-by-Selector Matrices of ""AI-AI Bias"" Show No Detectable Own-Model Premium","[""Dmitrij \u017batuchin""]",,Cornell University / arXiv,2026,en,arXiv cs.IR,10,386314,READY_FOR_INDEXING,data\raw\research\arxiv_A_Shared_Taste_for_Model-Writt.pdf,293fb6693b5d75c78770b4a96ce0df618cfc6c43f9f169a603662748faf24e0e
RES-000086,RESEARCH,Routing Between Generative and Collaborative User Profiles: A Serving-Time Gate for Controllable Novelty,"[""Milad Sabouri"", ""Neeraj Sharma"", ""Sardar Hamidian"", ""Shaghayegh Agah""]",,Cornell University / arXiv,2026,en,arXiv cs.IR,6,569756,READY_FOR_INDEXING,data\raw\research\arxiv_Routing_Between_Generative_and.pdf,26625603dc40303f7b6f870a9bf90cc0bb4f7217220ebaca9fb32f9a3d4b4384
RES-000087,RESEARCH,"Evidence First, Arithmetic Second: A System Report and Failure Analysis for DocSem","[""Divya Godara"", ""Sachin Gupta""]",,Cornell University / arXiv,2026,en,arXiv cs.CL,5,118737,READY_FOR_INDEXING,data\raw\research\arxiv_Evidence_First__Arithmetic_Sec.pdf,c3295a977bcc42c4cc63e0e5bdd1116082942202097ed51c746c982994512517
RES-000088,RESEARCH,RouteRec: Behavior-Guided Sparse Routing for Sequential Recommendation,"[""Junyeong Song"", ""Jaemin Yoo""]",,Cornell University / arXiv,2026,en,arXiv cs.IR,12,1354927,READY_FOR_INDEXING,data\raw\research\arxiv_RouteRec__Behavior-Guided_Spar.pdf,3a3215fbe445c624608db2098f42955b13f1006f2cb95d71014b1c390a78468c
RES-000089,RESEARCH,When LLM-Inferred User Context Adds Value in Production Streaming Recommendation,"[""Milad Sabouri"", ""Neeraj Sharma"", ""Sardar Hamidian"", ""Shaghayegh Agah""]",,Cornell University / arXiv,2026,en,arXiv cs.IR,6,592655,READY_FOR_INDEXING,data\raw\research\arxiv_When_LLM-Inferred_User_Context.pdf,2ee8101811969a939ba8caa411dfa1aeea0e78fc6c4bc935b609c4dbef3a1330
RES-000090,RESEARCH,Text-Video Retrieval via Multi-Dimensional Saliency Assessment and Granularity-Aware Query Decomposition,"[""Shuquan Wei"", ""Xi Chen"", ""Xu Chen"", ""Xiangyang Jia""]",,Cornell University / arXiv,2026,en,arXiv cs.IR,9,13197044,READY_FOR_INDEXING,data\raw\research\arxiv_Text-Video_Retrieval_via_Multi.pdf,58185fea97860a31fea8ba6ecf9865d93419a9da535f563e1060fb9bdd491c2c
RES-000091,RESEARCH,Breaking News Out of the Filter Bubble: Generative AI Search Diversifies Collective Attention and Raises Shared Information Consumption,"[""Heeseung Andrew Lee"", ""Dokyun Lee"", ""Gwanhoo Lee"", ""Dongwon Lee""]",,Cornell University / arXiv,2026,en,arXiv cs.CY,31,1989771,READY_FOR_INDEXING,data\raw\research\arxiv_Breaking_News_Out_of_the_Filte.pdf,d6a9544196c4d51745de2fd963ea8df20b3310554f7f2bb5e5d9072bc9a3b57a
RES-000092,RESEARCH,"TRACE: Target-Aware Retrieval, Attributed Evidence, and Contract-Constrained Extraction for LitTraceQA","[""Sachin Gupta"", ""Divya Godara""]",,Cornell University / arXiv,2026,en,arXiv cs.CL,8,297214,READY_FOR_INDEXING,data\raw\research\arxiv_TRACE__Target-Aware_Retrieval.pdf,210833d8b0c31bf53dbdda7eeafb3a8f792a7bdde323f8270d1262bd1aeb5ac2
RES-000093,RESEARCH,SkillSeek: Revisiting Agent Skill Retrieval at Marketplace Scale,"[""Guanqun Yang"", ""Wenlong Zhang"", ""Tian Shi"", ""Ping Wang""]",,Cornell University / arXiv,2026,en,arXiv cs.IR,16,576076,READY_FOR_INDEXING,data\raw\research\arxiv_SkillSeek__Revisiting_Agent_Sk.pdf,baa0298c0dd10c70e5777f2187161b885ca46c7c41052a264daf7146e94e7759
RES-000094,RESEARCH,PatchHolmes: Agentic Patch Retrieval via Listwise Selection,"[""Guanqun Yang"", ""Yingming Zhou"", ""Jiangrui Zheng"", ""Shudong Hao"", ""Xueqing Liu""]",,Cornell University / arXiv,2026,en,arXiv cs.IR,20,636505,READY_FOR_INDEXING,data\raw\research\arxiv_PatchHolmes__Agentic_Patch_Ret.pdf,09d30e3cabb1409bc9b3daff7637bc6e6ccd4a951693b481ddb2a293a9f43649
RES-000095,RESEARCH,Learning to Route in Visual Space via Multi-Step Embedding Retrieval,"[""Tianyu Chen"", ""Mingyuan Zhou"", ""Jiaxing Wu""]",,Cornell University / arXiv,2026,en,arXiv cs.AI,39,22492655,READY_FOR_INDEXING,data\raw\research\arxiv_Learning_to_Route_in_Visual_Sp.pdf,43bc343798225259ecb6d7b08b608b8cb36fa718625b2fe530244b1d751f355a
RES-000096,RESEARCH,Exploring Forum Post Retrieval with Generative Modeling,"[""Yang Li"", ""Yaguang Liu"", ""Heng Liu"", ""Samson Komo"", ""Jane Kou"", ""Yulian Zhou"", ""Gang Yang"", ""Shubhojeet Sarkar"", ""Gaurav Chakravorty"", ""Yujie Liu"", ""Haipeng Chen"", ""Yonghuan Yang"", ""Deepti Chheda"", ""Yamin Wang"", ""Mike Plumpe"", ""Rish Tandon"", ""Shengbo Guo""]",,Cornell University / arXiv,2026,en,arXiv cs.IR,11,364527,READY_FOR_INDEXING,data\raw\research\arxiv_Exploring_Forum_Post_Retrieval.pdf,8da012e22c073a4d88645c7a9e1cb47be66189cf07032c84a549bee72cdd824c
RES-000097,RESEARCH,Component-Aware Feedback for Self-Evolving Programs,"[""Ethan Lin"", ""Jinming Nian"", ""Yi Fang""]",,Cornell University / arXiv,2026,en,arXiv cs.AI,29,593590,READY_FOR_INDEXING,data\raw\research\arxiv_Component-Aware_Feedback_for_S.pdf,6b17f0f1d4d9891322fd9bedd2c01602242cdbe4a30b039cece4022bbb9d89c9
RES-000098,RESEARCH,AdaM-Rec: Adaptive Modality Routing for Multimodal Recommendation,"[""Honghao Fu"", ""Jiacheng Chen"", ""Manxi Lin"", ""Junjun Zheng"", ""Xiangheng Kong"", ""Yiwei Wang"", ""Xin Yu"", ""Miao Xu"", ""Yuning Jiang"", ""Yujun Cai""]",,Cornell University / arXiv,2026,en,arXiv cs.IR,20,676436,READY_FOR_INDEXING,data\raw\research\arxiv_AdaM-Rec__Adaptive_Modality_Ro.pdf,86587c18586dec0cd5e7d2f877cdeec01b14c45e9fe613e215c4323d310b8e71
RES-000099,RESEARCH,Doc2LoRA Provides Decodable Representations of Scientific Ideas,"[""Chand Sahil Mansuri"", ""Joel Zachariah"", ""Sadamori Kojaku""]",,Cornell University / arXiv,2026,en,arXiv cs.CL,32,826337,READY_FOR_INDEXING,data\raw\research\arxiv_Doc2LoRA_Provides_Decodable_Re.pdf,fd97eaee7ac05af96b4581d9289408a91a7d812d6eae40187fc712a59047a166
RES-000100,RESEARCH,TAGGRAPH: Tag-Augmented Graphs for Graph Retrieval of Agent Persistent Histories,"[""Yu-Shu Chen"", ""Yu-Jung Liang"", ""Pengtao Xie""]",,Cornell University / arXiv,2026,en,arXiv cs.IR,20,208056,READY_FOR_INDEXING,data\raw\research\arxiv_TAGGRAPH__Tag-Augmented_Graphs.pdf,677f2e609b052b18505948e44da7d2632b4270a4a85b5a2f99433f4a269bfcdf
RES-000101,RESEARCH,Beyond the Timeline: Augmenting Long-Video Memory with Grounded Entity Biographies,"[""Hui Ren"", ""Lei Fan"", ""Henry Pao"", ""Han Guo"", ""Zeeshan Zia"", ""Ying Chen"", ""Alexander Schwing"", ""Gang Hua""]",,Cornell University / arXiv,2026,en,arXiv cs.CV,29,1864569,READY_FOR_INDEXING,data\raw\research\arxiv_Beyond_the_Timeline__Augmentin.pdf,6268976e9d128396a3b85c0cf4da674bdd566241f0663c898d1f425c00f2f19e
RES-000102,RESEARCH,"Privacy in Personalized AI Is a System Property, Not Just a Model Property","[""Guillaume Salha-Galvan"", ""Jiaying Xu""]",,Cornell University / arXiv,2026,en,arXiv cs.CR,8,128571,READY_FOR_INDEXING,data\raw\research\arxiv_Privacy_in_Personalized_AI_Is.pdf,82ae4604f85397085cb2bace5efa1ace8a49db8bb051ae1af0e70b244edcf30a
RES-000103,RESEARCH,"Auditing Long-Term Memory Evaluation: Repeated Judging, Reader Variation, and Negative Controls","[""Christopher J. Chanhnourack""]",,Cornell University / arXiv,2026,en,arXiv cs.CL,23,345310,READY_FOR_INDEXING,data\raw\research\arxiv_Auditing_Long-Term_Memory_Eval.pdf,68f0eaf449bbe884e73127d739981d05406660a0410fca2ad0df640d518052c6
RES-000104,RESEARCH,ViLegalExpert: A Large-Scale Benchmark for Vietnamese Legal Retrieval and Question Answering from Real-World Consultations,"[""Dat Tien Nguyen"", ""Nghia Hieu Nguyen"", ""Anh Thi-Hoang Nguyen"", ""Dung Ha Nguyen"", ""Kiet Van Nguyen"", ""Ngan Luu-Thuy Nguyen""]",,Cornell University / arXiv,2026,en,arXiv cs.CL,15,384830,READY_FOR_INDEXING,data\raw\research\arxiv_ViLegalExpert__A_Large-Scale_B.pdf,aeba13d3fe51c50c4f6378d0c455808484f3f991f7a0c47e107e91be721fa8bc
RES-000105,RESEARCH,False Frontiers: Diagnosing and Mitigating Co-Cheating in Self-Evolving Search Agents,"[""Meijia Chen"", ""Hao Li"", ""Zheng Lu"", ""Hongshan Lin"", ""Junbai Tian"", ""Yichen Liu"", ""Zijun Tian"", ""Yufan Zou"", ""Shuhan Sun"", ""Hanxin Chen"", ""Zeyu Zhang"", ""Weizhi Du"", ""Yueting Li"", ""Tianyu Shi"", ""Alaa Khamis""]",,Cornell University / arXiv,2026,en,arXiv cs.CL,21,1273525,READY_FOR_INDEXING,data\raw\research\arxiv_False_Frontiers__Diagnosing_an.pdf,ca24774e06ccb40d84858e0dcb326bd545f4ee6abd0fd4bc833a659043a557dc
RES-000106,RESEARCH,CORE: Conflict-Oriented Reasoning Elimination for Verifiable Language-Model Search,"[""Siyu Song"", ""Rui Xu"", ""Jia Lin"", ""Kai Liu"", ""Weifang Wang""]",,Cornell University / arXiv,2026,en,arXiv cs.CL,9,407259,READY_FOR_INDEXING,data\raw\research\arxiv_CORE__Conflict-Oriented_Reason.pdf,3b6fe44fb51ccece6bc39957b3df4a364e706981823e52d45a45731659a26749
RES-000107,RESEARCH,"Targeted Retrieval, Compact Representations: How CoT Reasoning Improves Long-Context Counting","[""Liang Twist Shan"", ""Tianyu Hu"", ""Hao Yan"", ""Yiqiao Zhong""]",,Cornell University / arXiv,2026,en,arXiv cs.AI,73,4837524,READY_FOR_INDEXING,data\raw\research\arxiv_Targeted_Retrieval__Compact_Re.pdf,e2c6e24fb214aa222e787aed1cd406ba97ddc637d80b220fc59a35c7727132bb
RES-000108,RESEARCH,Shifting Mechanisms: How Positional Encoding Choice Shapes In-Context Retrieval,"[""Eric Enouen"", ""Sainyam Galhotra""]",,Cornell University / arXiv,2026,en,arXiv cs.CL,22,1686806,READY_FOR_INDEXING,data\raw\research\arxiv_Shifting_Mechanisms__How_Posit.pdf,dcdce753b16f47c2a2ba64b4f4c1d08e798c08bab583efc006ebcc477fff43e8
RES-000109,RESEARCH,SelfSearch: Reward-Free Search for Self-Improving Agents,"[""Jungwoo Yang"", ""Injin Kong"", ""Yohan Jo""]",,Cornell University / arXiv,2026,en,arXiv cs.AI,20,553667,READY_FOR_INDEXING,data\raw\research\arxiv_SelfSearch__Reward-Free_Search.pdf,d11ae6ddb02ef3ebb3cfc39c7c67be1c5d5be5c2aab9b4adedf097da674330cb
RES-000110,RESEARCH,Retrieval Capacity of Self-Attention Under Competition,"[""Timur Mudarisov"", ""Mikhail Burtsev"", ""Radu State""]",,Cornell University / arXiv,2026,en,arXiv cs.CL,39,2544230,READY_FOR_INDEXING,data\raw\research\arxiv_Retrieval_Capacity_of_Self-Att.pdf,99673874e7322e93df38980ebb626f47df2944e42af9a0d89d5f0eedde38ae1d
RES-000111,RESEARCH,Corpus-Guided Dual-Path Propagation for Graph Retrieval-Augmented Generation,"[""Baoxian Liu"", ""Tong Wei""]",,Cornell University / arXiv,2026,en,arXiv cs.CL,22,1247275,READY_FOR_INDEXING,data\raw\research\arxiv_Corpus-Guided_Dual-Path_Propag.pdf,85e2565b8d7336f4e5142692ea8bc07d71754cfad08c54b35f4b088da22559ed
RES-000112,RESEARCH,MERGE: Multi-LLM Ensemble for Retrieval via Generative Enrichment,"[""Tzu-I Ho"", ""Yung-Yu Shih"", ""Shang-Yu Su"", ""Dongzhe Wang"", ""Yun-Nung Chen""]",,Cornell University / arXiv,2026,en,arXiv cs.IR,11,349213,READY_FOR_INDEXING,data\raw\research\arxiv_MERGE__Multi-LLM_Ensemble_for.pdf,bd36da1ac51b1d51aa23687c97503ea9761435606bfbf9d809404255e3cf3e1a
RES-000113,RESEARCH,Learning to Retrieve Missing Evidence for Long-Term Memory QA,"[""Yi-Xuan Deng"", ""Yi Zhang"", ""Wei Liu"", ""Chao Xue"", ""Shuojin Yang""]",,Cornell University / arXiv,2026,en,arXiv cs.CL,25,856001,READY_FOR_INDEXING,data\raw\research\arxiv_Learning_to_Retrieve_Missing_E.pdf,2ad34f8c9792fa2f42aa447284108f77c4e4882f921db1a9901ac037749ed224
RES-000114,RESEARCH,SemOPT: Fixing Semantic Errors in LLM-based Optimization Modeling via Reward-Guided Search,"[""Zetong Zhou"", ""Wentao Zhang"", ""Jingyuan Wang"", ""Yifan Yang"", ""Zizhuo Wang"", ""Shixi Hu""]",,Cornell University / arXiv,2026,en,arXiv cs.CL,17,2340542,READY_FOR_INDEXING,data\raw\research\arxiv_SemOPT__Fixing_Semantic_Errors.pdf,734d9932e065d0c21f91461058c661f1da5a2d359e7951242bf0f646238497e9
RES-000115,RESEARCH,Follow the Entities: A Corpus Map for Agentic Search,"[""Soyeong Jeong"", ""Sujay Kumar Jauhar"", ""Sung Ju Hwang"", ""Andrew Joohun Nam""]",,Cornell University / arXiv,2026,en,arXiv cs.CL,29,523503,READY_FOR_INDEXING,data\raw\research\arxiv_Follow_the_Entities__A_Corpus.pdf,de52222fe3bc1d16ba62d3f193d2986b5a183a60913d5c17829cd01922e16373
RES-000116,RESEARCH,"Traverse: Learning When to Remember, Reset, and Redirect for Long-Horizon Web Search","[""Jingyuan Ma"", ""Lynx Aster"", ""He Zhang"", ""Siyao Song"", ""Weijie Yuan"", ""Zhe Zhang"", ""Kai Jia"", ""Zhifang Sui""]",,Cornell University / arXiv,2026,en,arXiv cs.CL,27,1649929,READY_FOR_INDEXING,data\raw\research\arxiv_Traverse__Learning_When_to_Rem.pdf,501d2e82878003ca9849e6b6a9b59f583eb2b2b0044d2d1d738a98f8b8cde53b
RES-000117,RESEARCH,Gödel Forest: Balancing Search Depth and Breadth for Data-Centric Recursive Self-Improvement,"[""Ziqi Zhao"", ""Fanqing Meng"", ""Haocheng Lu"", ""Lingxiao Du"", ""Qiguang Chen"", ""Mengkang Hu"", ""Xiao-Ming Wu""]",,Cornell University / arXiv,2026,en,arXiv cs.CL,13,1751696,READY_FOR_INDEXING,data\raw\research\arxiv_G_del_Forest__Balancing_Search.pdf,bc961fae3279013631ea87480cb4bb74edcebb8e9611af245f2f8ec9fb001a5c
RES-000118,RESEARCH,Grounded Revision vs. Prior Injection: Probing Retrieval-Augmented Patent Claim Amendment,"[""Josepha Michiko Leo"", ""Hyun-seok Min"", ""Yehoon Jang"", ""Irvan Zidny"", ""Jin-Woo Chung"", ""Sungchul Choi""]",,Cornell University / arXiv,2026,en,arXiv cs.CL,19,841737,READY_FOR_INDEXING,data\raw\research\arxiv_Grounded_Revision_vs__Prior_In.pdf,454a54d51d5c660741f86d9cc8856affedb50d92d62dfe6d28b9efbf7e7f520f
RES-000119,RESEARCH,MoRE: Scaling mixture of experts with hardware-aware low-rank routing,"[""Honam Wong"", ""Surbhi Goel"", ""Enric Boix-Adser\u00e0""]",,Cornell University / arXiv,2026,en,arXiv cs.LG,52,1466185,READY_FOR_INDEXING,data\raw\research\arxiv_MoRE__Scaling_mixture_of_exper.pdf,b111996249b04558a4bbc1916115fa350feb5395caf789983b93664bf72f3906
RES-000120,RESEARCH,Retrieving Biblical Intertextual References in Karen Blixen's Seven Gothic Tales,"[""Andr\u00e1s Kov\u00e1cs"", ""Alexander Conroy"", ""Daniel Hershcovich"", ""Jens Bjerring-Hansen""]",,Cornell University / arXiv,2026,en,arXiv cs.CL,19,899748,READY_FOR_INDEXING,data\raw\research\arxiv_Retrieving_Biblical_Intertextu.pdf,23e2d698cc6d00de4ffb793970263046c46cd1774e466c0023fb639fce3fa725
RES-000121,RESEARCH,Rethinking Personalized Generation: Test-Time Alignment via Factorized Ranking Models,"[""Qiyao Ma"", ""Junshan Zhang"", ""Zhe Zhao""]",,Cornell University / arXiv,2026,en,arXiv cs.LG,27,2274749,READY_FOR_INDEXING,data\raw\research\arxiv_Rethinking_Personalized_Genera.pdf,daee46d659f4ae145e6bdd51ef00751d4576275daab6fb699fd69e7e3b12be36
RES-000122,RESEARCH,ColNanoVDR: Document-Free Query Distillation for Multi-Vector Visual Document Retrieval via Optimal Transport,"[""Zhuchenyang Liu"", ""Ziyi Wang"", ""Yao Zhang"", ""Yu Xiao""]",,Cornell University / arXiv,2026,en,arXiv cs.IR,20,1050010,READY_FOR_INDEXING,data\raw\research\arxiv_ColNanoVDR__Document-Free_Quer.pdf,07b78586f29a2ff7c3c7096c4a7d8964da1e1d309395e9dae7507bcaeaa4f38f
RES-000123,RESEARCH,"One Readout, Many Repairs: Diffusion-Guided Hierarchical Search for Tool-Agent Repair","[""Xiang Xia"", ""Cheng Yan"", ""Wuyang Zhang"", ""Fan Xu"", ""Zhijun Fan"", ""Shuyuan Zhang"", ""Yanyong Zhang""]",,Cornell University / arXiv,2026,en,arXiv cs.AI,22,1094888,READY_FOR_INDEXING,data\raw\research\arxiv_One_Readout__Many_Repairs__Dif.pdf,3522df9f575833747c5df55dd210e0599ad399e7fc7e698fb8fc5c300f0d7736
RES-000124,RESEARCH,ReMCTS: Reflection-Enhanced Monte Carlo Tree Search for Code Generation,"[""Huifei Wang"", ""Xinying Huang"", ""Yiheng Sun"", ""Yifan Yuan""]",,Cornell University / arXiv,2026,en,arXiv cs.CL,21,948560,READY_FOR_INDEXING,data\raw\research\arxiv_ReMCTS__Reflection-Enhanced_Mo.pdf,19ece3c87da9720a36ad81afd827c31bb306bf28f34a4ae85a72fb754b4394ce
RES-000125,RESEARCH,Remember by Asking: Retrieval-Induced Memory Evolution for LLM Agents,"[""Wanqi Zhou"", ""Jiawei Lu"", ""Yang Wang"", ""Zhaolong Xing"", ""Zhen Chen"", ""Ai Han"", ""Haoyue Shi""]",,Cornell University / arXiv,2026,en,arXiv cs.CL,5,800962,READY_FOR_INDEXING,data\raw\research\arxiv_Remember_by_Asking__Retrieval-.pdf,735b4706b34a4e4ebab234ecec6b2b791ab3cf8284cdf97598597c8cd7ff0459
RES-000126,RESEARCH,Conformal Factuality Control for Multi-Hop Retrieval-Augmented Generation,"[""Muhammad Aimal Rehman"", ""Chi-Kuang Yeh""]",,Cornell University / arXiv,2026,en,arXiv cs.CL,15,835605,READY_FOR_INDEXING,data\raw\research\arxiv_Conformal_Factuality_Control_f.pdf,7514145e082fcae5df906d0535868443a4ce2757d9465b881c00d7fde9aa561e
RES-000127,RESEARCH,SlopBench: How Well Can We Rank Language Models by Slop? A Multi-Domain Benchmark of Repetitive AI Writing,"[""Dhruv Roongta"", ""Harsha Gaddipati"", ""Anh Tuan Huynh""]",,Cornell University / arXiv,2026,en,arXiv cs.CL,12,340292,READY_FOR_INDEXING,data\raw\research\arxiv_SlopBench__How_Well_Can_We_Ran.pdf,7b1582c05ad44cd58ffd963c2508c57f377e0cac0187c1e3f478cbe60639bc8d
RES-000128,RESEARCH,CORA: A Protocol for Diagnosing Boundary Robustness in Text-to-Audio Retrieval under Query Reformulations,"[""Jae Min Woo"", ""Kyongmin Kong"", ""Bogyung Jeong"", ""Minjeong Kim"", ""HaeJun Yoo"", ""Du-Seong Chang""]",,Cornell University / arXiv,2026,en,arXiv cs.SD,25,498598,READY_FOR_INDEXING,data\raw\research\arxiv_CORA__A_Protocol_for_Diagnosin.pdf,448f1245226d4fe666951d4495997029c00a974a5e6c0dafc7b5181139dc506f
RES-000129,RESEARCH,The Key Handoff: Retrieval in Hybrid Language Models,"[""Kaan Kale"", ""Oguzhan Baser"", ""Sriram Vishwanath""]",,Cornell University / arXiv,2026,en,arXiv cs.CL,36,1171349,READY_FOR_INDEXING,data\raw\research\arxiv_The_Key_Handoff__Retrieval_in.pdf,bc1999c8c96f204e83d7c00a58ea4a4ad5d33d413bd5e5a0db377a89a8b510b6
RES-000130,RESEARCH,IGSD: Environment-Verified Hindsight Self-Distillation for Search Agents,"[""Angqing Jiang"", ""Gaoming Zhang"", ""Chaoqun Zhang"", ""Jianchun Song"", ""Liyuan Kong"", ""Kena Qi"", ""Wei Lin"", ""Defu Lian""]",,Cornell University / arXiv,2026,en,arXiv cs.AI,18,1260709,READY_FOR_INDEXING,data\raw\research\arxiv_IGSD__Environment-Verified_Hin.pdf,ea0a670c2b385c79e00c1c8e40e4d6045adc877ceae220f825256b1d744b8cf0
RES-000131,RESEARCH,Retrieved but Not Delivered: Multimodal Memory Delivery for Long-Term Agents,"[""Yuhang Jiang"", ""Qingwei Liao"", ""Kaize Yin"", ""Xingling Liu"", ""Luca Cuomo"", ""Silvio Bacci""]",,Cornell University / arXiv,2026,en,arXiv cs.CV,32,1872338,READY_FOR_INDEXING,data\raw\research\arxiv_Retrieved_but_Not_Delivered__M.pdf,827e75a1b0b1bf95f950585ad838ba36dfc109f10dca62efdbf3bace53c8684a
RES-000132,RESEARCH,Stale-Document Poisoning: When Outdated Retrieval Overrides Correct Model Answers,"[""Md Shamim Ahmed"", ""Lukas Galke Poech"", ""Richard R\u00f6ttger""]",,Cornell University / arXiv,2026,en,arXiv cs.CL,17,789252,READY_FOR_INDEXING,data\raw\research\arxiv_Stale-Document_Poisoning__When.pdf,46adf59a3c0b06eaeae9c3e92b30da36f1c8be1f4af0061409c25d1634b5f5ce
RES-000133,RESEARCH,Evaluating Sycophancy in Chinese Large Language Models on Factual Questions Derived from Online Search Queries,"[""Geng Liu"", ""Feng Li"", ""Mengxiao Zhu"", ""Francesco Pierri""]",,Cornell University / arXiv,2026,en,arXiv cs.CL,19,1011553,READY_FOR_INDEXING,data\raw\research\arxiv_Evaluating_Sycophancy_in_Chine.pdf,f3722fb03dcd8cddc4f5bda48e624bad85f5115693569ed2f01e5a6d12775449
RES-000134,RESEARCH,Epstein Files Engine: Agentic Search for Investigative Journalism,"[""Duy K. Nguyen"", ""Teresa Mondr\u00eda Terol"", ""Dylan Freedman"", ""Zach Seward""]",,Cornell University / arXiv,2026,en,arXiv cs.HC,6,1151259,READY_FOR_INDEXING,data\raw\research\arxiv_Epstein_Files_Engine__Agentic.pdf,9432c35523c7267cdd5d0eb2c287cff68b4771f6e3d3c5255650a5fdf5873a24
RES-000135,RESEARCH,"The Hard Part Comes After Search: Benchmarking Web Agents on Synthesizing, Organizing, and Displaying Knowledge","[""Alexander Gill"", ""Md Farhan Ishmam"", ""Xuyen Nguyen"", ""Neha Bhat"", ""Parker Henry DeYoung"", ""Fateme Hashemi Chaleshtori"", ""Nathan Stringham"", ""Kenneth Marino"", ""Ana Marasovi\u0107""]",,Cornell University / arXiv,2026,en,arXiv cs.CL,42,1240939,READY_FOR_INDEXING,data\raw\research\arxiv_The_Hard_Part_Comes_After_Sear.pdf,ddaa94572c0c0384c597defc5a505881791832b0f13020dea54c909c0b55eb27
RES-000136,RESEARCH,CARGO: Context-Aware Retrieval-Gated Evaluation of Agentic AI in Production,"[""Mukul Chhabra"", ""Shail Patel"", ""Luigi Medrano""]",,Cornell University / arXiv,2026,en,arXiv cs.CL,16,318747,READY_FOR_INDEXING,data\raw\research\arxiv_CARGO__Context-Aware_Retrieval.pdf,63ff2146c1a85805147f800602677112560d4b57f0aad552771f1b1a1f3210c6
RES-000137,RESEARCH,Where Does Retrieval-Based Open-Ended Evaluation Fail? Automatic Taxonomy Induction from Long-Form Medical Answer Factuality Verification,"[""Heyuan Huang"", ""Jirui Dai"", ""Alexandra DeLucia"", ""Sonal Joshi"", ""Mahsa Yarmohammadi"", ""Jie Gao"", ""Bernal Jim\u00e9nez Guti\u00e9rrez"", ""Mark Dredze""]",,Cornell University / arXiv,2026,en,arXiv cs.CL,32,645312,READY_FOR_INDEXING,data\raw\research\arxiv_Where_Does_Retrieval-Based_Ope.pdf,76d8fa791bf847c2316514a0be43ded93f692229b28672d50edd877378e9a820
RES-000138,RESEARCH,Page-Aware Retrieval-Augmented Generation for EvalLLM 2026: A Five-Variant Study on French PDFs,"[""Abdelhak kelious""]",,Cornell University / arXiv,2026,en,arXiv cs.AI,5,260016,READY_FOR_INDEXING,data\raw\research\arxiv_Page-Aware_Retrieval-Augmented.pdf,a829c371b6191a6c42e21e0f3080ab06fb895596cb9c3b92c3ff0bd68e758db7
RES-000139,RESEARCH,A Function-Level Vulnerability Score Measures Flag Rate More Than the Model: Protocol Effects on Paired Benchmarks,"[""Maciej Cicho\u0144"", ""Bart\u0142omiej Dmitruk""]",,Cornell University / arXiv,2026,en,arXiv cs.LG,20,301262,READY_FOR_INDEXING,data\raw\research\arxiv_A_Function-Level_Vulnerability.pdf,e28311379a016b1e8b585c63edb404f82b7c19c560a214bbd57284284bb05851
RES-000140,RESEARCH,When Does Dense Retrieval Need Asymmetric Geometry? A Bias-Variance Theory of Shared and Dual Projections,"[""Maojun Sun"", ""Yancheng Yuan"", ""Jian Huang"", ""Ruijian Han""]",,Cornell University / arXiv,2026,en,arXiv cs.IR,21,1095834,READY_FOR_INDEXING,data\raw\research\arxiv_When_Does_Dense_Retrieval_Need.pdf,88e4c754dcee233c07c04164b37ef20fe38d7dda819fbf1d355050bcc57741bb
RES-000141,RESEARCH,"Human Activity Recognition via Ultra-Wideband Data: A Framework for Dimensionality Reduction, Pattern Discovery, and Predictive Modeling","[""Nahid Sahel Gozin"", ""Reza Sedaghat"", ""Prathap Siddavaatam""]",,Cornell University / arXiv,2026,en,arXiv cs.LG,14,2483583,READY_FOR_INDEXING,data\raw\research\arxiv_Human_Activity_Recognition_via.pdf,4724108a79281b455c7093936d03f9b8cf4bd27580fe473035366cde437bc562
RES-000142,RESEARCH,Return or Revise? Learning When Revision Helps Retrieval-Augmented QA,"[""Nicholas Kashani Motlagh"", ""Tim Anderson"", ""Jeremy Gwinnup"", ""Grant Erdmann""]",,Cornell University / arXiv,2026,en,arXiv cs.CL,25,414930,READY_FOR_INDEXING,data\raw\research\arxiv_Return_or_Revise__Learning_Whe.pdf,b66fa176fb35a815b74cccf73a819d7c81d79a878ef2194fcc64a5d7a14cd635
RES-000143,RESEARCH,The Fellowship of the Query: Learning Retrieval Actions,"[""Mohammed Al-Maamari"", ""Saber Zerhoudi"", ""Michael Granitzer"", ""Jelena Mitrovi\u0107""]",,Cornell University / arXiv,2026,en,arXiv cs.IR,5,535938,READY_FOR_INDEXING,data\raw\research\arxiv_The_Fellowship_of_the_Query__L.pdf,28d254e9c59f1409f553f0e9e5a5e29375ebe093fc21726e60167f1791c1dd23
RES-000144,RESEARCH,TEMPS: Temporal Sentence Embeddings for Temporal Information Retrieval,"[""Mourad Hassani"", ""Julien Romero"", ""Amel Bouzeghoub"", ""Christian Jacquelinet""]",,Cornell University / arXiv,2026,en,arXiv cs.CL,24,1609111,READY_FOR_INDEXING,data\raw\research\arxiv_TEMPS__Temporal_Sentence_Embed.pdf,6a2d8c9835e25bde03627ecb4de5543d0344d067c3c74bd71046d0eb24b54659
RES-000145,RESEARCH,Evaluating Open-Weight LLMs for Turkish Domain Documents Under Retrieval and Hardware Constraints,"[""Imtiaz Ul Hassan"", ""\u00d6yk\u00fc Akbulut"", ""Onur Kaya"", ""Ardhendu Behera"", ""Swagat Kumar"", ""Peter Matthew"", ""Yonghuai Liu""]",,Cornell University / arXiv,2026,en,arXiv cs.CL,6,1714701,READY_FOR_INDEXING,data\raw\research\arxiv_Evaluating_Open-Weight_LLMs_fo.pdf,88f04e6c2113d2a70a5904f7d1ece03d192c3084ca39e5f84e087ac715e9bcd6
RES-000146,RESEARCH,When Explanations Cannot Be Read: Measuring and Correcting SHAP and LIME Rendering for Right-to-Left Languages,"[""Rameesha Zia"", ""Muhammad Shahid Iqbal Malik""]",,Cornell University / arXiv,2026,en,arXiv cs.LG,28,829574,READY_FOR_INDEXING,data\raw\research\arxiv_When_Explanations_Cannot_Be_Re.pdf,e493beba1bd85b4687862641aa8a77589fcf8bc0ad34cff127ed395adda54e94
RES-000147,RESEARCH,A Bulletproof Business? Towards Detecting Infrastructure-as-a-Service Offerings on Telegram,"[""Roy Ricaldi"", ""Kristiyan Kyurkchiev"", ""Irdin Pekaric""]",,Cornell University / arXiv,2026,en,arXiv cs.CR,11,636436,READY_FOR_INDEXING,data\raw\research\arxiv_A_Bulletproof_Business__Toward.pdf,946904fd9187326c5377edad12edb04f171ac610b916de1bd61c0f695f09d2a0
RES-000148,RESEARCH,"Cross-Lingual Legal QA for Vietnamese Labour Law: Retrieval, Translation, and Verifier-Guided Correction","[""Nguyen Minh Chi"", ""Mo El-Haj"", ""Nguyen Ha Thanh"", ""Dawn Knight"", ""Paul Rayson""]",,Cornell University / arXiv,2026,en,arXiv cs.CL,14,302762,READY_FOR_INDEXING,data\raw\research\arxiv_Cross-Lingual_Legal_QA_for_Vie.pdf,3a9d554b03c0c12e3d0e1667ffc1dae7fafb84e0f0e9114ba60e746c58542338
RES-000149,RESEARCH,Alignment Inertia: Auditing the Durability of Training Data Influence Through Policy Override Resistance,"[""Renata Barreto"", ""Markelle Roesti"", ""Mohammad Tahaei""]",,Cornell University / arXiv,2026,en,arXiv cs.AI,9,217363,READY_FOR_INDEXING,data\raw\research\arxiv_Alignment_Inertia__Auditing_th.pdf,e56340fc21db99c33adc2fd7bf7d3d33ff1b691e70298ab629e7baba0790b2e7
RES-000150,RESEARCH,Distilling Lexical Product Associations into Deep Transformers: An Extreme Multi-Label Approach for Natural Language E-Commerce Search,"[""Sunnidhya Roy"", ""Samarpita Bhaumik""]",,Cornell University / arXiv,2026,en,arXiv cs.IR,13,1105544,READY_FOR_INDEXING,data\raw\research\arxiv_Distilling_Lexical_Product_Ass.pdf,c0d15a74a95452341b6517af2872148271e0eb27538fbd5978cbec533eca997c
RES-000151,RESEARCH,Domain-Adaptive Pretraining Enhances Water Treatment Semantic Representation for Large-Scale Structured Literature Mining,"[""Mudi Zhai"", ""Ruihong Qiu"", ""Qingyun Zeng"", ""T. David Waite"", ""Bing-Jie Ni"", ""Haoran Duan""]",,Cornell University / arXiv,2026,en,arXiv cs.CL,34,2635554,READY_FOR_INDEXING,data\raw\research\arxiv_Domain-Adaptive_Pretraining_En.pdf,bda769b2fd71010e3d816e5d62853bf7a138d66eb63a2b8df08b026e622a58b4
RES-000152,RESEARCH,When Does Execution Provenance Help Agent Memory Retrieval?,"[""Yiqi Wang"", ""Jinqian Ju"", ""Jiaqi Zhang"", ""Zequn Sun"", ""Yiqun Duan"", ""Mingkai Zheng"", ""Taotao Cai""]",,Cornell University / arXiv,2026,en,arXiv cs.MA,14,910137,READY_FOR_INDEXING,data\raw\research\arxiv_When_Does_Execution_Provenance.pdf,459c05374918476e14f85b0e4d70a79ad9ecf299b9b0bb26cd90f1c989981af9
RES-000153,RESEARCH,The Vocabulary of Flaky Tests in Swift,"[""Jo\u00e3o Medeiros"", ""Denini Silva"", ""Breno Miranda""]",,Cornell University / arXiv,2026,en,arXiv cs.SE,10,578929,READY_FOR_INDEXING,data\raw\research\arxiv_The_Vocabulary_of_Flaky_Tests.pdf,7c16ec1caec0cf1da4aa3a2d7f8283bdb15aa4a25f002a8a8c31e97bef43e8e8
RES-000154,RESEARCH,OBLIQ-IR: Training a Dense Retriever for Oblique Queries,"[""Mahmoud Abdalla"", ""Abdelrahman Abdallah"", ""Shaimaa Sedek"", ""Adam Jatowt""]",,Cornell University / arXiv,2026,en,arXiv cs.IR,22,2615110,READY_FOR_INDEXING,data\raw\research\arxiv_OBLIQ-IR__Training_a_Dense_Ret.pdf,5439c2dc8d67f91e79e34331ecd20d432731dc83e2b0c8870ca2779641b8581e
RES-000155,RESEARCH,From Lexical Baselines to Agentic Retrieval-Augmented Generation: Structured Skill and Responsibility-Level Extraction with the SFIA Framework,"[""Ranuga Disansa"", ""U. S. Samarasinghe"", ""Lasith Gunawardena""]",,Cornell University / arXiv,2026,en,arXiv cs.CL,6,407322,READY_FOR_INDEXING,data\raw\research\arxiv_From_Lexical_Baselines_to_Agen.pdf,2f2c143b25ba01df6f554df737c9e7cdc04f73644cdc0b366ddf93d19068c1bd
RES-000156,RESEARCH,"Analyzing Public Discourse on Urbanism: Topic Clustering, Sentiment Analysis and Retrieval-Augmented Generation using YouTube Comments","[""Jakob Morales"", ""Monica Hegde"", ""Fayeq Jeelani Syed""]",,Cornell University / arXiv,2026,en,arXiv cs.CL,17,328848,READY_FOR_INDEXING,data\raw\research\arxiv_Analyzing_Public_Discourse_on.pdf,30affda47c3395e46e8a3139e7fbf99e203b16bfa677ebe4645fbf2aed7b432d
RES-000157,RESEARCH,"Text, Pixels, or Both? Evaluating Input Representations for Multimodal Document QA","[""Nikhil Reddy Pottanigari"", ""Sepideh Kharaghani"", ""Saverio Vadacchino"", ""Alejandro Posada"", ""Kurt MacDonald"", ""Ying Zhang""]",,Cornell University / arXiv,2026,en,arXiv cs.AI,16,2375383,READY_FOR_INDEXING,data\raw\research\arxiv_Text__Pixels__or_Both__Evaluat.pdf,6eaeacc6e9edf42bf8e39c15bb24d84d6fb40986f2ae99f5ad08a78b128c4bfc
RES-000158,RESEARCH,Structuring occupational accident narratives for cross-sector safety analysis: Transferability of accident-process role classification,"[""Aho Yapi"", ""Pierre Latouche"", ""Arnaud Guillin"", ""Yan Bailly""]",,Cornell University / arXiv,2026,en,arXiv cs.CL,28,1131602,READY_FOR_INDEXING,data\raw\research\arxiv_Structuring_occupational_accid.pdf,494faff32b322ec69098a141c7aa2b7cc65ccbe3f36b75a6b51d3970010b9aec
RES-000159,RESEARCH,LLMs as Feature Engineers for Text-and-Tabular Prediction,"[""Merwan Barlier"", ""Blaz Skrlj""]",,Cornell University / arXiv,2026,en,arXiv cs.LG,13,248091,READY_FOR_INDEXING,data\raw\research\arxiv_LLMs_as_Feature_Engineers_for.pdf,09fbe630e099baf5b052e747c7e82141c038b8dc4b84845377d7100df7526aea
RES-000160,RESEARCH,Evaluating In-Context Learning and Retrieval Strategies for Devanagari Post-OCR Correction,"[""Abhishek Bhandari"", ""Gaurav Harit""]",,Cornell University / arXiv,2026,en,arXiv cs.CL,24,283253,READY_FOR_INDEXING,data\raw\research\arxiv_Evaluating_In-Context_Learning.pdf,c3228defcf030a003d166f8d3bbbc80ba441e53c8d7b5e80f034cce42267dd74
RES-000161,RESEARCH,Beyond Similarity through Zero-Token Geometric Graphs for Multi-Hop RAG,"[""Zeliang Li"", ""Xiaofen Xing"", ""Kailing Guo"", ""Xiangmin Xu""]",,Cornell University / arXiv,2026,en,arXiv cs.IR,17,4109820,READY_FOR_INDEXING,data\raw\research\arxiv_Beyond_Similarity_through_Zero.pdf,84456dca81dee6263a2fcfd269b46a22ea0ffe84156db7d111d270d241fac0fb
RES-000162,RESEARCH,Can Vision-Language Models Judge Olympic Diving? From Reasoning to Scores in Zero-Shot Action Quality Assessment,"[""Henry O. Velesaca"", ""David Freire-Obregon"", ""Luigi Miranda"", ""Abel Reyes-Angulo""]",,Cornell University / arXiv,2026,en,arXiv cs.CV,12,795366,READY_FOR_INDEXING,data\raw\research\arxiv_Can_Vision-Language_Models_Jud.pdf,c4cffe692ab713054257aaf99cabd125d41c9c6c5e1662a4a60603695f82932f
RES-000163,RESEARCH,REPAIR: Resolving Long-Tail Confusion in Scientific Retrievers via Fact-Verified Iterative Refinement,"[""Yerim Oh"", ""Gunhee Kim""]",,Cornell University / arXiv,2026,en,arXiv cs.AI,30,1030376,READY_FOR_INDEXING,data\raw\research\arxiv_REPAIR__Resolving_Long-Tail_Co.pdf,c012b2db64844816830a98a8f25d89abcd900821db6dac3b9fbb416df412d92a
RES-000164,RESEARCH,SNOMED CT Concept Recommendation from Masked Clinical Context,"[""Ali Noori""]",,Cornell University / arXiv,2026,en,arXiv cs.AI,15,307843,READY_FOR_INDEXING,data\raw\research\arxiv_SNOMED_CT_Concept_Recommendati.pdf,57a50e766744a8a817e2816d9bb7063cebe79e916bc872dfc73529d46f5d6210
RES-000165,RESEARCH,Lit3R: Retrieve-Relate-Read for Evidence-Grounded Question Answering over Scientific Literature,"[""Akira Ise"", ""Kotaro Kumagai"", ""Yuta Yamaguchi"", ""Hisanori Ozaki"", ""Yukio Uematsu"", ""Ikuya Yamada""]",,Cornell University / arXiv,2026,en,arXiv cs.CL,9,177535,READY_FOR_INDEXING,data\raw\research\arxiv_Lit3R__Retrieve-Relate-Read_fo.pdf,26cc4fb15c57c0ac5b5a38a0a289dd9c97c5638a2ab99ee100228997c5c2598a
RES-000166,RESEARCH,IROH: Insightful Ranking Of Humor using Multi-Stage Hybrid Retrieval with Rationale-Distilled LLM Judges for JOKER 2026 Track Task 1 English,"[""Ana-Maria Luisa Mocanu"", ""Sebastian Mocanu"", ""Ciprian-Octavian Truica"", ""Elena-Simona Apostol""]",,Cornell University / arXiv,2026,en,arXiv cs.IR,17,1007037,READY_FOR_INDEXING,data\raw\research\arxiv_IROH__Insightful_Ranking_Of_Hu.pdf,f01042232648f0d93c87b9bdd779c810829e9cb55204dc0067dc783a857c0de6
RES-000167,RESEARCH,The Immutable Past: Formalizing State Mutability and Conflict Resolution in Mutable RAG,"[""Hamed HaddadPajouh"", ""Amir AmiriTabat""]",,Cornell University / arXiv,2026,en,arXiv cs.CL,26,1188745,READY_FOR_INDEXING,data\raw\research\arxiv_The_Immutable_Past__Formalizin.pdf,4f82ab2d79250e8c8d7b0adb699c29e0908eab596e8342ca01a04da4f224929e
RES-000168,RESEARCH,TF-IDF and BM25 Are Exact KL Divergences,"[""Ivan Silajev""]",,Cornell University / arXiv,2026,en,arXiv cs.IR,5,187528,READY_FOR_INDEXING,data\raw\research\arxiv_TF-IDF_and_BM25_Are_Exact_KL_D.pdf,c06e7a3bb9b06e083dd07e6f8da0ceae94d31f3e70377071aa1648b10abcd604
RES-000169,RESEARCH,"Bangla Sentence Function Classification: Corpus Development, Model Benchmarking, and Interpretability","[""Swapnil Kundu Argha"", ""Abdullah Al Shafi"", ""Rowzatul Zannat"", ""Shoumik Barman Polok"", ""Abdul Muntakim"", ""Jannatul Ferdousi"", ""M. A. Moyeen""]",,Cornell University / arXiv,2026,en,arXiv cs.CL,7,1078516,READY_FOR_INDEXING,data\raw\research\arxiv_Bangla_Sentence_Function_Class.pdf,dc2c55dc278013ab3fbc0ddce489a992f42aebf3008c6a12faaed92b2092b24a
THS-000069,THESIS,"Faktor - Faktor Risiko Prenatal dan Perinatal Kejadian Cerebral Palsy 
(Studi Kasus di YPAC Semarang)","[""Mardiani, Elita"", ""Setyawan, Henry"", ""Suyitno, Haryono""]",,Universitas Diponegoro,2006,en,Universitas Diponegoro,1,15618,READY_FOR_INDEXING,data\raw\thesis\thesis_Faktor_-_Faktor_Risiko_Prenata.pdf,2c820203fcc898b653720de2e89812b1dddb6d397e139a2c1ffbc0853726f612
THS-000070,THESIS,Analisa Faktor-Faktor Penyebab Variasi Cacat Fisik Kain Printing Dengan Menggunakan Metode Disain Eksperimen Faktorial Di PT Daya Manuggal Salatiga,"[""Prastawa, Heru"", ""Bakhtiar, Arfan"", ""Utami, Elvina Tri""]",,Universitas Diponegoro,2002,id,Universitas Diponegoro,1,8847,READY_FOR_INDEXING,data\raw\thesis\thesis_Analisa_Faktor-Faktor_Penyebab.pdf,283b658e4f22b79afa3b8d4ef78fec3c01a889c3b1884aa3decb180d958cb399
THS-000071,THESIS,IDEATIONAL MEANINGS IN BARACK OBAMA’S INAUGURAL SPEECH,"[""PUTRI, LINDA""]",,Universitas Diponegoro,2009,id,Universitas Diponegoro,3,22149,READY_FOR_INDEXING,data\raw\thesis\thesis_IDEATIONAL_MEANINGS_IN_BARACK_.pdf,af60a119bdbb45d28c497190a27ddf06dafae42d908f439ceae8c99d46b6c90b
THS-000072,THESIS,"Faktor-Faktor Risiko Ulkus diabetika pada penderita Diabetes mellitus 
(studi kasus di RSUD Dr. Moewardi Surakarta)","[""Hastuti, Rini Tri""]",,Universitas Diponegoro,2007,id,Universitas Diponegoro,1,68682,READY_FOR_INDEXING,data\raw\thesis\thesis_Faktor-Faktor_Risiko_Ulkus_dia.pdf,77875b250b077773e58524f265317edc1de630d4709295ce5a12bf4a2531925d
THS-000073,THESIS,"PEMIKIRAN ISLAM DAN PERANAN POLITIK 
K.H.R. ASNAWI BAGI PERKEMBANGAN 
SAREKAT ISLAM DAN NAHDLATUL ULAMA 
DI KUDUS (1916 sampai dengan 1959)","[""Jihan Amaruli, Rabith""]",,Universitas Diponegoro,2009,id,Universitas Diponegoro,2,13357,READY_FOR_INDEXING,data\raw\thesis\thesis_PEMIKIRAN_ISLAM_DAN_PERANAN_PO.pdf,b933536f72ea176f1f7bbe2f3f61b462c3bc6c4c761265b9a9168c20325e0f99
THS-000074,THESIS,Groundwater Vulnerability Study Using drastic method  In Semarang City Urban Area,"[""Kusuma, Kristi Indra""]",,Universitas Diponegoro,2009,en,Universitas Diponegoro,1,10430,READY_FOR_INDEXING,data\raw\thesis\thesis_Groundwater_Vulnerability_Stud.pdf,dd497d05811af55466467bb7c1a84999686f7722c4331d5f6a2d803d6143f523
THS-000075,THESIS,"ANALYSIS OF THE TGFBR1 GENE AS A
CANDIDATE GENE IN MARFAN SYNDROME AND
RELATED DISORDERS PATIENTS, NEGATIVE FOR
FBN1 AND TGFBR2 MUTATIONS","[""Maharani, Nani"", ""Faradz, Sultana M.H."", ""Pals, Gerald"", ""Hamel, Ben CJ""]",,Universitas Diponegoro,2009,en,Universitas Diponegoro,116,1159020,READY_FOR_INDEXING,data\raw\thesis\thesis_ANALYSIS_OF_THE_TGFBR1_GENE_AS.pdf,a9fca134fe73e1c62f7fdf0a5bd87110a63df2432f7783f313bf8010c6a57372
THS-000076,THESIS,Hubungan Konseling Keluarga Berencana dengan Pemakaian Metode Kontrasepsi IUD,"[""Maryatun, Maryatun""]",,Universitas Diponegoro,2006,id,Universitas Diponegoro,30,854352,READY_FOR_INDEXING,data\raw\thesis\thesis_Hubungan_Konseling_Keluarga_Be.pdf,361a688d4502837ebb99dde7fbda62b62fc67e7a07a12b1c006014222bbffd30
THS-000077,THESIS,"LEMBAGA PENDIDIKAN DESAIN KOMUNIKASI VISUAL 
DI SEMARANG","[""Fitri Anugraheny, Ayuningtyas""]",,Universitas Diponegoro,2008,id,Universitas Diponegoro,6,266421,READY_FOR_INDEXING,data\raw\thesis\thesis_LEMBAGA_PENDIDIKAN_DESAIN_KOMU.pdf,9c5c85be68d32d2483887e2fcbb90abd00b010bb295cbd1c579f51942c6d2354
THS-000078,THESIS,Rekreasi Pantai Dengan Konsep Taman Air Di Semarang,"[""Hetwisari, Tia""]",,Universitas Diponegoro,2006,id,Universitas Diponegoro,7,40897,READY_FOR_INDEXING,data\raw\thesis\thesis_Rekreasi_Pantai_Dengan_Konsep_.pdf,dafb9a8dba5a91bdae481e1a9c8c0746fa276220bbefe375cd350569d1baeba9
THS-000079,THESIS,Semarang Automotive Center,"[""Servana, Defri""]",,Universitas Diponegoro,2007,id,Universitas Diponegoro,7,30507,READY_FOR_INDEXING,data\raw\thesis\thesis_Semarang_Automotive_Center.pdf,6e536ee89973aaf9506f12d76a2d0da77a687f7607dc32d0cad84075e10c2a21
THS-000080,THESIS,Museum Wayang Nasional Di Yogyakarta,"[""Tirta, Michael""]",,Universitas Diponegoro,2007,id,Universitas Diponegoro,8,38776,READY_FOR_INDEXING,data\raw\thesis\thesis_Museum_Wayang_Nasional_Di_Yogy.pdf,5d8be5ebabca23583cc5ba460af5926b7060bdc9ec8f1ad20c4f4e138151c56a
THS-000081,THESIS,Depok Music School,"[""Leonardo, Ricky""]",,Universitas Diponegoro,2008,id,Universitas Diponegoro,7,131458,READY_FOR_INDEXING,data\raw\thesis\thesis_Depok_Music_School.pdf,8a4a618d7adf1d92b92e1f643a09648f9fd4c95527d12e784f096c5f41c838d8
THS-000082,THESIS,Solo Convertion And Exhibition Center,"[""Mareta, Ferina""]",,Universitas Diponegoro,2008,id,Universitas Diponegoro,10,259303,READY_FOR_INDEXING,data\raw\thesis\thesis_Solo_Convertion_And_Exhibition.pdf,3f1e74a5b78385032b980a04e04dbf3af1719721e95d2fc7abc2b6745008b81d
THS-000083,THESIS,Penataan Kembali Kawasan Barito,"[""Ahmadani, Luqman""]",,Universitas Diponegoro,2006,id,Universitas Diponegoro,7,36266,READY_FOR_INDEXING,data\raw\thesis\thesis_Penataan_Kembali_Kawasan_Barit.pdf,959c3b974e87387dc110c4cedb22a5543dc1955ecdb26090209ac52f60eb4686
THS-000084,THESIS,Sea Side Apartment Di Kawasan Pantai Klandasan Balikpapan,"[""Febrintina, Cindy""]",,Universitas Diponegoro,2006,id,Universitas Diponegoro,7,33442,READY_FOR_INDEXING,data\raw\thesis\thesis_Sea_Side_Apartment_Di_Kawasan_.pdf,546a98d73af3baabaa733b88bb06d449925f8c9b9d099312e428d6515c9fec84
THS-000085,THESIS,"MANIFESTASI TARAF PROTEIN RANSUM PERIODE PERTUMBUHAN
TERHADAP PERTUMBUHAN ORGAN REPRODUKSI DAN DAMPAKNYA
PADA PERFORMAN PRODUKSI AYAM PETELUR TIPE MEDIUM","[""Supriyatna, Edjeng""]",,Universitas Diponegoro,2002,id,Universitas Diponegoro,2,55307,READY_FOR_INDEXING,data\raw\thesis\thesis_MANIFESTASI_TARAF_PROTEIN_RANS.pdf,7490046101bafd1cbdc4d2801c90daec99f0e7044f32e4deb436717c0f472d50
THS-000086,THESIS,"LACTIC ACID FERMENTATION OF PINEAPPLE WASTES BY
LACTOBACILLUS DELBRUECKII","[""Abdullah, Abdullah""]",,Universitas Diponegoro,2002,id,Universitas Diponegoro,2,51509,READY_FOR_INDEXING,data\raw\thesis\thesis_LACTIC_ACID_FERMENTATION_OF_PI.pdf,895c48f5fd4ad67d18841c71afccf61ba2a9af86e73110f8b846c42e6555d62d
THS-000087,THESIS,"STUDY OF WALL VELOCITY GRADIENT AND MASS TRANSFER ON
ROTATING CYLINDER AND FINNED-CYLINDER IN CROSSFLOW","[""Fajar, Berkah""]",,Universitas Diponegoro,2002,id,Universitas Diponegoro,2,51108,READY_FOR_INDEXING,data\raw\thesis\thesis_STUDY_OF_WALL_VELOCITY_GRADIEN.pdf,5dad02918068474b2b9efda92f19a0e7cd6529d138ec546c57a1b2dff69e9673
THS-000088,THESIS,"PERANAN PEMBINAAN PETANI-TERNAK SECARA BERKELOMPOK
DALAM MENERAPKAN ZOOTEKNIK BETERNAK SAPI POTONG
TERHADAP KONDISI KESEHATAN PETANI-TERNAK DAN
LINGKUNGAN","[""Isbandi, Isbandi""]",,Universitas Diponegoro,2002,id,Universitas Diponegoro,2,73042,READY_FOR_INDEXING,data\raw\thesis\thesis_PERANAN_PEMBINAAN_PETANI-TERNA.pdf,b2d7eef82309ed6dd22ffa63e2cc6e232213e3bb3c20f10e26d15301a4aca2c6
THS-000089,THESIS,"ZONING SYSTEM OF MARINE NATIONAL PARK MANAGEMENT BY
USING ENVIRONMENTAL SENSITIVITY INDEX
Case Study in Karimunjawa Islands, Jepara District of Central
Java","[""Suyanto, Agung""]",,Universitas Diponegoro,2000,en,Universitas Diponegoro,2,53880,READY_FOR_INDEXING,data\raw\thesis\thesis_ZONING_SYSTEM_OF_MARINE_NATION.pdf,1892ebe93a0e2e79d9598a226746f16d2d8d15ca448016aee0830ca6aab3aed6
THS-000090,THESIS,Keefektifan pendekatan cognitive behavior modification untuk meningkatkan kemampuan mengelola marah bagi remaja,"[""Wahyuni, Esa Nur""]",,UIN Maulana Malik Ibrahim Malang,2012,id,UIN Maulana Malik Ibrahim Malang,21,366734,READY_FOR_INDEXING,data\raw\thesis\thesis_Keefektifan_pendekatan_cogniti.pdf,acf8a5784237c724ad2a4d1b546844f40426380c9d2b8230e41cd1e770385e68
THS-000091,THESIS,تصنيف المعاجم العربية وتطويرها في إندونيسيا,"[""Taufiqurrochman, R""]",,UIN Maulana Malik Ibrahim Malang,2014,ar,UIN Maulana Malik Ibrahim Malang,8,813801,READY_FOR_INDEXING,data\raw\thesis\thesis_______________________________.pdf,12fc9fad6133b7647459db4d6bba8d00e6faf1d5271f6bd3d8c356f84bb6b0f8
THS-000092,THESIS,"Topic familiarity, writing performance and critical thinking skills of English department students","[""Indah, Rohmani Nur""]",,UIN Maulana Malik Ibrahim Malang,2013,en,UIN Maulana Malik Ibrahim Malang,75,465083,READY_FOR_INDEXING,data\raw\thesis\thesis_Topic_familiarity__writing_per.pdf,2572161b385ceec3b00be20ad7b84d4d08369420da2f092421f2a9b913ca11eb
THS-000093,THESIS,Pengaruh mutu layanan terhadap kepuasan pemustaka: studi kasus di Perpustakaan Pusat UIN Maulana Malik Ibrahim Malang,"[""Mufid, Mufid""]",,UIN Maulana Malik Ibrahim Malang,2011,id,UIN Maulana Malik Ibrahim Malang,110,1708788,READY_FOR_INDEXING,data\raw\thesis\thesis_Pengaruh_mutu_layanan_terhadap.pdf,816b88b4fa9f97f423f5e009db40558d3ec7af3fe05473744d30cd8be8c4da17
THS-000094,THESIS,Peran kepemimpinan Islami dan kepemimpinan layanan dalam model kinerja dosen pada perguruan tinggi keagamaan Islam negeri di Jawa Timur,"[""Purwaningtyas, Endah Kurniawati""]",,UIN Maulana Malik Ibrahim Malang,2016,en,UIN Maulana Malik Ibrahim Malang,4,257154,READY_FOR_INDEXING,data\raw\thesis\thesis_Peran_kepemimpinan_Islami_dan_.pdf,2be7101f8452a89ba06e88ce44a627f9327d5189574c487ba971193f246894ec
THS-000095,THESIS,Kearifan lokal dan peningkatan kualitas pengasuhan anak berbasis komunitas: Sebuah pendekatan penelitian tindakan partisipatoris,"[""Mahpur, Mohammad""]",,UIN Maulana Malik Ibrahim Malang,2013,id,UIN Maulana Malik Ibrahim Malang,64,717881,READY_FOR_INDEXING,data\raw\thesis\thesis_Kearifan_lokal_dan_peningkatan.pdf,751cd9b1446e98cda79013795ec2638ef0405c072db7985f95242ed0ccad90ae
THS-000096,THESIS,Model pembelian kompulsif pada remaja,"[""Mangestuti, Retno""]",,UIN Maulana Malik Ibrahim Malang,2014,id,UIN Maulana Malik Ibrahim Malang,49,1914194,READY_FOR_INDEXING,data\raw\thesis\thesis_Model_pembelian_kompulsif_pada.pdf,ad4861e306bbc8e0f8effb3fe1855d714b8309c72241bdc5c1f3fea42f095297
THS-000097,THESIS,"Peran lama pidana, usia pelaku, dan tekanan waktu terhadap penilaian keadilan pemidanaan pelaku pemerkosaan anak","[""Nuqul, Fathul Lubabin""]",,UIN Maulana Malik Ibrahim Malang,2014,en,UIN Maulana Malik Ibrahim Malang,58,875684,READY_FOR_INDEXING,data\raw\thesis\thesis_Peran_lama_pidana__usia_pelaku.pdf,9fd9e7d9e81b0bfb00f6ec899513e999979043cb215a460c295f0abc4877fb30
THS-000098,THESIS,Model yang efektif untuk memprediksi perilaku prososial mahasiswa,"[""Mahmudah, Siti""]",,UIN Maulana Malik Ibrahim Malang,2014,id,UIN Maulana Malik Ibrahim Malang,51,794149,READY_FOR_INDEXING,data\raw\thesis\thesis_Model_yang_efektif_untuk_mempr.pdf,8ffa3b6693a88f824ca1effcba020ad9fbaae43a96f7ab18cd1f82ec790a4ce9
THS-000099,THESIS,Model perilaku sehat remaja,"[""Sa'diyah, Elok Halimatus""]",,UIN Maulana Malik Ibrahim Malang,2014,id,UIN Maulana Malik Ibrahim Malang,56,944740,READY_FOR_INDEXING,data\raw\thesis\thesis_Model_perilaku_sehat_remaja.pdf,247b90f42f6c96547a4b32644954523cb0dd0bb48612aad315d89acda89d7897
THS-000100,THESIS,Differential item functioning pada tes multidimensi,"[""Ridho, Ali""]",,UIN Maulana Malik Ibrahim Malang,2014,id,UIN Maulana Malik Ibrahim Malang,59,1626782,READY_FOR_INDEXING,data\raw\thesis\thesis_Differential_item_functioning_.pdf,e2470d95a78fac73b6baa16a5a2a53c4b119b32637925c6605105983afaa9c57
THS-000101,THESIS,Pengelolaan zakat produktif di el-Zawa Universitas Islam Negeri (UIN) Maulana Malik Ibrahim Malang perspektif maqasid al-shari’ah Ibnu ‘Ashur,"[""Toriquddin, Moh""]",,UIN Maulana Malik Ibrahim Malang,2014,id,UIN Maulana Malik Ibrahim Malang,39,972217,READY_FOR_INDEXING,data\raw\thesis\thesis_Pengelolaan_zakat_produktif_di.pdf,4aaec8bda507f447ac616494d2e12740c1dd88c3067373b87fff600aa6369cd5
THS-000102,THESIS,Pengembangan bahan ajar tafsir tematik: Rekayasa model indeks al-Quran sebagai alat bantu pembelajaran bagi mahasiswa berkebutuhan khusus,"[""H. Muhammad, Su\u2019aib""]",,UIN Maulana Malik Ibrahim Malang,2011,id,UIN Maulana Malik Ibrahim Malang,393,2483017,READY_FOR_INDEXING,data\raw\thesis\thesis_Pengembangan_bahan_ajar_tafsir.pdf,fba3549ec3eb85a5bbdbb24f3526ad2b00121b71e358a00832450374d9f55311
THS-000103,THESIS,"Teks lakon Murwakala pada upacara ruwatan di Nganjuk versi Ki Suprapto, Hs: Transkripsi, struktur, dan makna","[""Masitoh, Siti""]",,UIN Maulana Malik Ibrahim Malang,2016,en,UIN Maulana Malik Ibrahim Malang,45,1103185,READY_FOR_INDEXING,data\raw\thesis\thesis_Teks_lakon_Murwakala_pada_upac.pdf,24e8d8534262906974f2c3f9ab63d7042d6d7d734e207cba4596307ff31bed05
THS-000104,THESIS,Perubahan sosial di mintakat penglaju: Dampak penglajuan terhadap perubahan sosial di Bandulan,"[""Rahardjo, Mudjia""]",,UIN Maulana Malik Ibrahim Malang,1996,id,UIN Maulana Malik Ibrahim Malang,128,1148924,READY_FOR_INDEXING,data\raw\thesis\thesis_Perubahan_sosial_di_mintakat_p.pdf,db57a5c15aca1be0bcdd4593afdee43be2211041398f2e5f5cef898779d53c4b
THS-000105,THESIS,Pengembangan paket pembelajaran berbantuan komputer materi irisan pada kelas 3 Sekolah Menengah Umum,"[""Abdussakir, Abdussakir""]",,UIN Maulana Malik Ibrahim Malang,2003,id,UIN Maulana Malik Ibrahim Malang,85,858996,READY_FOR_INDEXING,data\raw\thesis\thesis_Pengembangan_paket_pembelajara.pdf,35ef27d19db13f468dfb15d5ffe1c78fe82a694c2cf47bb1c7d916200c05168d
THS-000106,THESIS,Students’ thinking process in constructing mathematical proof using semantics strategy,"[""Abdussakir, Abdussakir""]",,UIN Maulana Malik Ibrahim Malang,2014,id,UIN Maulana Malik Ibrahim Malang,112,2950413,READY_FOR_INDEXING,data\raw\thesis\thesis_Students__thinking_process_in_.pdf,85f82f73cb3c5d3a96e9dabccd622599800dde8942b27c5819be099297b8b6bc
THS-000107,THESIS,Representasi muslim Arab dalam film-film Hollywood: analisis wacana kritis muslim other dalam sinema Hollywood,"[""Rahayu, Mundi""]",,UIN Maulana Malik Ibrahim Malang,2015,id,UIN Maulana Malik Ibrahim Malang,64,1090344,READY_FOR_INDEXING,data\raw\thesis\thesis_Representasi_muslim_Arab_dalam.pdf,edf19d2479f6b9841442f6ca64bc6ee4ef5a5a2e9e27e2d045743d510bb07b6f
THS-000108,THESIS,Aspek paham Mu’tazilah dalam tafsir al-Kashshaf tentang ayat-ayat teologi: Studi pemikiran al-Zamakhshary,"[""Zakiyah, Ermita""]",,UIN Maulana Malik Ibrahim Malang,2013,id,UIN Maulana Malik Ibrahim Malang,121,1195493,READY_FOR_INDEXING,data\raw\thesis\thesis_Aspek_paham_Mu_tazilah_dalam_t.pdf,2c04b4780fddef23d884e66dfc83c5c6f79e35581dffcfa4d98cd7af516bb306
THS-000109,THESIS,Kemanusiawian Nabi Muhammad dalam al-Qur'an,"[""Fattah, Abdul""]",,UIN Maulana Malik Ibrahim Malang,2014,id,UIN Maulana Malik Ibrahim Malang,124,2477576,READY_FOR_INDEXING,data\raw\thesis\thesis_Kemanusiawian_Nabi_Muhammad_da.pdf,26e276714130249d6f3f9703904eac53e97c1fd814e253190bc3c4b672935055
THS-000110,THESIS,Teachers’ reflection on and students’ experiences in collaborative EFL writing: a Narrative inquiry,"[""Rohmah, Galuh Nur""]",,UIN Maulana Malik Ibrahim Malang,2017,en,UIN Maulana Malik Ibrahim Malang,176,2408270,READY_FOR_INDEXING,data\raw\thesis\thesis_Teachers__reflection_on_and_st.pdf,b5db8eee4a934e0ae44ccdc806e1a9cd2ae125dbe7b922715c94c440e915e00f
THS-000111,THESIS,Manajemen pendidikan berbasis Ulū Al-Albāb dalam konteks pengembangan integrasi ilmu: Studi Kasus di Universitas Islam Negeri (UIN) Maulana Malik Ibrahim Malang,"[""Tharaba, M. Fahim""]",,UIN Maulana Malik Ibrahim Malang,2014,id,UIN Maulana Malik Ibrahim Malang,48,625001,READY_FOR_INDEXING,data\raw\thesis\thesis_Manajemen_pendidikan_berbasis_.pdf,44abfa860bd961b2a44eeaaff653e77cfd2f20633a3a1aac45a93478744496df
THS-000112,THESIS,Optimasi kinerja protokol aodv pada skenario vehicle to vehicle communication dengan static intersection node,"[""Prakasa, Johan Ericka Wahyu""]",,UIN Maulana Malik Ibrahim Malang,2016,id,UIN Maulana Malik Ibrahim Malang,107,2711949,READY_FOR_INDEXING,data\raw\thesis\thesis_Optimasi_kinerja_protokol_aodv.pdf,361f4b4cfdda1e74d58c179ddaf0e37a1b564e24367086ee34d95a38ce210154
THS-000113,THESIS,Pengaruh storytelling terhadap theory of mind anak usia prasekolah,"[""Solichah, Novia""]",,UIN Maulana Malik Ibrahim Malang,2018,en,UIN Maulana Malik Ibrahim Malang,2,621875,READY_FOR_INDEXING,data\raw\thesis\thesis_Pengaruh_storytelling_terhadap.pdf,a0fc97ef8fab3ad9a2593904943d04274ba69bd3827f82483f15af3974062869
THS-000114,THESIS,Pengaruh Kegiatan Sosidrama terhadap Peningkatan Bahasa Lisan Anak Usia Dini,"[""Solichah, Novia""]",,UIN Maulana Malik Ibrahim Malang,2016,id,UIN Maulana Malik Ibrahim Malang,4,613699,READY_FOR_INDEXING,data\raw\thesis\thesis_Pengaruh_Kegiatan_Sosidrama_te.pdf,2af60ad5b6a93fb1e3b166b06f121920a23cbde24b3ffb84232bb2a0f2d1f453
THS-000115,THESIS,"Situating English Language Teaching in Indonesia within a Critical, Global Dialogue of Theories: A Case Study of Teaching Argumentative Writing and Cross-Cultural Understanding Courses","[""Wahyudi, Ribut""]",,UIN Maulana Malik Ibrahim Malang,2018,en,UIN Maulana Malik Ibrahim Malang,321,2243944,READY_FOR_INDEXING,data\raw\thesis\thesis_Situating_English_Language_Tea.pdf,f0335e8d14e684c20d6a44afacf2f8554fd3e8174e7dbc3fa37db3306935f700
THS-000116,THESIS,"تحليل بنود اختبار التصنيف
( دراسة تقويمية في البرنامج الخاص لتعليم اللغة العربية بجامعة مولانا مالك إبراهيم الإسلامية الحكومية بمالانج جاوى الشرقية )","[""Al Faruq, Umar""]",,UIN Maulana Malik Ibrahim Malang,2013,ar,UIN Maulana Malik Ibrahim Malang,137,4526065,READY_FOR_INDEXING,data\raw\thesis\thesis_______________________________.pdf,f894e5d0d82e13211e36178140e33107b7913c76f61505eb2de381b3ad4dd686
THS-000117,THESIS,Pragmatic particles in Madurese: A corpus study of jâ’in oral narratives and conversations,"[""Irham, Irham""]",,UIN Maulana Malik Ibrahim Malang,2015,en,UIN Maulana Malik Ibrahim Malang,85,1613599,READY_FOR_INDEXING,data\raw\thesis\thesis_Pragmatic_particles_in_Madures.pdf,bb036b63d6365d8ff2347a4ab5d33a97922c90273ba65970113c142680c90d11
THS-000118,THESIS,Pengaruh faktor-faktor organisasional dan individual terhadap berbagi pengetahuan dan kaitannya dengan kinerja dan kepuasan kerja auditor,"[""Wuryaningsih, Wuryaningsih""]",,UIN Maulana Malik Ibrahim Malang,2019,id,UIN Maulana Malik Ibrahim Malang,27,758158,READY_FOR_INDEXING,data\raw\thesis\thesis_Pengaruh_faktor-faktor_organis.pdf,c5efcbde1a7f5960e2270d4cea9ce7af88ee26252b5d061a778e976e98b3eee6
THS-000119,THESIS,Pendidikan humanis John Dewey dalam perspektif pendidikan  Islam,"[""Mubarak, Ruma""]",,UIN Maulana Malik Ibrahim Malang,2005,id,UIN Maulana Malik Ibrahim Malang,164,1428871,READY_FOR_INDEXING,data\raw\thesis\thesis_Pendidikan_humanis_John_Dewey_.pdf,8452af9b759c98ffb66753ebd054e7c9ac97358386571548ab4ef9b49e932488
THS-000120,THESIS,Advocating for open access: open access advocacy practices in Indonesian higher education institutions and their impacts on the sustainability of institutional repositories,"[""Zuntriana, Ari""]",,UIN Maulana Malik Ibrahim Malang,2017,en,UIN Maulana Malik Ibrahim Malang,66,1337986,READY_FOR_INDEXING,data\raw\thesis\thesis_Advocating_for_open_access__op.pdf,0a35104be260735b904a0af97ecfad6237ece7dc0a00193619f1317c08fe78c5
THS-000121,THESIS,"Aktivitas antikanker ekstrak daun kesambi (Scheichera oleosa) terhadap sel hepar tikus (Rattus norvegicus) yang diinduksi (7,12-dimethylbenz(α)antrasena) (DMBA) secara in vitro","[""Hanifah, Lil""]",,UIN Maulana Malik Ibrahim Malang,2021,id,UIN Maulana Malik Ibrahim Malang,122,3161298,READY_FOR_INDEXING,data\raw\thesis\thesis_Aktivitas_antikanker_ekstrak_d.pdf,00f75246b3a3126a144d2fe86e719b3187f166651e687d8d72d00808929f9e10
MAT-000249,MATERIAL,Bahan Belajar: Medan dan Gaya ListrikFile,"[""Fakultas Matematika & Ilmu Pengetahuan Alam, Universitas Indonesia""]",Fisika Dasar 2,Universitas Indonesia,2023,id,OCW_UI,15,3131210,READY_FOR_INDEXING,data\raw\material\Fakultas_Matematika___Ilmu_Pengetahuan_Alam\Bahan_Belajar__Medan_dan_Gaya.pptx,ee74965cdb5570b8447a22e1df627a3ca3b27ff9cddbb4cb73f10dacc4c668a4
MAT-000250,MATERIAL,Bahan Belajar: Hukum GaussFile,"[""Fakultas Matematika & Ilmu Pengetahuan Alam, Universitas Indonesia""]",Fisika Dasar 2,Universitas Indonesia,2023,id,OCW_UI,16,1561328,READY_FOR_INDEXING,data\raw\material\Fakultas_Matematika___Ilmu_Pengetahuan_Alam\Bahan_Belajar__Hukum_GaussFile.pptx,5907c885ff5153b8ffd9f5bf51951984c838ba9533a49ffc69aadec426a20add
MAT-000251,MATERIAL,Ppt Kuliah BiomechanicsFile,"[""Fakultas Kedokteran, Universitas Indonesia""]",Bioengineering,Universitas Indonesia,2023,en,OCW_UI,12,1777142,READY_FOR_INDEXING,data\raw\material\Fakultas_Kedokteran\Ppt_Kuliah_BiomechanicsFile.pptx,16f6916783243741bd6c117a0c3aaf984596ce7e003a694d8adae86f91d5667e
MAT-000252,MATERIAL,Ppt Kuliah Biomaterial & Tissue EngineeringFile,"[""Fakultas Kedokteran, Universitas Indonesia""]",Bioengineering,Universitas Indonesia,2023,en,OCW_UI,12,2512015,READY_FOR_INDEXING,data\raw\material\Fakultas_Kedokteran\Ppt_Kuliah_Biomaterial___Tissu.pptx,ec049776ca7dc4dd0a9a202b1d38c83e370d84101002e996b3af47228386d9eb
MAT-000253,MATERIAL,Ppt Kuliah BioinstrumentasiFile,"[""Fakultas Kedokteran, Universitas Indonesia""]",Bioengineering,Universitas Indonesia,2023,en,OCW_UI,11,3779123,READY_FOR_INDEXING,data\raw\material\Fakultas_Kedokteran\Ppt_Kuliah_BioinstrumentasiFil.pptx,c5e572ca3f01144334b20a17890e45b8f963dd24b1d91af9490388e8f693aedd
MAT-000254,MATERIAL,Ppt Kuliah BioinfoFile,"[""Fakultas Kedokteran, Universitas Indonesia""]",Bioengineering,Universitas Indonesia,2023,en,OCW_UI,12,28650706,READY_FOR_INDEXING,data\raw\material\Fakultas_Kedokteran\Ppt_Kuliah_BioinfoFile.pptx,3ec024d0050bb47a266e75b2c27cd696a32e13b0cdfb2962fd62733987d6d542
MAT-000255,MATERIAL,Ppt Kuliah BioimagingFile,"[""Fakultas Kedokteran, Universitas Indonesia""]",Bioengineering,Universitas Indonesia,2023,id,OCW_UI,12,2119668,READY_FOR_INDEXING,data\raw\material\Fakultas_Kedokteran\Ppt_Kuliah_BioimagingFile.pptx,5ec39041a677c190dff7fb21d57ff2c4971fb4cb37b6776689ac47a2f4223227
MAT-000256,MATERIAL,BRP Biologi Sel KomprehensifFile,"[""Fakultas Kedokteran, Universitas Indonesia""]",BIOLOGI SEL KOMPERHENSIF,Universitas Indonesia,2023,id,OCW_UI,24,364349,READY_FOR_INDEXING,data\raw\material\Fakultas_Kedokteran\BRP_Biologi_Sel_KomprehensifFi.pdf,02a973aa455ab2c98f079e226a95efb3c4ddfac9e163d21fa4aad43349cb15b9
MAT-000257,MATERIAL,BRP Biologi molekuler dan genetikaFile,"[""Fakultas Kedokteran, Universitas Indonesia""]",BIOLOGI MOLEKULER DAN GENETIKA,Universitas Indonesia,2023,id,OCW_UI,22,355391,READY_FOR_INDEXING,data\raw\material\Fakultas_Kedokteran\BRP_Biologi_molekuler_dan_gene.pdf,1871308fe686e936e5da7a5e3368341b4db1ca5bc163d0f05d611400658ba3f4
MAT-000258,MATERIAL,Materi kuliah genetika mendelian dan non mendelianFile,"[""Fakultas Kedokteran, Universitas Indonesia""]",BIOLOGI MOLEKULER DAN GENETIKA,Universitas Indonesia,2023,id,OCW_UI,16,861869,READY_FOR_INDEXING,data\raw\material\Fakultas_Kedokteran\Materi_kuliah_genetika_mendeli.pptx,0b5005d649b4159022e8c6a6e151c84cc168bdfa6fb3d7b5dead96ff55b7e10a
MAT-000259,MATERIAL,Ppt Kuliah Metode Penelitian Hewan CobaFile,"[""Fakultas Kedokteran, Universitas Indonesia""]",Bioengineering,Universitas Indonesia,2023,en,OCW_UI,24,11787672,READY_FOR_INDEXING,data\raw\material\Fakultas_Kedokteran\Ppt_Kuliah_Metode_Penelitian_H.pptx,07551f057c2e61e776afc6b44b0e7778151e4de0123800095e757ad0964b18ff
MAT-000260,MATERIAL,Ppt petunjuk penulisan makalah tinjauan pustaka bioengineeringFile,"[""Fakultas Kedokteran, Universitas Indonesia""]",Bioengineering,Universitas Indonesia,2023,en,OCW_UI,11,874397,READY_FOR_INDEXING,data\raw\material\Fakultas_Kedokteran\Ppt_petunjuk_penulisan_makalah.pptx,d80d485948cf06701348d45790f52fe17e945845d960039f6244bdd4228ca070
MAT-000261,MATERIAL,BRP Pengantar BioteknologiFile,"[""Fakultas Kedokteran, Universitas Indonesia""]",PENGANTAR BIOTEKNOLOGI,Universitas Indonesia,2023,id,OCW_UI,28,407224,READY_FOR_INDEXING,data\raw\material\Fakultas_Kedokteran\BRP_Pengantar_BioteknologiFile.pdf,a4116a01b15996ef3eb30d717c32bdc6134d92f5462164112034530c30dd9c73
MAT-000262,MATERIAL,disini,"[""Fakultas Kedokteran, Universitas Indonesia""]",Pengembangan Kurikulum 2,Universitas Indonesia,2023,id,OCW_UI,16,368280,READY_FOR_INDEXING,data\raw\material\Fakultas_Kedokteran\disini.pdf,86ddbfd5e62ed226914d5ec5d49f3dd24b3aa24551f821b2f376d8335fe9a475
MAT-000263,MATERIAL,disini,"[""Fakultas Kedokteran, Universitas Indonesia""]",Belajar dan Mengajar 2,Universitas Indonesia,2023,id,OCW_UI,16,420659,READY_FOR_INDEXING,data\raw\material\Fakultas_Kedokteran\disini.pdf,c59117275ffb577c6e9a77f25ac9fa78d5bb5f727c9dc71ff5b426b0a436a399
MAT-000264,MATERIAL,disini,"[""Fakultas Kedokteran, Universitas Indonesia""]",Evaluasi Hasil Pembelajaran 2,Universitas Indonesia,2023,id,OCW_UI,16,378901,READY_FOR_INDEXING,data\raw\material\Fakultas_Kedokteran\disini.pdf,4dfab0bd4ba56844cde5ce487426530c108c42cd69733a0450d90710ab92388b
MAT-000265,MATERIAL,Sesi 1File,"[""Fakultas Kedokteran, Universitas Indonesia""]",Metodologi Riset dan Biostatistik 1,Universitas Indonesia,2023,id,OCW_UI,42,3043722,READY_FOR_INDEXING,data\raw\material\Fakultas_Kedokteran\Sesi_1File.pdf,c84b8e4b8d4c457ce108111c691f2bbcc40931f8feb7477e033c3d750c94870b
MAT-000266,MATERIAL,Bab 1 Latar Belakang penelitian Tips mencari Gap permasalahan dan menghindari Common FalseFile,"[""Fakultas Kedokteran, Universitas Indonesia""]",Metodologi Riset dan Biostatistik 1,Universitas Indonesia,2023,id,OCW_UI,13,383611,READY_FOR_INDEXING,data\raw\material\Fakultas_Kedokteran\Bab_1_Latar_Belakang_penelitia.pptx,4d8136ffe14d9a1de8a92d1308b32186eeec6e3a5d0cc74d2bfba35a4e2366a7
MAT-000267,MATERIAL,Tips Penelusuran LiteraturFile,"[""Fakultas Kedokteran, Universitas Indonesia""]",Metodologi Riset dan Biostatistik 1,Universitas Indonesia,2023,id,OCW_UI,15,688824,READY_FOR_INDEXING,data\raw\material\Fakultas_Kedokteran\Tips_Penelusuran_LiteraturFile.pptx,6c8a9bd30e46602cb79fe383bc6aea3a54b5cca4c5fa94434331d6b1bd7b6f93
MAT-000268,MATERIAL,PPT 01 Studi Potong Lintang/SurveiFile,"[""Fakultas Kedokteran, Universitas Indonesia""]",Metodologi Riset dan Biostatistik 1,Universitas Indonesia,2023,id,OCW_UI,80,5985471,READY_FOR_INDEXING,data\raw\material\Fakultas_Kedokteran\PPT_01_Studi_Potong_Lintang_Su.pdf,90746cd03757011097a8f4bb1f86882bb944c0907cc11cd96738826d7e188316
MAT-000269,MATERIAL,PPT 02 Statistik DeskriptifFile,"[""Fakultas Kedokteran, Universitas Indonesia""]",Metodologi Riset dan Biostatistik 1,Universitas Indonesia,2023,id,OCW_UI,38,3152399,READY_FOR_INDEXING,data\raw\material\Fakultas_Kedokteran\PPT_02_Statistik_DeskriptifFil.pdf,2b483ed14c80fd8f63120e21f0d0eec9fbe4e3dcf2495558f4eaae8d0000be58
MAT-000270,MATERIAL,File Pengantar Desain Uji Klinis Eksperimental,"[""Fakultas Kedokteran, Universitas Indonesia""]",Metodologi Riset dan Biostatistik 1,Universitas Indonesia,2023,id,OCW_UI,39,171973,READY_FOR_INDEXING,data\raw\material\Fakultas_Kedokteran\File_Pengantar_Desain_Uji_Klin.pptx,a125047b233e063626bebb387c49a729be727d2ada433d073c0f2580e5fb9534
MAT-000271,MATERIAL,File Borang Penilaian Publikasi Uji Klinis,"[""Fakultas Kedokteran, Universitas Indonesia""]",Metodologi Riset dan Biostatistik 1,Universitas Indonesia,2023,en,OCW_UI,30,603933,READY_FOR_INDEXING,data\raw\material\Fakultas_Kedokteran\File_Borang_Penilaian_Publikas.pptx,653a753ec8daf1ef28c3937d18c60358d20a512828bcad4866c0a05bc90a80f7
MAT-000272,MATERIAL,Perbedaan Kohort dengan Kasus KontrolFile,"[""Fakultas Kedokteran, Universitas Indonesia""]",Metodologi Riset dan Biostatistik 1,Universitas Indonesia,2023,id,OCW_UI,43,1353101,READY_FOR_INDEXING,data\raw\material\Fakultas_Kedokteran\Perbedaan_Kohort_dengan_Kasus.pdf,cf4b473ea7590119dd08fec3dee5a65051d2c27dfa3fc1446c5de1bdff1e2163
MAT-000273,MATERIAL,Materi: Desain KOHORTFile,"[""Fakultas Kedokteran, Universitas Indonesia""]",Metodologi Riset dan Biostatistik 1,Universitas Indonesia,2023,id,OCW_UI,15,1028890,READY_FOR_INDEXING,data\raw\material\Fakultas_Kedokteran\Materi__Desain_KOHORTFile.pptx,8a5db79831667f8bef0dcb79c673d25301e43ac67637742a33893cb84eff0f2e
MAT-000274,MATERIAL,Materi: Desain KASUS KONTROLFile,"[""Fakultas Kedokteran, Universitas Indonesia""]",Metodologi Riset dan Biostatistik 1,Universitas Indonesia,2023,id,OCW_UI,13,1035112,READY_FOR_INDEXING,data\raw\material\Fakultas_Kedokteran\Materi__Desain_KASUS_KONTROLFi.pptx,cc89ed13cfc41f906f70e019882020be70c35e8911a2070db8c2982cdab8573b
MAT-000275,MATERIAL,Contoh Penelitian Kohort OkupasionalFile,"[""Fakultas Kedokteran, Universitas Indonesia""]",Metodologi Riset dan Biostatistik 1,Universitas Indonesia,2023,en,OCW_UI,6,168051,READY_FOR_INDEXING,data\raw\material\Fakultas_Kedokteran\Contoh_Penelitian_Kohort_Okupa.pdf,684fe2c9f3e5ed784728dc57aad4725a2113eaf2b7d59f01f1161ca2b9f4868f
MAT-000276,MATERIAL,Kapita Selekta Penulisan ProposalFile,"[""Fakultas Kedokteran, Universitas Indonesia""]",Metodologi Riset dan Biostatistik 1,Universitas Indonesia,2023,id,OCW_UI,79,566606,READY_FOR_INDEXING,data\raw\material\Fakultas_Kedokteran\Kapita_Selekta_Penulisan_Propo.pptx,8e50ee308413766d04179d0752354edbfa0dd71d1a76de59aa8cfe882993f0c1
MAT-000277,MATERIAL,Materi: Menguji Tujuan dan Manfaat Penelitian dengan kriteria FINERFile,"[""Fakultas Kedokteran, Universitas Indonesia""]",Metodologi Riset dan Biostatistik 1,Universitas Indonesia,2023,id,OCW_UI,15,312107,READY_FOR_INDEXING,data\raw\material\Fakultas_Kedokteran\Materi__Menguji_Tujuan_dan_Man.pptx,a1b95ade4f1bd76d42b2d746fae3bd93f70982c527533a351a12d8ea57b801b8
MAT-000278,MATERIAL,Materi: Merancang Rumusan masalah Hipotesis Tujuan dan ManfaatFile,"[""Fakultas Kedokteran, Universitas Indonesia""]",Metodologi Riset dan Biostatistik 1,Universitas Indonesia,2023,id,OCW_UI,12,321286,READY_FOR_INDEXING,data\raw\material\Fakultas_Kedokteran\Materi__Merancang_Rumusan_masa.pptx,f9b1170230cc8dbd6ba663dc37b15d7f33cc5822c1cc42411efa7a48ac71aa46
MAT-000279,MATERIAL,Materi: Kerangka Teori dan Kerangka KonsepFile,"[""Fakultas Kedokteran, Universitas Indonesia""]",Metodologi Riset dan Biostatistik 1,Universitas Indonesia,2023,id,OCW_UI,14,512289,READY_FOR_INDEXING,data\raw\material\Fakultas_Kedokteran\Materi__Kerangka_Teori_dan_Ker.pptx,d0b274de3fa5a6feaff06ab9e5a16aba41d8141a7715f950988caca5363a2457
MAT-000280,MATERIAL,Materi: Prinsip Penulisan Tinjauan Pustaka yang BaikFile,"[""Fakultas Kedokteran, Universitas Indonesia""]",Metodologi Riset dan Biostatistik 1,Universitas Indonesia,2023,id,OCW_UI,13,380131,READY_FOR_INDEXING,data\raw\material\Fakultas_Kedokteran\Materi__Prinsip_Penulisan_Tinj.pptx,3159446d098fbb697e2c35371624128d7039a8fe1a0866618bae3b57a4acd52c
MAT-000281,MATERIAL,Materi: Desain PenelitianFile,"[""Fakultas Kedokteran, Universitas Indonesia""]",Metodologi Riset dan Biostatistik 1,Universitas Indonesia,2023,id,OCW_UI,16,2749259,READY_FOR_INDEXING,data\raw\material\Fakultas_Kedokteran\Materi__Desain_PenelitianFile.pptx,eb70a33e70e5f6c9bbc1acf78e349d890f639cd67ac327ffb90fd93437853df1
MAT-000282,MATERIAL,Materi: Validasi Instrumen dan Kuesioner PenelitianFile,"[""Fakultas Kedokteran, Universitas Indonesia""]",Metodologi Riset dan Biostatistik 1,Universitas Indonesia,2023,id,OCW_UI,13,721325,READY_FOR_INDEXING,data\raw\material\Fakultas_Kedokteran\Materi__Validasi_Instrumen_dan.pptx,3029a28f372dfd911bd898849ffae73311ea44eeab53830c74d15ac339a5c2bd
MAT-000283,MATERIAL,Materi: Reliabilitas Instrumen dan Kuesioner PenelitianFile,"[""Fakultas Kedokteran, Universitas Indonesia""]",Metodologi Riset dan Biostatistik 1,Universitas Indonesia,2023,id,OCW_UI,10,467365,READY_FOR_INDEXING,data\raw\material\Fakultas_Kedokteran\Materi__Reliabilitas_Instrumen.pptx,723eac27af64311c0d4beba12b9c1279bf4e81bc2bcd827f15939d5d492ab1e8
MAT-000284,MATERIAL,Materi: Desain pre eksperimental dan kuasi eksperimentalFile,"[""Fakultas Kedokteran, Universitas Indonesia""]",Metodologi Riset dan Biostatistik 1,Universitas Indonesia,2023,id,OCW_UI,12,343878,READY_FOR_INDEXING,data\raw\material\Fakultas_Kedokteran\Materi__Desain_pre_eksperiment.pptx,4624f32ccb7ea69af47b8face887be4a8909b70a9c457db4a4cd277a495ac860
MAT-000285,MATERIAL,Video 14 Desain eksperimental MURNIFile,"[""Fakultas Kedokteran, Universitas Indonesia""]",Metodologi Riset dan Biostatistik 1,Universitas Indonesia,2023,id,OCW_UI,14,2348423,READY_FOR_INDEXING,data\raw\material\Fakultas_Kedokteran\Video_14_Desain_eksperimental.pptx,9ec17f778635171ac1e48cbae3d6bbe98c0d975e092b1cb0a589feee67e37626
MAT-000286,MATERIAL,BRP PPAK 1File,"[""Fakultas Kedokteran, Universitas Indonesia""]",Pengelolaan Penyakit Akibat Kerja,Universitas Indonesia,2023,id,OCW_UI,41,11354512,READY_FOR_INDEXING,data\raw\material\Fakultas_Kedokteran\BRP_PPAK_1File.pdf,5fa0b83a944cf4fb4781e9024f66bca547aee5517245715d3f9ae2268d040524
MAT-000287,MATERIAL,Ppt Kepemimpinan RisetFile,"[""Fakultas Kedokteran, Universitas Indonesia""]",Kepemimpinan dan Kerjasama Riset,Universitas Indonesia,2023,id,OCW_UI,10,5552099,READY_FOR_INDEXING,data\raw\material\Fakultas_Kedokteran\Ppt_Kepemimpinan_RisetFile.pptx,77ed9a2a76b74460ae9dff56edadb979e6e02abac4d24db0f36f48974598b55f
MAT-000288,MATERIAL,Persetujuan tindakan kedokteran (Informed Consent) dan Advanced Directive,"[""Fakultas Kedokteran, Universitas Indonesia""]",Hukum Kedokteran,Universitas Indonesia,2023,id,OCW_UI,27,140585,READY_FOR_INDEXING,data\raw\material\Fakultas_Kedokteran\Persetujuan_tindakan_kedoktera.pptx,c93e10f42ca5b37ae617f30dd2be022f4e6fe63697b53f14dbf97d2e8cdd9808
MAT-000289,MATERIAL,Mal Praktik dalam Tindakan Medis,"[""Fakultas Kedokteran, Universitas Indonesia""]",Hukum Kedokteran,Universitas Indonesia,2023,id,OCW_UI,114,3308961,READY_FOR_INDEXING,data\raw\material\Fakultas_Kedokteran\Mal_Praktik_dalam_Tindakan_Med.pptx,6d84182034d7bd804aad9d4803e72e7e0bde7e6b4d2526c73b7d60656bc4f644
MAT-000290,MATERIAL,Penyelesaian Sengketa Medik,"[""Fakultas Kedokteran, Universitas Indonesia""]",Hukum Kedokteran,Universitas Indonesia,2023,id,OCW_UI,50,592768,READY_FOR_INDEXING,data\raw\material\Fakultas_Kedokteran\Penyelesaian_Sengketa_Medik.pptx,c06b377dd6ff0064f4a314d6d474c71033ad67edd8acb12a8e95edc452d4ebc9
MAT-000291,MATERIAL,Contoh soal,"[""Fakultas Kedokteran, Universitas Indonesia""]",Hukum Kedokteran,Universitas Indonesia,2023,id,OCW_UI,2,131133,READY_FOR_INDEXING,data\raw\material\Fakultas_Kedokteran\Contoh_soal.pdf,e4c0571231a607a3dfceca0409baea64b490d895fa01d6730b013f5619a33852
MAT-000292,MATERIAL,Presentasi HemostasisFile,"[""Fakultas Kedokteran, Universitas Indonesia""]",Hematologi - Onkologi,Universitas Indonesia,2023,id,OCW_UI,36,11227663,READY_FOR_INDEXING,data\raw\material\Fakultas_Kedokteran\Presentasi_HemostasisFile.pdf,e7f6c4738377e5240cbdd3d5f51904d29810feef53b68ba518a50ac9ee6ba1a4
MAT-000293,MATERIAL,Presentasi Koagulasi Intravaskular DiseminataFile,"[""Fakultas Kedokteran, Universitas Indonesia""]",Hematologi - Onkologi,Universitas Indonesia,2023,id,OCW_UI,29,893559,READY_FOR_INDEXING,data\raw\material\Fakultas_Kedokteran\Presentasi_Koagulasi_Intravask.pdf,73e37d0d8fdc0bc45a9bee3bddb6d0551e0946959cbb2b846de456765f117735
MAT-000294,MATERIAL,Presentasi Emboli ParuFile,"[""Fakultas Kedokteran, Universitas Indonesia""]",Hematologi - Onkologi,Universitas Indonesia,2023,id,OCW_UI,61,4035910,READY_FOR_INDEXING,data\raw\material\Fakultas_Kedokteran\Presentasi_Emboli_ParuFile.pdf,4b657a2df2a32ccff0c083a046691de680848ffa7073fec101e994fa45bb5bb7
MAT-000295,MATERIAL,Presentasi Trombosis Vena DalamFile,"[""Fakultas Kedokteran, Universitas Indonesia""]",Hematologi - Onkologi,Universitas Indonesia,2023,id,OCW_UI,38,1367728,READY_FOR_INDEXING,data\raw\material\Fakultas_Kedokteran\Presentasi_Trombosis_Vena_Dala.pdf,883f7e79d5da7e31a2c15ccbe95a0932c2c4afc2602aae037253d22a290a0099
MAT-000296,MATERIAL,Presentasi Onkologi DasarFile,"[""Fakultas Kedokteran, Universitas Indonesia""]",Hematologi - Onkologi,Universitas Indonesia,2023,en,OCW_UI,27,1524688,READY_FOR_INDEXING,data\raw\material\Fakultas_Kedokteran\Presentasi_Onkologi_DasarFile.pdf,03759cdba9e7a0e95a10042af385b550f0b3b2ffabf9029f96b23e1c7338947c
MAT-000297,MATERIAL,Presentasi Infeksi Parasit yang Berhubungan dengan Kelainan HematologiFile,"[""Fakultas Kedokteran, Universitas Indonesia""]",Hematologi - Onkologi,Universitas Indonesia,2023,id,OCW_UI,28,1086151,READY_FOR_INDEXING,data\raw\material\Fakultas_Kedokteran\Presentasi_Infeksi_Parasit_yan.pdf,44d97b48aae5874bf3229550605bcc40f2e021e7c9d89afb594f7071f1a1fda2
MAT-000298,MATERIAL,Presentasi Kanker PayudaraFile,"[""Fakultas Kedokteran, Universitas Indonesia""]",Hematologi - Onkologi,Universitas Indonesia,2023,en,OCW_UI,39,1293155,READY_FOR_INDEXING,data\raw\material\Fakultas_Kedokteran\Presentasi_Kanker_PayudaraFile.pdf,1147edce373ab03be5dcf9f605e95112663aefad4295415a42c3bb39b669b511
MAT-000299,MATERIAL,Presentasi Leukemia AkutFile,"[""Fakultas Kedokteran, Universitas Indonesia""]",Hematologi - Onkologi,Universitas Indonesia,2023,en,OCW_UI,26,657387,READY_FOR_INDEXING,data\raw\material\Fakultas_Kedokteran\Presentasi_Leukemia_AkutFile.pdf,c176a0c387efe7abb7faebe891c7ed046d4ca620dd8da38b0f7c4e4838627bcd
MAT-000300,MATERIAL,Presentasi Leukemia KronikFile,"[""Fakultas Kedokteran, Universitas Indonesia""]",Hematologi - Onkologi,Universitas Indonesia,2023,en,OCW_UI,25,1056632,READY_FOR_INDEXING,data\raw\material\Fakultas_Kedokteran\Presentasi_Leukemia_KronikFile.pdf,de5166781c9528b31537254bea20f5e867a463f66acea400e6db1c73d292b4d2
MAT-000301,MATERIAL,Bahan Belajar: Energi dan Potensial ListrikFile,"[""Fakultas Matematika & Ilmu Pengetahuan Alam, Universitas Indonesia""]",Fisika Dasar 2,Universitas Indonesia,2023,id,OCW_UI,16,1647470,READY_FOR_INDEXING,data\raw\material\Fakultas_Matematika___Ilmu_Pengetahuan_Alam\Bahan_Belajar__Energi_dan_Pote.pptx,1ac763a55661999233bff08883962a6523c86fc27e02977086ea0beaf8092b81
MAT-000302,MATERIAL,Bahan Belajar: Kapasitansi dan DielektrikFile,"[""Fakultas Matematika & Ilmu Pengetahuan Alam, Universitas Indonesia""]",Fisika Dasar 2,Universitas Indonesia,2023,id,OCW_UI,12,1345238,READY_FOR_INDEXING,data\raw\material\Fakultas_Matematika___Ilmu_Pengetahuan_Alam\Bahan_Belajar__Kapasitansi_dan.pptx,9d1675672f6242791b77e4185dcb63dd0b7bcd98f0d8d82e852f78ffcf35ef40
MAT-000303,MATERIAL,Bahan Belajar: Arus DCFile,"[""Fakultas Matematika & Ilmu Pengetahuan Alam, Universitas Indonesia""]",Fisika Dasar 2,Universitas Indonesia,2023,id,OCW_UI,12,1596018,READY_FOR_INDEXING,data\raw\material\Fakultas_Matematika___Ilmu_Pengetahuan_Alam\Bahan_Belajar__Arus_DCFile.pptx,da7eca2e5190036be620504e5d400ba03dc7c3c1301827b86324f19dc452d7a8
MAT-000304,MATERIAL,Bahan Bacaan: Medan dan Gaya MagnetFile,"[""Fakultas Matematika & Ilmu Pengetahuan Alam, Universitas Indonesia""]",Fisika Dasar 2,Universitas Indonesia,2023,id,OCW_UI,10,2328667,READY_FOR_INDEXING,data\raw\material\Fakultas_Matematika___Ilmu_Pengetahuan_Alam\Bahan_Bacaan__Medan_dan_Gaya_M.pptx,9a9740a8a609c06d4fce5b3499d1c7aab096b9068a2438e0c4efa589c70018f2
MAT-000305,MATERIAL,Bahan Bacaan: Induksi ElektromagnetikFile,"[""Fakultas Matematika & Ilmu Pengetahuan Alam, Universitas Indonesia""]",Fisika Dasar 2,Universitas Indonesia,2023,id,OCW_UI,11,1639231,READY_FOR_INDEXING,data\raw\material\Fakultas_Matematika___Ilmu_Pengetahuan_Alam\Bahan_Bacaan__Induksi_Elektrom.pptx,9cda4fd71258c588fd0739902a11c502ec4869900cfb49463e304da7ba325f29
MAT-000306,MATERIAL,Bahan Belajar: InduktansiFile,"[""Fakultas Matematika & Ilmu Pengetahuan Alam, Universitas Indonesia""]",Fisika Dasar 2,Universitas Indonesia,2023,id,OCW_UI,14,1503199,READY_FOR_INDEXING,data\raw\material\Fakultas_Matematika___Ilmu_Pengetahuan_Alam\Bahan_Belajar__InduktansiFile.pptx,96a2558744adf6d5f466b350be49ac968fc9f6519c2b95223148dbaa4b87b2d2
MAT-000307,MATERIAL,Bahan Belajar: Rangkaian ACFile,"[""Fakultas Matematika & Ilmu Pengetahuan Alam, Universitas Indonesia""]",Fisika Dasar 2,Universitas Indonesia,2023,id,OCW_UI,12,1337413,READY_FOR_INDEXING,data\raw\material\Fakultas_Matematika___Ilmu_Pengetahuan_Alam\Bahan_Belajar__Rangkaian_ACFil.pptx,31bff4a0312b9d55bb9c8f0e22dfdd98c4fc73f663a7d6cfad6b1d0e3a5b6087
MAT-000308,MATERIAL,Bahan Belajar: BunyiFile,"[""Fakultas Matematika & Ilmu Pengetahuan Alam, Universitas Indonesia""]",Fisika Dasar 2,Universitas Indonesia,2023,id,OCW_UI,13,22086022,READY_FOR_INDEXING,data\raw\material\Fakultas_Matematika___Ilmu_Pengetahuan_Alam\Bahan_Belajar__BunyiFile.pptx,dcf20474ced389f928c360e94c61513ae9ac2eda2511d7f1497d9c6e0e8dce62
MAT-000309,MATERIAL,Bahan Belajar: SuperposisiFile,"[""Fakultas Matematika & Ilmu Pengetahuan Alam, Universitas Indonesia""]",Fisika Dasar 2,Universitas Indonesia,2023,id,OCW_UI,14,2588297,READY_FOR_INDEXING,data\raw\material\Fakultas_Matematika___Ilmu_Pengetahuan_Alam\Bahan_Belajar__SuperposisiFile.pptx,018d1346ae4c95f2880ccb9ec2738adee11aba63f36764da43caa31713be2352
MAT-000310,MATERIAL,Bahan Belajar: Gelombang CahayaFile,"[""Fakultas Matematika & Ilmu Pengetahuan Alam, Universitas Indonesia""]",Fisika Dasar 2,Universitas Indonesia,2023,id,OCW_UI,13,2560352,READY_FOR_INDEXING,data\raw\material\Fakultas_Matematika___Ilmu_Pengetahuan_Alam\Bahan_Belajar__Gelombang_Cahay.pptx,87a6b81e9b04424c834b41c98f92788294bff9d2a5809d326704692f88eeb565
MAT-000311,MATERIAL,Bahan Belajar: InterferensiFile,"[""Fakultas Matematika & Ilmu Pengetahuan Alam, Universitas Indonesia""]",Fisika Dasar 2,Universitas Indonesia,2023,id,OCW_UI,7,1875911,READY_FOR_INDEXING,data\raw\material\Fakultas_Matematika___Ilmu_Pengetahuan_Alam\Bahan_Belajar__InterferensiFil.pptx,60e94b262edc9d92968b95dfed5ba153edfbc278a67073127f994e065d684925
MAT-000312,MATERIAL,alur logika,"[""Fakultas Matematika & Ilmu Pengetahuan Alam, Universitas Indonesia""]",Algoritma dan Pemrograman,Universitas Indonesia,2023,en,OCW_UI,9,574348,READY_FOR_INDEXING,data\raw\material\Fakultas_Matematika___Ilmu_Pengetahuan_Alam\alur_logika.pdf,0bc8a0a105e5284af668f5f85f02efc3633b444cd8edcb930e7a52e5ecb293d3
MAT-000313,MATERIAL,larik (array),"[""Fakultas Matematika & Ilmu Pengetahuan Alam, Universitas Indonesia""]",Algoritma dan Pemrograman,Universitas Indonesia,2023,en,OCW_UI,10,794572,READY_FOR_INDEXING,data\raw\material\Fakultas_Matematika___Ilmu_Pengetahuan_Alam\larik__array.pdf,c8ff71950cf82157c2873876d8983a928f1fea5f1e1f770a229864a91163ef33
MAT-000314,MATERIAL,subprogram,"[""Fakultas Matematika & Ilmu Pengetahuan Alam, Universitas Indonesia""]",Algoritma dan Pemrograman,Universitas Indonesia,2023,en,OCW_UI,9,907990,READY_FOR_INDEXING,data\raw\material\Fakultas_Matematika___Ilmu_Pengetahuan_Alam\subprogram.pdf,f32b52dcd5c1cc81d68accb6fbda0f70faaa29e5b0d4298e5348e361df2aaf97
MAT-000315,MATERIAL,Konsep Algoritma dan Pemrograman,"[""Fakultas Matematika & Ilmu Pengetahuan Alam, Universitas Indonesia""]",Algoritma dan Pemrograman,Universitas Indonesia,2023,en,OCW_UI,10,787999,READY_FOR_INDEXING,data\raw\material\Fakultas_Matematika___Ilmu_Pengetahuan_Alam\Konsep_Algoritma_dan_Pemrogram.pdf,5699ca3a907b9c2340b17260f66420aa1ddc0132d968e11cd8db819e44060cc4
MAT-000316,MATERIAL,Representasi Algoritma,"[""Fakultas Matematika & Ilmu Pengetahuan Alam, Universitas Indonesia""]",Algoritma dan Pemrograman,Universitas Indonesia,2023,en,OCW_UI,9,929554,READY_FOR_INDEXING,data\raw\material\Fakultas_Matematika___Ilmu_Pengetahuan_Alam\Representasi_Algoritma.pdf,15391b5c61676ba6aae2ef9e8e9a5e9c0b58a01f24e3482a566fc0e527640039
MAT-000317,MATERIAL,pernyataan,"[""Fakultas Matematika & Ilmu Pengetahuan Alam, Universitas Indonesia""]",Algoritma dan Pemrograman,Universitas Indonesia,2023,en,OCW_UI,11,812704,READY_FOR_INDEXING,data\raw\material\Fakultas_Matematika___Ilmu_Pengetahuan_Alam\pernyataan.pdf,c26835f3055155b95e8056be9c28d9437a41eb99cae1e99ccfd076985a018788
MAT-000318,MATERIAL,Data dan Ekspresi,"[""Fakultas Matematika & Ilmu Pengetahuan Alam, Universitas Indonesia""]",Algoritma dan Pemrograman,Universitas Indonesia,2023,en,OCW_UI,9,876333,READY_FOR_INDEXING,data\raw\material\Fakultas_Matematika___Ilmu_Pengetahuan_Alam\Data_dan_Ekspresi.pdf,00ee8a7f5da6d383e879ffbe5609733bffd698ee948681158e2a6193d5195ed9
MAT-000319,MATERIAL,Topik 4 - PernyataanFile,"[""Fakultas Matematika & Ilmu Pengetahuan Alam, Universitas Indonesia""]",Algoritma dan Pemrograman,Universitas Indonesia,2023,id,OCW_UI,19,387935,READY_FOR_INDEXING,data\raw\material\Fakultas_Matematika___Ilmu_Pengetahuan_Alam\Topik_4_-_PernyataanFile.pdf,5d088707469be4f6a0ae17ac8b8f5d7351f211c90fa3a4e6747b375291b4b933
MAT-000320,MATERIAL,Fungsi Rekursif,"[""Fakultas Matematika & Ilmu Pengetahuan Alam, Universitas Indonesia""]",Algoritma dan Pemrograman,Universitas Indonesia,2023,en,OCW_UI,9,701440,READY_FOR_INDEXING,data\raw\material\Fakultas_Matematika___Ilmu_Pengetahuan_Alam\Fungsi_Rekursif.pdf,e3e49e407423bb9bf18f6d4d0c0bc913b50c9f7e84ecfd11bcd3d1c2f2a3c88b
MAT-000321,MATERIAL,SortingFile,"[""Fakultas Matematika & Ilmu Pengetahuan Alam, Universitas Indonesia""]",Algoritma dan Pemrograman,Universitas Indonesia,2023,id,OCW_UI,26,626088,READY_FOR_INDEXING,data\raw\material\Fakultas_Matematika___Ilmu_Pengetahuan_Alam\SortingFile.pdf,e7bebe2abc14b2a6f88a19d88e3187f9a1c8209a6cd5e794d7688608acba72d6
MAT-000322,MATERIAL,SearchingFile,"[""Fakultas Matematika & Ilmu Pengetahuan Alam, Universitas Indonesia""]",Algoritma dan Pemrograman,Universitas Indonesia,2023,en,OCW_UI,7,732153,READY_FOR_INDEXING,data\raw\material\Fakultas_Matematika___Ilmu_Pengetahuan_Alam\SearchingFile.pdf,20fbd42761590e158f0a690b0443035fb92aad128aef8485c1b091c1b470d95a
MAT-000323,MATERIAL,kompleksitas algoritma,"[""Fakultas Matematika & Ilmu Pengetahuan Alam, Universitas Indonesia""]",Algoritma dan Pemrograman,Universitas Indonesia,2023,en,OCW_UI,10,718615,READY_FOR_INDEXING,data\raw\material\Fakultas_Matematika___Ilmu_Pengetahuan_Alam\kompleksitas_algoritma.pdf,60a5e82b85ddf0ab4cccbc3092aab24f4888f46d41a8558d77cdc222e999622d
MAT-000324,MATERIAL,Notasi Asymptot,"[""Fakultas Matematika & Ilmu Pengetahuan Alam, Universitas Indonesia""]",Algoritma dan Pemrograman,Universitas Indonesia,2023,en,OCW_UI,18,1196491,READY_FOR_INDEXING,data\raw\material\Fakultas_Matematika___Ilmu_Pengetahuan_Alam\Notasi_Asymptot.pdf,e1efc7cfe030238850f71d17532d37c2615d6ca467776d4d743e49bc6a32ed7c
MAT-000325,MATERIAL,KBB Sesi 1 - Pendahuluan Kimia Bahan BerbahayaFile,"[""Fakultas Matematika & Ilmu Pengetahuan Alam, Universitas Indonesia""]",Bahan Kimia Berbahaya,Universitas Indonesia,2023,id,OCW_UI,24,2044064,READY_FOR_INDEXING,data\raw\material\Fakultas_Matematika___Ilmu_Pengetahuan_Alam\KBB_Sesi_1_-_Pendahuluan_Kimia.pdf,a53cc9e6089e04e2e567949f25e6592f2eba3a054cea2a0b6baab4272e0dc1bf
MAT-000326,MATERIAL,KBB Sesi 2 - Regulasi Internasional dan Nasional terkait Bahan KimiaFile,"[""Fakultas Matematika & Ilmu Pengetahuan Alam, Universitas Indonesia""]",Bahan Kimia Berbahaya,Universitas Indonesia,2023,id,OCW_UI,43,1407382,READY_FOR_INDEXING,data\raw\material\Fakultas_Matematika___Ilmu_Pengetahuan_Alam\KBB_Sesi_2_-_Regulasi_Internas.pdf,1ef872f39965c60a1b4a0dded35ffa5d7a3d0d1a9a4e19269197dece0d4cdc6f
MAT-000327,MATERIAL,KBB Sesi 3 - Klasifikasi Bahan Kimia BerbahayaFile,"[""Fakultas Matematika & Ilmu Pengetahuan Alam, Universitas Indonesia""]",Bahan Kimia Berbahaya,Universitas Indonesia,2023,id,OCW_UI,38,2093947,READY_FOR_INDEXING,data\raw\material\Fakultas_Matematika___Ilmu_Pengetahuan_Alam\KBB_Sesi_3_-_Klasifikasi_Bahan.pdf,a459da65a20568147c9d14177739a4aae0d887b95822b2fc8db18bd31d97114b
MAT-000328,MATERIAL,KBB Sesi 4 -5 Bahaya Fisik Bahan KimiaFile,"[""Fakultas Matematika & Ilmu Pengetahuan Alam, Universitas Indonesia""]",Bahan Kimia Berbahaya,Universitas Indonesia,2023,id,OCW_UI,68,4307125,READY_FOR_INDEXING,data\raw\material\Fakultas_Matematika___Ilmu_Pengetahuan_Alam\KBB_Sesi_4_-5_Bahaya_Fisik_Bah.pdf,c184be4de20276d9d369c98fc19a4a5a67edd265eee7bcfe6e828c88d3c2c86d
MAT-000329,MATERIAL,KBB Sesi 6 - Klasifikasi Bahaya Kesehatan & LingkunganFile,"[""Fakultas Matematika & Ilmu Pengetahuan Alam, Universitas Indonesia""]",Bahan Kimia Berbahaya,Universitas Indonesia,2023,id,OCW_UI,49,1887418,READY_FOR_INDEXING,data\raw\material\Fakultas_Matematika___Ilmu_Pengetahuan_Alam\KBB_Sesi_6_-_Klasifikasi_Bahay.pdf,0a0e876ec3cf248a29c1286b4d7f854a2748dc6abfea7a59150bcaf62a189bd6
MAT-000330,MATERIAL,KBB Sesi 7 - Pengantar ToxikologiFile,"[""Fakultas Matematika & Ilmu Pengetahuan Alam, Universitas Indonesia""]",Bahan Kimia Berbahaya,Universitas Indonesia,2023,id,OCW_UI,22,1289110,READY_FOR_INDEXING,data\raw\material\Fakultas_Matematika___Ilmu_Pengetahuan_Alam\KBB_Sesi_7_-_Pengantar_Toxikol.pdf,369a707b21060c6d7e6a8791d98a31ea793327ae043b5253b19aaf918360e003
MAT-000331,MATERIAL,KBB Sesi 9 - Komunikasi Bahaya GHS - Label & Safety Data SheetsFile,"[""Fakultas Matematika & Ilmu Pengetahuan Alam, Universitas Indonesia""]",Bahan Kimia Berbahaya,Universitas Indonesia,2023,id,OCW_UI,58,1829875,READY_FOR_INDEXING,data\raw\material\Fakultas_Matematika___Ilmu_Pengetahuan_Alam\KBB_Sesi_9_-_Komunikasi_Bahaya.pdf,7c33d15d5eac8f166edf3657d60143035a94c6fd0f54476b006f1173c76b0e75
MAT-000332,MATERIAL,KBB Sesi 10 - Safety-SecurityFile,"[""Fakultas Matematika & Ilmu Pengetahuan Alam, Universitas Indonesia""]",Bahan Kimia Berbahaya,Universitas Indonesia,2023,id,OCW_UI,34,6084552,READY_FOR_INDEXING,data\raw\material\Fakultas_Matematika___Ilmu_Pengetahuan_Alam\KBB_Sesi_10_-_Safety-SecurityF.pdf,b85578f6cf7b75251d4cfb55d658a62184d20ac3689421602cd02e3dd54d8e80
MAT-000333,MATERIAL,KBB Sesi 11 - Lab SafetyFile,"[""Fakultas Matematika & Ilmu Pengetahuan Alam, Universitas Indonesia""]",Bahan Kimia Berbahaya,Universitas Indonesia,2023,id,OCW_UI,39,8391679,READY_FOR_INDEXING,data\raw\material\Fakultas_Matematika___Ilmu_Pengetahuan_Alam\KBB_Sesi_11_-_Lab_SafetyFile.pdf,b674258eebea05be727033692dc49aa34841fec02c610a61d8da231d45b9a145
MAT-000334,MATERIAL,KBB Sesi 12 - Penyimpanan & PenanganFile,"[""Fakultas Matematika & Ilmu Pengetahuan Alam, Universitas Indonesia""]",Bahan Kimia Berbahaya,Universitas Indonesia,2023,id,OCW_UI,6,750613,READY_FOR_INDEXING,data\raw\material\Fakultas_Matematika___Ilmu_Pengetahuan_Alam\KBB_Sesi_12_-_Penyimpanan___Pe.pdf,556e5a1e06c2668ef26ae44a24fe3dfc2c9125e7a510e2a31b5c9b9cf4f9f29a
MAT-000335,MATERIAL,KBB Sesi 13 - Kesiapsiagaan DaruratFile,"[""Fakultas Matematika & Ilmu Pengetahuan Alam, Universitas Indonesia""]",Bahan Kimia Berbahaya,Universitas Indonesia,2023,id,OCW_UI,18,1377801,READY_FOR_INDEXING,data\raw\material\Fakultas_Matematika___Ilmu_Pengetahuan_Alam\KBB_Sesi_13_-_Kesiapsiagaan_Da.pdf,afa0a82b3aa04fee7bb4229a938f96189c087c3984e3d68f7b6bf197a6f4f4cc
MAT-000336,MATERIAL,KBB Sesi 15 - Penanagan Limbah LaboratoriumFile,"[""Fakultas Matematika & Ilmu Pengetahuan Alam, Universitas Indonesia""]",Bahan Kimia Berbahaya,Universitas Indonesia,2023,id,OCW_UI,9,825659,READY_FOR_INDEXING,data\raw\material\Fakultas_Matematika___Ilmu_Pengetahuan_Alam\KBB_Sesi_15_-_Penanagan_Limbah.pdf,4044a9aa3a4f2dff9e6e152bb67ac3a942a50f4c31f6c3bec7bf74c4898ca8ee
MAT-000337,MATERIAL,BRP 2020 KO1 MOOCs Final ver.File,"[""Fakultas Matematika & Ilmu Pengetahuan Alam, Universitas Indonesia""]",Kimia Organik I,Universitas Indonesia,2023,id,OCW_UI,16,241510,READY_FOR_INDEXING,data\raw\material\Fakultas_Matematika___Ilmu_Pengetahuan_Alam\BRP_2020_KO1_MOOCs_Final_ver_F.pdf,ee4cae0b24199b5bdc4deed4009517f5d3175f77ac62a4f0ab936c38330654ca
MAT-000338,MATERIAL,PENDAHULUAN MOOCs RevFile,"[""Fakultas Matematika & Ilmu Pengetahuan Alam, Universitas Indonesia""]",Kimia Organik I,Universitas Indonesia,2023,id,OCW_UI,11,1888294,READY_FOR_INDEXING,data\raw\material\Fakultas_Matematika___Ilmu_Pengetahuan_Alam\PENDAHULUAN_MOOCs_RevFile.pdf,fc592e380901de05ead0c05ca8391e081359f158043a25ce73beb84c7fd7a46f
MAT-000339,MATERIAL,ALKANA MOOCs RevFile,"[""Fakultas Matematika & Ilmu Pengetahuan Alam, Universitas Indonesia""]",Kimia Organik I,Universitas Indonesia,2023,id,OCW_UI,7,722651,READY_FOR_INDEXING,data\raw\material\Fakultas_Matematika___Ilmu_Pengetahuan_Alam\ALKANA_MOOCs_RevFile.pdf,820d3809c73fb2f9eab88ee3172e51e9ac300e718942fd8363756dfbad57eefe
MAT-000340,MATERIAL,Alkil Halida MOOCs 1File,"[""Fakultas Matematika & Ilmu Pengetahuan Alam, Universitas Indonesia""]",Kimia Organik I,Universitas Indonesia,2023,id,OCW_UI,3,1153821,READY_FOR_INDEXING,data\raw\material\Fakultas_Matematika___Ilmu_Pengetahuan_Alam\Alkil_Halida_MOOCs_1File.pdf,82215f7f326b66bead83dc92748bf912bc3f8547cd6f0b2cc6bf313e28189a9a
MAT-000341,MATERIAL,Alkil Halida MOOCs 2File,"[""Fakultas Matematika & Ilmu Pengetahuan Alam, Universitas Indonesia""]",Kimia Organik I,Universitas Indonesia,2023,id,OCW_UI,3,1154039,READY_FOR_INDEXING,data\raw\material\Fakultas_Matematika___Ilmu_Pengetahuan_Alam\Alkil_Halida_MOOCs_2File.pdf,c94b57f523783caacd6281103ebcb42de5dbdfe8857ae32e944c305c12ae90d6
MAT-000342,MATERIAL,Alkil Halida MOOCs 3File,"[""Fakultas Matematika & Ilmu Pengetahuan Alam, Universitas Indonesia""]",Kimia Organik I,Universitas Indonesia,2023,id,OCW_UI,4,1153833,READY_FOR_INDEXING,data\raw\material\Fakultas_Matematika___Ilmu_Pengetahuan_Alam\Alkil_Halida_MOOCs_3File.pdf,bd334bfd536d9da32bbf53734174bb6da6df364206602bcba0f3d0447ac50154
MAT-000343,MATERIAL,Alkohol MOOCsFile,"[""Fakultas Matematika & Ilmu Pengetahuan Alam, Universitas Indonesia""]",Kimia Organik I,Universitas Indonesia,2023,id,OCW_UI,7,1447758,READY_FOR_INDEXING,data\raw\material\Fakultas_Matematika___Ilmu_Pengetahuan_Alam\Alkohol_MOOCsFile.pdf,71b6317e7c6daba5dd72d3d8a2632502ef2c6f3ca5fcded280170a17a33913b2
MAT-000344,MATERIAL,Eter-Epoksida MOOCsFile,"[""Fakultas Matematika & Ilmu Pengetahuan Alam, Universitas Indonesia""]",Kimia Organik I,Universitas Indonesia,2023,id,OCW_UI,3,1447733,READY_FOR_INDEXING,data\raw\material\Fakultas_Matematika___Ilmu_Pengetahuan_Alam\Eter-Epoksida_MOOCsFile.pdf,c4b81716c3b8f47fa6656be6f66331e4d8ce66948360b7b5ceb07ac014b493cf
MAT-000345,MATERIAL,Alkena MOOCs 1File,"[""Fakultas Matematika & Ilmu Pengetahuan Alam, Universitas Indonesia""]",Kimia Organik I,Universitas Indonesia,2023,id,OCW_UI,4,1044637,READY_FOR_INDEXING,data\raw\material\Fakultas_Matematika___Ilmu_Pengetahuan_Alam\Alkena_MOOCs_1File.pdf,f7447a63a7970916e0c68f5ace9a972bdbbde0ede138e442211c1bc1b7632f23
MAT-000346,MATERIAL,Alkena MOOCs 2File,"[""Fakultas Matematika & Ilmu Pengetahuan Alam, Universitas Indonesia""]",Kimia Organik I,Universitas Indonesia,2023,id,OCW_UI,3,1044634,READY_FOR_INDEXING,data\raw\material\Fakultas_Matematika___Ilmu_Pengetahuan_Alam\Alkena_MOOCs_2File.pdf,9108ca7633fb0fdab4c05d06bffa90faba386992dcc8106a4eff2b416d2e5893
MAT-000347,MATERIAL,Konjugasi diena MOOCs RevFile,"[""Fakultas Matematika & Ilmu Pengetahuan Alam, Universitas Indonesia""]",Kimia Organik I,Universitas Indonesia,2023,id,OCW_UI,4,311939,READY_FOR_INDEXING,data\raw\material\Fakultas_Matematika___Ilmu_Pengetahuan_Alam\Konjugasi_diena_MOOCs_RevFile.pdf,a6dfe08beaf9a91dc4bf9b859231324ed5fdf0f9090cee5c9cd828d7162ef5c4
MAT-000348,MATERIAL,ALKUNA MOOCs RevFile,"[""Fakultas Matematika & Ilmu Pengetahuan Alam, Universitas Indonesia""]",Kimia Organik I,Universitas Indonesia,2023,id,OCW_UI,5,853069,READY_FOR_INDEXING,data\raw\material\Fakultas_Matematika___Ilmu_Pengetahuan_Alam\ALKUNA_MOOCs_RevFile.pdf,f80ae6e4cc8d5651942b82d0a57a5f57639e39588d4d3a4fb69d4ea238e8131d
MAT-000349,MATERIAL,BENZENA MOOCs 1File,"[""Fakultas Matematika & Ilmu Pengetahuan Alam, Universitas Indonesia""]",Kimia Organik I,Universitas Indonesia,2023,id,OCW_UI,4,1763839,READY_FOR_INDEXING,data\raw\material\Fakultas_Matematika___Ilmu_Pengetahuan_Alam\BENZENA_MOOCs_1File.pdf,cf5e404da500506757f8af4830103f6d45591eb06db7db6b4e30254a432b7428
MAT-000350,MATERIAL,BENZENA MOOCs 2File,"[""Fakultas Matematika & Ilmu Pengetahuan Alam, Universitas Indonesia""]",Kimia Organik I,Universitas Indonesia,2023,id,OCW_UI,5,1763852,READY_FOR_INDEXING,data\raw\material\Fakultas_Matematika___Ilmu_Pengetahuan_Alam\BENZENA_MOOCs_2File.pdf,468aec4b674d3afd543d605d0753d2d5f64fdc53f45dd2847cf513aac0903bd2
MAT-000351,MATERIAL,BENZENA MOOCs 3File,"[""Fakultas Matematika & Ilmu Pengetahuan Alam, Universitas Indonesia""]",Kimia Organik I,Universitas Indonesia,2023,id,OCW_UI,3,1763836,READY_FOR_INDEXING,data\raw\material\Fakultas_Matematika___Ilmu_Pengetahuan_Alam\BENZENA_MOOCs_3File.pdf,6ca7c9d87ae91fd8b6f8b364ff091a9b5ebc2539b76e432ac3f379321b339a37
MAT-000352,MATERIAL,Buku Rancangan Pengajaran (BRP) Mata Kuliah Kimia Dasar IFile,"[""Fakultas Matematika & Ilmu Pengetahuan Alam, Universitas Indonesia""]",Kimia Dasar 1,Universitas Indonesia,2023,id,OCW_UI,18,559983,READY_FOR_INDEXING,data\raw\material\Fakultas_Matematika___Ilmu_Pengetahuan_Alam\Buku_Rancangan_Pengajaran__BRP.pdf,7a53ea865d17356175016ce2e8c685c83d002b93febe1b4243cbbb8c6cd3ddc9
MAT-000353,MATERIAL,Bab 1 : Materi dan PerubahannyaFile,"[""Fakultas Matematika & Ilmu Pengetahuan Alam, Universitas Indonesia""]",Kimia Dasar 1,Universitas Indonesia,2023,id,OCW_UI,38,3441602,READY_FOR_INDEXING,data\raw\material\Fakultas_Matematika___Ilmu_Pengetahuan_Alam\Bab_1___Materi_dan_Perubahanny.pdf,d34bbc97576f36ebed598ae9012bd22be4cb33d443cae48e12e6100ab8e29faa
MAT-000354,MATERIAL,Bab 2 : Pengenalan Sifat dan Tatanama Senyawa KimiaFile,"[""Fakultas Matematika & Ilmu Pengetahuan Alam, Universitas Indonesia""]",Kimia Dasar 1,Universitas Indonesia,2023,id,OCW_UI,32,1942759,READY_FOR_INDEXING,data\raw\material\Fakultas_Matematika___Ilmu_Pengetahuan_Alam\Bab_2___Pengenalan_Sifat_dan_T.pdf,1e613daa1e1941b8aa7ff19c6a57f0e892d584c1b28cd9c9895278489a68e2fe
MAT-000355,MATERIAL,Bab 3 : Teori Atom: Atom Penyusun MateriFile,"[""Fakultas Matematika & Ilmu Pengetahuan Alam, Universitas Indonesia""]",Kimia Dasar 1,Universitas Indonesia,2023,id,OCW_UI,34,2413402,READY_FOR_INDEXING,data\raw\material\Fakultas_Matematika___Ilmu_Pengetahuan_Alam\Bab_3___Teori_Atom__Atom_Penyu.pdf,09925494b29bfca67ad3a1c3c7b9746974149b2007b323522c24fbcc8c8ea8cc
MAT-000356,MATERIAL,Latihan Soal Bab 1 - 3File,"[""Fakultas Matematika & Ilmu Pengetahuan Alam, Universitas Indonesia""]",Kimia Dasar 1,Universitas Indonesia,2023,id,OCW_UI,4,83686,READY_FOR_INDEXING,data\raw\material\Fakultas_Matematika___Ilmu_Pengetahuan_Alam\Latihan_Soal_Bab_1_-_3File.pdf,ee60f1d73ef5f9b78654d34d5ab05e22f6c953b85a3fae8d4a5415184c0c0be7
MAT-000357,MATERIAL,Bab 4 : Struktur Elektronik Atom dan Sistem Periodik AtomFile,"[""Fakultas Matematika & Ilmu Pengetahuan Alam, Universitas Indonesia""]",Kimia Dasar 1,Universitas Indonesia,2023,id,OCW_UI,68,2985336,READY_FOR_INDEXING,data\raw\material\Fakultas_Matematika___Ilmu_Pengetahuan_Alam\Bab_4___Struktur_Elektronik_At.pdf,3fe579ef6667ec112a05e4515b4cfcea003e90a8d6ea3275d6d389fca495afa2
MAT-000358,MATERIAL,Bab 5 : Model Ikatan KimiaFile,"[""Fakultas Matematika & Ilmu Pengetahuan Alam, Universitas Indonesia""]",Kimia Dasar 1,Universitas Indonesia,2023,id,OCW_UI,28,2135747,READY_FOR_INDEXING,data\raw\material\Fakultas_Matematika___Ilmu_Pengetahuan_Alam\Bab_5___Model_Ikatan_KimiaFile.pdf,06e449cf64e4fb87e2e37982346389f418c3d6c1effc324f66c26f56a218000d
MAT-000359,MATERIAL,Bab 6 : Geometri MolekulFile,"[""Fakultas Matematika & Ilmu Pengetahuan Alam, Universitas Indonesia""]",Kimia Dasar 1,Universitas Indonesia,2023,id,OCW_UI,43,1743118,READY_FOR_INDEXING,data\raw\material\Fakultas_Matematika___Ilmu_Pengetahuan_Alam\Bab_6___Geometri_MolekulFile.pdf,3b7aba8cc1862574a328b3584a3f6069f1142c777c242e248e63dd392e0ee641
MAT-000360,MATERIAL,Bab 7 : Gaya Antar MolekulFile,"[""Fakultas Matematika & Ilmu Pengetahuan Alam, Universitas Indonesia""]",Kimia Dasar 1,Universitas Indonesia,2023,id,OCW_UI,37,5685919,READY_FOR_INDEXING,data\raw\material\Fakultas_Matematika___Ilmu_Pengetahuan_Alam\Bab_7___Gaya_Antar_MolekulFile.pdf,ed266d46254c0920df0a833d5fc24433fef0908fe7d5ffd1ac2d055d48cd5b8e
MAT-000361,MATERIAL,"Bab 8 : Stoikiometri Perhitungan Kimia, Rumus Kimia, dan Persamaan ReaksiFile","[""Fakultas Matematika & Ilmu Pengetahuan Alam, Universitas Indonesia""]",Kimia Dasar 1,Universitas Indonesia,2023,id,OCW_UI,34,1984702,READY_FOR_INDEXING,data\raw\material\Fakultas_Matematika___Ilmu_Pengetahuan_Alam\Bab_8___Stoikiometri_Perhitung.pdf,7e8963e9ddb8ba4fa69d6c66d9f863d6c8952775994420bd4eb0d1b1fbc92199
MAT-000362,MATERIAL,LATIHAN SOAL II,"[""Fakultas Matematika & Ilmu Pengetahuan Alam, Universitas Indonesia""]",Kimia Dasar 1,Universitas Indonesia,2023,id,OCW_UI,5,154180,READY_FOR_INDEXING,data\raw\material\Fakultas_Matematika___Ilmu_Pengetahuan_Alam\LATIHAN_SOAL_II.pdf,8a4a38f59b75d5e593cfa58b5a9426a87f1c942dd06c209ffde911cd571f2eaf
MAT-000363,MATERIAL,Bab 9 : Reaksi Kimia UtamaFile,"[""Fakultas Matematika & Ilmu Pengetahuan Alam, Universitas Indonesia""]",Kimia Dasar 1,Universitas Indonesia,2023,id,OCW_UI,35,2257969,READY_FOR_INDEXING,data\raw\material\Fakultas_Matematika___Ilmu_Pengetahuan_Alam\Bab_9___Reaksi_Kimia_UtamaFile.pdf,334bdec5e370cbe5fb11ca35d08cb7d4c3a5eef705b07d31abba80ed1a6cca1b
MAT-000364,MATERIAL,Surat Pernyataan Kejujuran Akademik,"[""Fakultas Matematika & Ilmu Pengetahuan Alam, Universitas Indonesia""]",Kimia Dasar 1,Universitas Indonesia,2023,id,OCW_UI,1,69913,READY_FOR_INDEXING,data\raw\material\Fakultas_Matematika___Ilmu_Pengetahuan_Alam\Surat_Pernyataan_Kejujuran_Aka.pdf,d218522b2ef7ba7624d2a5d1d8876a761f62ae4f850727bc24d56cbca0dada9c
MAT-000365,MATERIAL,Soal Ujian Tengah Semester Kimia Dasar 1File,"[""Fakultas Matematika & Ilmu Pengetahuan Alam, Universitas Indonesia""]",Kimia Dasar 1,Universitas Indonesia,2023,id,OCW_UI,4,299485,READY_FOR_INDEXING,data\raw\material\Fakultas_Matematika___Ilmu_Pengetahuan_Alam\Soal_Ujian_Tengah_Semester_Kim.pdf,8241ecfee2f010e6a8dd38848ab10a244d638c090c431965b6800a9af064bed6
MAT-000366,MATERIAL,Bab 10 : Larutan dan sifat koligatifFile,"[""Fakultas Matematika & Ilmu Pengetahuan Alam, Universitas Indonesia""]",Kimia Dasar 1,Universitas Indonesia,2023,id,OCW_UI,24,1147008,READY_FOR_INDEXING,data\raw\material\Fakultas_Matematika___Ilmu_Pengetahuan_Alam\Bab_10___Larutan_dan_sifat_kol.pdf,0e80ab6ad539b86ac1c71ec3b216f38af3b29ab926cc3a623dfffc4e9745cbcb
MAT-000367,MATERIAL,Modul Larutan dan Sifat KoligatifFile,"[""Fakultas Matematika & Ilmu Pengetahuan Alam, Universitas Indonesia""]",Kimia Dasar 1,Universitas Indonesia,2023,id,OCW_UI,19,607021,READY_FOR_INDEXING,data\raw\material\Fakultas_Matematika___Ilmu_Pengetahuan_Alam\Modul_Larutan_dan_Sifat_Koliga.pdf,55fb0d5ee1acd8cd98a25da3774ba6963dec5b6f40c8ad7d2984b7d4ce57c3b6
MAT-000368,MATERIAL,Bab 11 : Gas dan Teori Kinetika MolekulFile,"[""Fakultas Matematika & Ilmu Pengetahuan Alam, Universitas Indonesia""]",Kimia Dasar 1,Universitas Indonesia,2023,id,OCW_UI,52,3050163,READY_FOR_INDEXING,data\raw\material\Fakultas_Matematika___Ilmu_Pengetahuan_Alam\Bab_11___Gas_dan_Teori_Kinetik.pdf,f298625211e9cbdfb5a8877e71e37daf4f28c3bea2e7526529dc57ac860b4f90
MAT-000369,MATERIAL,Bab 12 : TermokimiaFile,"[""Fakultas Matematika & Ilmu Pengetahuan Alam, Universitas Indonesia""]",Kimia Dasar 1,Universitas Indonesia,2023,id,OCW_UI,61,3808596,READY_FOR_INDEXING,data\raw\material\Fakultas_Matematika___Ilmu_Pengetahuan_Alam\Bab_12___TermokimiaFile.pdf,35feeba9edabb92d22a847143bd2c0452c73d09d1a3b3e64f223f5272b04744d
MAT-000370,MATERIAL,Bab 13 : Kinetika KimiaFile,"[""Fakultas Matematika & Ilmu Pengetahuan Alam, Universitas Indonesia""]",Kimia Dasar 1,Universitas Indonesia,2023,id,OCW_UI,54,2258878,READY_FOR_INDEXING,data\raw\material\Fakultas_Matematika___Ilmu_Pengetahuan_Alam\Bab_13___Kinetika_KimiaFile.pdf,615e943d07041d3cca38ef93f97953919fd2f97f79e69277f7640225d6bd01c3
MAT-000371,MATERIAL,Modul Kinetika KimiaFile,"[""Fakultas Matematika & Ilmu Pengetahuan Alam, Universitas Indonesia""]",Kimia Dasar 1,Universitas Indonesia,2023,id,OCW_UI,22,611160,READY_FOR_INDEXING,data\raw\material\Fakultas_Matematika___Ilmu_Pengetahuan_Alam\Modul_Kinetika_KimiaFile.pdf,303b8eff8cf0071943309217a5b202bdfb1eee8da38af91c29306a8ea2ea795d
MAT-000372,MATERIAL,Bab 14 : Kesetimbangan KimiaFile,"[""Fakultas Matematika & Ilmu Pengetahuan Alam, Universitas Indonesia""]",Kimia Dasar 1,Universitas Indonesia,2023,id,OCW_UI,32,1500608,READY_FOR_INDEXING,data\raw\material\Fakultas_Matematika___Ilmu_Pengetahuan_Alam\Bab_14___Kesetimbangan_KimiaFi.pdf,cfa2b89d2775c6cd19735ddfcb28455619a24719d718940b6e90b316a2c37ce9
MAT-000373,MATERIAL,Modul Kesetimbangan KimiaFile,"[""Fakultas Matematika & Ilmu Pengetahuan Alam, Universitas Indonesia""]",Kimia Dasar 1,Universitas Indonesia,2023,id,OCW_UI,21,266407,READY_FOR_INDEXING,data\raw\material\Fakultas_Matematika___Ilmu_Pengetahuan_Alam\Modul_Kesetimbangan_KimiaFile.pdf,907700c1d86eaf819862a0f73c74afb88390c2687d37a6c8ed15d661b97017de
MAT-000374,MATERIAL,Bab 15 : Kesetimbangan Asam BasaFile,"[""Fakultas Matematika & Ilmu Pengetahuan Alam, Universitas Indonesia""]",Kimia Dasar 1,Universitas Indonesia,2023,id,OCW_UI,66,2338219,READY_FOR_INDEXING,data\raw\material\Fakultas_Matematika___Ilmu_Pengetahuan_Alam\Bab_15___Kesetimbangan_Asam_Ba.pdf,11f94b4c1b52cd5b3558ef82eac864471d7702cb5bdb0070b26f8c9798b58487
MAT-000375,MATERIAL,Modul Kesetimbangan Asam BasaFile,"[""Fakultas Matematika & Ilmu Pengetahuan Alam, Universitas Indonesia""]",Kimia Dasar 1,Universitas Indonesia,2023,id,OCW_UI,36,499080,READY_FOR_INDEXING,data\raw\material\Fakultas_Matematika___Ilmu_Pengetahuan_Alam\Modul_Kesetimbangan_Asam_BasaF.pdf,b5bb741c819841aadbc679165dc81bca39e8ceef07c2b95a65a3d60ad0121c5c
MAT-000376,MATERIAL,Buku rujukan-Callister 7th EdFile,"[""Fakultas Matematika & Ilmu Pengetahuan Alam, Universitas Indonesia""]",Pendahuluan Ilmu Material,Universitas Indonesia,2023,en,OCW_UI,975,30919626,READY_FOR_INDEXING,data\raw\material\Fakultas_Matematika___Ilmu_Pengetahuan_Alam\Buku_rujukan-Callister_7th_EdF.pdf,2e826c260f8625fd7f6f59395b798660d10c4402d7643ec537f74bb3b2c79a52
MAT-000377,MATERIAL,Buku Rancangan Pengajaran (BRP) Keanekaragaman Tumbuhan 2020File,"[""Fakultas Matematika & Ilmu Pengetahuan Alam, Universitas Indonesia""]",Keanekaragaman Tumbuhan,Universitas Indonesia,2023,id,OCW_UI,31,346440,READY_FOR_INDEXING,data\raw\material\Fakultas_Matematika___Ilmu_Pengetahuan_Alam\Buku_Rancangan_Pengajaran__BRP.pdf,df9915288c16d4eff1834bff5c45bf7edb402a5e9f4649b25d060f00ecd23a07
MAT-000378,MATERIAL,PPT Pengantar Perkuliahan Keanekaragaman TumbuhanFile,"[""Fakultas Matematika & Ilmu Pengetahuan Alam, Universitas Indonesia""]",Keanekaragaman Tumbuhan,Universitas Indonesia,2023,id,OCW_UI,11,1064539,READY_FOR_INDEXING,data\raw\material\Fakultas_Matematika___Ilmu_Pengetahuan_Alam\PPT_Pengantar_Perkuliahan_Kean.pdf,4c359b847d85a7a4721c5339be16bcfd16823040c1ec9567c61263bceb3f2a6b
MAT-000379,MATERIAL,Jadwal Kuliah Daring Keanekaragaman Tumbuhan PTA 2020/2021File,"[""Fakultas Matematika & Ilmu Pengetahuan Alam, Universitas Indonesia""]",Keanekaragaman Tumbuhan,Universitas Indonesia,2023,id,OCW_UI,1,118849,READY_FOR_INDEXING,data\raw\material\Fakultas_Matematika___Ilmu_Pengetahuan_Alam\Jadwal_Kuliah_Daring_Keanekara.pdf,f33edd75fc6153b2dc8c3e4ad9de4cedd694db3ea8a6b1fd880e276006252d21
MAT-000380,MATERIAL,"Artikel Pengayaan: Studying Plant Diversity, Kew Royal Botanic GardenFile","[""Fakultas Matematika & Ilmu Pengetahuan Alam, Universitas Indonesia""]",Keanekaragaman Tumbuhan,Universitas Indonesia,2023,en,OCW_UI,2,200144,READY_FOR_INDEXING,data\raw\material\Fakultas_Matematika___Ilmu_Pengetahuan_Alam\Artikel_Pengayaan__Studying_Pl.pdf,23b4c14fcff25181f1ba2df3b9c9b1dd8d6fe046f5d7283c6fead7e56178ca5e
MAT-000381,MATERIAL,PPT Siklus Hidup ChlorobiontaFile,"[""Fakultas Matematika & Ilmu Pengetahuan Alam, Universitas Indonesia""]",Keanekaragaman Tumbuhan,Universitas Indonesia,2023,en,OCW_UI,14,666331,READY_FOR_INDEXING,data\raw\material\Fakultas_Matematika___Ilmu_Pengetahuan_Alam\PPT_Siklus_Hidup_ChlorobiontaF.pdf,1f2192ad0aa495710a72f3f7ee25e1b1c2e80a5ddebec8c023a84732161f0914
MAT-000382,MATERIAL,"PPT plant evolution, variation, and systematics (Part 1): Plant originFile","[""Fakultas Matematika & Ilmu Pengetahuan Alam, Universitas Indonesia""]",Keanekaragaman Tumbuhan,Universitas Indonesia,2023,en,OCW_UI,15,1971526,READY_FOR_INDEXING,data\raw\material\Fakultas_Matematika___Ilmu_Pengetahuan_Alam\PPT_plant_evolution__variation.pdf,5ec1208fccdac2bd3e79b5ea3c166807bed3de6f082a176be84110b43ec36eaa
MAT-000383,MATERIAL,"PPT plant evolution, variation, and systematics (Part 2): Systematics and NomenclatureFile","[""Fakultas Matematika & Ilmu Pengetahuan Alam, Universitas Indonesia""]",Keanekaragaman Tumbuhan,Universitas Indonesia,2023,en,OCW_UI,17,1877830,READY_FOR_INDEXING,data\raw\material\Fakultas_Matematika___Ilmu_Pengetahuan_Alam\PPT_plant_evolution__variation.pdf,f0999b5918db2cc3895d0a0e4d4c83cffa73723b90072ab542abeb83ee816b69
MAT-000384,MATERIAL,"PPT plant evolution, variation, and systematics (Part 3): Authorship in scientific nameFile","[""Fakultas Matematika & Ilmu Pengetahuan Alam, Universitas Indonesia""]",Keanekaragaman Tumbuhan,Universitas Indonesia,2023,en,OCW_UI,10,959254,READY_FOR_INDEXING,data\raw\material\Fakultas_Matematika___Ilmu_Pengetahuan_Alam\PPT_plant_evolution__variation.pdf,3d7ab150dc96dcd9a0402259f9fb3413523c316b420e6c28dea3e44e03a68225
MAT-000385,MATERIAL,Tugas Plant Evolution,"[""Fakultas Matematika & Ilmu Pengetahuan Alam, Universitas Indonesia""]",Keanekaragaman Tumbuhan,Universitas Indonesia,2023,id,OCW_UI,1,98468,READY_FOR_INDEXING,data\raw\material\Fakultas_Matematika___Ilmu_Pengetahuan_Alam\Tugas_Plant_Evolution.pdf,4f0604e622561d0493ec419e5379f27b3081fe6639387a740b9531fbfd908bc1
MAT-000386,MATERIAL,PPT Plant Variation (1)File,"[""Fakultas Matematika & Ilmu Pengetahuan Alam, Universitas Indonesia""]",Keanekaragaman Tumbuhan,Universitas Indonesia,2023,en,OCW_UI,18,1569727,READY_FOR_INDEXING,data\raw\material\Fakultas_Matematika___Ilmu_Pengetahuan_Alam\PPT_Plant_Variation__1_File.pdf,6bcc5d6e01c104354d7d1fbaca6d05364c45026e0576d15f8f49de1064467312
MAT-000387,MATERIAL,PPT Plant Variation (2)File,"[""Fakultas Matematika & Ilmu Pengetahuan Alam, Universitas Indonesia""]",Keanekaragaman Tumbuhan,Universitas Indonesia,2023,id,OCW_UI,13,1698122,READY_FOR_INDEXING,data\raw\material\Fakultas_Matematika___Ilmu_Pengetahuan_Alam\PPT_Plant_Variation__2_File.pdf,b2575d2f88a5e23e552ecc9c7515bf7feae18d1d9a606c25a231b3bc15e6c2b5
MAT-000388,MATERIAL,PPT Plant speciationFile,"[""Fakultas Matematika & Ilmu Pengetahuan Alam, Universitas Indonesia""]",Keanekaragaman Tumbuhan,Universitas Indonesia,2023,en,OCW_UI,22,2175932,READY_FOR_INDEXING,data\raw\material\Fakultas_Matematika___Ilmu_Pengetahuan_Alam\PPT_Plant_speciationFile.pdf,7d404dee5ff09a63da3feb2622bcd5171e37cc198ab1c3c0cf3d2b9ff9009475
MAT-000389,MATERIAL,Pengayaan tentang polyploidy dan hibridisasi intraspesifikFile,"[""Fakultas Matematika & Ilmu Pengetahuan Alam, Universitas Indonesia""]",Keanekaragaman Tumbuhan,Universitas Indonesia,2023,en,OCW_UI,12,623051,READY_FOR_INDEXING,data\raw\material\Fakultas_Matematika___Ilmu_Pengetahuan_Alam\Pengayaan_tentang_polyploidy_d.pdf,7dae61c8fcda39c71653c55fa9705cb7e0c747c0e2b739cd78ac0c036afa8c74
MAT-000390,MATERIAL,Pertanyaan Tugas Video Variasi TumbuhanFile,"[""Fakultas Matematika & Ilmu Pengetahuan Alam, Universitas Indonesia""]",Keanekaragaman Tumbuhan,Universitas Indonesia,2023,id,OCW_UI,1,138730,READY_FOR_INDEXING,data\raw\material\Fakultas_Matematika___Ilmu_Pengetahuan_Alam\Pertanyaan_Tugas_Video_Variasi.pdf,0dc8e44d374ae875a1a083a712f901362a3cab5692f6994ca4155dc47a301262
MAT-000391,MATERIAL,Tugas Matriks Karakter Lumut,"[""Fakultas Matematika & Ilmu Pengetahuan Alam, Universitas Indonesia""]",Keanekaragaman Tumbuhan,Universitas Indonesia,2023,id,OCW_UI,1,19631,READY_FOR_INDEXING,data\raw\material\Fakultas_Matematika___Ilmu_Pengetahuan_Alam\Tugas_Matriks_Karakter_Lumut.pdf,77a6b62b24e2f6bcc6b7d0d5d276b0f910522954257f05e4e63487b852e25839
MAT-000392,MATERIAL,PPT Kenakearagaman Paku_LycophyteFile,"[""Fakultas Matematika & Ilmu Pengetahuan Alam, Universitas Indonesia""]",Keanekaragaman Tumbuhan,Universitas Indonesia,2023,en,OCW_UI,22,2210158,READY_FOR_INDEXING,data\raw\material\Fakultas_Matematika___Ilmu_Pengetahuan_Alam\PPT_Kenakearagaman_Paku_Lycoph.pdf,ab9652a72cc5523e84d3964a990174bf165e0a389f359e702cf5f0d4e6532e4d
MAT-000393,MATERIAL,Keanekaragaman Paku_MonilophyteFile,"[""Fakultas Matematika & Ilmu Pengetahuan Alam, Universitas Indonesia""]",Keanekaragaman Tumbuhan,Universitas Indonesia,2023,en,OCW_UI,17,2130363,READY_FOR_INDEXING,data\raw\material\Fakultas_Matematika___Ilmu_Pengetahuan_Alam\Keanekaragaman_Paku_Monilophyt.pdf,b4427f900eb474daa0bd2953c2b4a94c2da6ffe08072c700b957dd79733e95ee
MAT-000394,MATERIAL,Tugas Matriks Karakter PteridophytaFile,"[""Fakultas Matematika & Ilmu Pengetahuan Alam, Universitas Indonesia""]",Keanekaragaman Tumbuhan,Universitas Indonesia,2023,id,OCW_UI,2,20785,READY_FOR_INDEXING,data\raw\material\Fakultas_Matematika___Ilmu_Pengetahuan_Alam\Tugas_Matriks_Karakter_Pterido.pdf,7c5fb4b368b26dc369abe2b3ceb393942083099819073dbf2a5ce8fcc1649386
MAT-000395,MATERIAL,PPT Gymnosperms - IntroductionFile,"[""Fakultas Matematika & Ilmu Pengetahuan Alam, Universitas Indonesia""]",Keanekaragaman Tumbuhan,Universitas Indonesia,2023,en,OCW_UI,10,1670215,READY_FOR_INDEXING,data\raw\material\Fakultas_Matematika___Ilmu_Pengetahuan_Alam\PPT_Gymnosperms_-_Introduction.pdf,fe603c884c2fbf9cac7cd56a7d6b912ebbdc46758dff8f0d32e4f8eb986ec9cd
MAT-000396,MATERIAL,PPT Gymnosperms - ClassificationFile,"[""Fakultas Matematika & Ilmu Pengetahuan Alam, Universitas Indonesia""]",Keanekaragaman Tumbuhan,Universitas Indonesia,2023,en,OCW_UI,20,5591843,READY_FOR_INDEXING,data\raw\material\Fakultas_Matematika___Ilmu_Pengetahuan_Alam\PPT_Gymnosperms_-_Classificati.pdf,f8b5f593028a305d82451c93d4589191ffabca593e605bee25ba01c6503ac1cf
MAT-000397,MATERIAL,Pengayaan materi: Gymnosperms on the EDGEFile,"[""Fakultas Matematika & Ilmu Pengetahuan Alam, Universitas Indonesia""]",Keanekaragaman Tumbuhan,Universitas Indonesia,2023,en,OCW_UI,11,2729535,READY_FOR_INDEXING,data\raw\material\Fakultas_Matematika___Ilmu_Pengetahuan_Alam\Pengayaan_materi__Gymnosperms.pdf,3a168091e0bb3c7ffeda10d74697189daf5c7ebe9aa6e69b3b5fd7161c1bec0a
MAT-000398,MATERIAL,Tugas GimnospermaFile,"[""Fakultas Matematika & Ilmu Pengetahuan Alam, Universitas Indonesia""]",Keanekaragaman Tumbuhan,Universitas Indonesia,2023,id,OCW_UI,1,9536,READY_FOR_INDEXING,data\raw\material\Fakultas_Matematika___Ilmu_Pengetahuan_Alam\Tugas_GimnospermaFile.pdf,9d7e178e61f894dacef4edd692569a58d721903bc10989a52b1015e77faeef86
MAT-000399,MATERIAL,"PPT Angiosperm Evolution, Classification and diversityFile","[""Fakultas Matematika & Ilmu Pengetahuan Alam, Universitas Indonesia""]",Keanekaragaman Tumbuhan,Universitas Indonesia,2023,en,OCW_UI,42,21733785,READY_FOR_INDEXING,data\raw\material\Fakultas_Matematika___Ilmu_Pengetahuan_Alam\PPT_Angiosperm_Evolution__Clas.pdf,1fbee33cf237c2ac79c360dd044795b0e9b66c733122e7b96e07bc151524f68d
MAT-000400,MATERIAL,PPT Plant Diversity AssessmentFile,"[""Fakultas Matematika & Ilmu Pengetahuan Alam, Universitas Indonesia""]",Keanekaragaman Tumbuhan,Universitas Indonesia,2023,en,OCW_UI,17,1936041,READY_FOR_INDEXING,data\raw\material\Fakultas_Matematika___Ilmu_Pengetahuan_Alam\PPT_Plant_Diversity_Assessment.pdf,f26f87bffdf8c42c362d4d5aa9d773ed972e0109345b989df51a9528e5a4545a
MAT-000401,MATERIAL,PPT KONSERVASI TUMBUHANFile,"[""Fakultas Matematika & Ilmu Pengetahuan Alam, Universitas Indonesia""]",Keanekaragaman Tumbuhan,Universitas Indonesia,2023,en,OCW_UI,25,2303501,READY_FOR_INDEXING,data\raw\material\Fakultas_Matematika___Ilmu_Pengetahuan_Alam\PPT_KONSERVASI_TUMBUHANFile.pdf,477df27a56a88e3fa95a56a75c36edbcf4d35d388583b210ae1b041ac68f9c5f
MAT-000402,MATERIAL,Pengayaan: Strategi Konservasi Tumbuhan Langka IndonesiaFile,"[""Fakultas Matematika & Ilmu Pengetahuan Alam, Universitas Indonesia""]",Keanekaragaman Tumbuhan,Universitas Indonesia,2023,id,OCW_UI,128,2915830,READY_FOR_INDEXING,data\raw\material\Fakultas_Matematika___Ilmu_Pengetahuan_Alam\Pengayaan__Strategi_Konservasi.pdf,7128a55e0925026650a6a574f919243d533549225b00af2efd3de16f892ec419
MAT-000403,MATERIAL,Animal Diversity: An IntroductionFile,"[""Fakultas Matematika & Ilmu Pengetahuan Alam, Universitas Indonesia""]",Keanekaragaman Hewan,Universitas Indonesia,2023,en,OCW_UI,11,1003492,READY_FOR_INDEXING,data\raw\material\Fakultas_Matematika___Ilmu_Pengetahuan_Alam\Animal_Diversity__An_Introduct.pdf,56e58f8f5545ed772ae381e8299b33d9e90e4916718026b37ec4bda76bc519f9
MAT-000404,MATERIAL,Kontrak KuliahFile,"[""Fakultas Matematika & Ilmu Pengetahuan Alam, Universitas Indonesia""]",Keanekaragaman Hewan,Universitas Indonesia,2023,id,OCW_UI,31,732178,READY_FOR_INDEXING,data\raw\material\Fakultas_Matematika___Ilmu_Pengetahuan_Alam\Kontrak_KuliahFile.pdf,880f4975ad7629778241563b7a467b3d3b3eab1754a583ef13f551e9750a68da
MAT-000405,MATERIAL,Satuan Acara Perkuliahan Keanekaragaman Hewan (SCBI602203) 2020File,"[""Fakultas Matematika & Ilmu Pengetahuan Alam, Universitas Indonesia""]",Keanekaragaman Hewan,Universitas Indonesia,2023,id,OCW_UI,8,148124,READY_FOR_INDEXING,data\raw\material\Fakultas_Matematika___Ilmu_Pengetahuan_Alam\Satuan_Acara_Perkuliahan_Keane.pdf,75582a1cd360c9d6356de2b7e8eb9ab94c1ce09753948f9abca51e30e6e656e1
MAT-000406,MATERIAL,PPT Evolutionary and historical biogeography of animal diversityFile,"[""Fakultas Matematika & Ilmu Pengetahuan Alam, Universitas Indonesia""]",Keanekaragaman Hewan,Universitas Indonesia,2023,en,OCW_UI,27,2188661,READY_FOR_INDEXING,data\raw\material\Fakultas_Matematika___Ilmu_Pengetahuan_Alam\PPT_Evolutionary_and_historica.pdf,e6ee12baa55ab33990bddabae7b87167e0c9d067864b44f3b32ebe4bd8942074
MAT-000407,MATERIAL,Evolution and Developmental Biology in Animal DiversityFile,"[""Fakultas Matematika & Ilmu Pengetahuan Alam, Universitas Indonesia""]",Keanekaragaman Hewan,Universitas Indonesia,2023,en,OCW_UI,25,1911291,READY_FOR_INDEXING,data\raw\material\Fakultas_Matematika___Ilmu_Pengetahuan_Alam\Evolution_and_Developmental_Bi.pdf,7e23966ecee58c6de7bb32c5b1ce2d6982f3692990a8469072634fb1381c2c3a
MAT-000408,MATERIAL,"Keanekaragaman avertebrata 1: Porifera, Coelenterata, & VermesFile","[""Fakultas Matematika & Ilmu Pengetahuan Alam, Universitas Indonesia""]",Keanekaragaman Hewan,Universitas Indonesia,2023,en,OCW_UI,55,3314437,READY_FOR_INDEXING,data\raw\material\Fakultas_Matematika___Ilmu_Pengetahuan_Alam\Keanekaragaman_avertebrata_1.pdf,afb600af545812671fdb62e4902814f192d040435e66a5d4fa6c0a8b634b4d30
MAT-000409,MATERIAL,Fish DiversityFile,"[""Fakultas Matematika & Ilmu Pengetahuan Alam, Universitas Indonesia""]",Keanekaragaman Hewan,Universitas Indonesia,2023,en,OCW_UI,35,1923429,READY_FOR_INDEXING,data\raw\material\Fakultas_Matematika___Ilmu_Pengetahuan_Alam\Fish_DiversityFile.pdf,e80706f66989b2415720cdb993d35344f244ce770a68f3e418c8180073c193d0
MAT-000410,MATERIAL,Amphibian DiversityFile,"[""Fakultas Matematika & Ilmu Pengetahuan Alam, Universitas Indonesia""]",Keanekaragaman Hewan,Universitas Indonesia,2023,en,OCW_UI,42,3342345,READY_FOR_INDEXING,data\raw\material\Fakultas_Matematika___Ilmu_Pengetahuan_Alam\Amphibian_DiversityFile.pdf,8429d1636501a3f0eb1c407ed42f92d5803fd5048fc147a455c2b0d1249324a0
MAT-000411,MATERIAL,Reptile DiversityFile,"[""Fakultas Matematika & Ilmu Pengetahuan Alam, Universitas Indonesia""]",Keanekaragaman Hewan,Universitas Indonesia,2023,en,OCW_UI,56,5875633,READY_FOR_INDEXING,data\raw\material\Fakultas_Matematika___Ilmu_Pengetahuan_Alam\Reptile_DiversityFile.pdf,fbff7696635831008a1e552f00897bd70ba06625a0af51aa50810fefe3ea6f82
MAT-000412,MATERIAL,PPT Old World MonkeyFile,"[""Fakultas Matematika & Ilmu Pengetahuan Alam, Universitas Indonesia""]",Keanekaragaman Hewan,Universitas Indonesia,2023,en,OCW_UI,8,945932,READY_FOR_INDEXING,data\raw\material\Fakultas_Matematika___Ilmu_Pengetahuan_Alam\PPT_Old_World_MonkeyFile.pdf,7cc00275df1ef81570b805b884c2d3184306d8a805e4e8d210d73f6072013344
MAT-000413,MATERIAL,PPT New World MonkeyFile,"[""Fakultas Matematika & Ilmu Pengetahuan Alam, Universitas Indonesia""]",Keanekaragaman Hewan,Universitas Indonesia,2023,en,OCW_UI,8,770997,READY_FOR_INDEXING,data\raw\material\Fakultas_Matematika___Ilmu_Pengetahuan_Alam\PPT_New_World_MonkeyFile.pdf,f38be76a87d3cae65368b2731d1623c0b3d238d2d5db3f7a6afd76529ddabc8a
MAT-000414,MATERIAL,teknik pembuktian,"[""Fakultas Matematika & Ilmu Pengetahuan Alam, Universitas Indonesia""]",Logika dan Himpunan,Universitas Indonesia,2023,id,OCW_UI,47,626904,READY_FOR_INDEXING,data\raw\material\Fakultas_Matematika___Ilmu_Pengetahuan_Alam\teknik_pembuktian.pdf,ed56e4ab53119ce8e9d4d079e0cc0a400c7f8183f7d2127604dd9a2e104bd436
MAT-000415,MATERIAL,logika proposisi,"[""Fakultas Matematika & Ilmu Pengetahuan Alam, Universitas Indonesia""]",Logika dan Himpunan,Universitas Indonesia,2023,id,OCW_UI,43,691078,READY_FOR_INDEXING,data\raw\material\Fakultas_Matematika___Ilmu_Pengetahuan_Alam\logika_proposisi.pdf,0af0ed76691725808880b95a7f00fdf8af3f6214219ec686beee8d30ce2967e2
MAT-000416,MATERIAL,Kontrak Kuliah Logika dan HimpunanFile,"[""Fakultas Matematika & Ilmu Pengetahuan Alam, Universitas Indonesia""]",Logika dan Himpunan,Universitas Indonesia,2023,id,OCW_UI,30,641775,READY_FOR_INDEXING,data\raw\material\Fakultas_Matematika___Ilmu_Pengetahuan_Alam\Kontrak_Kuliah_Logika_dan_Himp.pdf,ddf62e0f76405e79d011bb16c56c27ef1ce85eca727a9d6b6b23a273eef1626b
MAT-000417,MATERIAL,PPROPOSISI EKUIVALENFile,"[""Fakultas Matematika & Ilmu Pengetahuan Alam, Universitas Indonesia""]",Logika dan Himpunan,Universitas Indonesia,2023,id,OCW_UI,24,752439,READY_FOR_INDEXING,data\raw\material\Fakultas_Matematika___Ilmu_Pengetahuan_Alam\PPROPOSISI_EKUIVALENFile.pdf,fb5994919725bd12460f9c5be06b032f70a37ac072a9dc5d38448568c675690e
MAT-000418,MATERIAL,SOAL LATIHAN LOGIKA PROPOSISIFile,"[""Fakultas Matematika & Ilmu Pengetahuan Alam, Universitas Indonesia""]",Logika dan Himpunan,Universitas Indonesia,2023,id,OCW_UI,1,175920,READY_FOR_INDEXING,data\raw\material\Fakultas_Matematika___Ilmu_Pengetahuan_Alam\SOAL_LATIHAN_LOGIKA_PROPOSISIF.pdf,bf8d7c6fa64bda733a3251e7e128dd0f435e8500cf9dbea19af31446afe0d995
MAT-000419,MATERIAL,Materi Himpunan part 1File,"[""Fakultas Matematika & Ilmu Pengetahuan Alam, Universitas Indonesia""]",Logika dan Himpunan,Universitas Indonesia,2023,id,OCW_UI,11,460727,READY_FOR_INDEXING,data\raw\material\Fakultas_Matematika___Ilmu_Pengetahuan_Alam\Materi_Himpunan_part_1File.pdf,51d7949d7f1dd4f9035022d40c8b9acea18c682ea06e3964a497213836bba70f
MAT-000420,MATERIAL,Materi Himpunan part 2File,"[""Fakultas Matematika & Ilmu Pengetahuan Alam, Universitas Indonesia""]",Logika dan Himpunan,Universitas Indonesia,2023,id,OCW_UI,15,495482,READY_FOR_INDEXING,data\raw\material\Fakultas_Matematika___Ilmu_Pengetahuan_Alam\Materi_Himpunan_part_2File.pdf,cf1c1ff79998cdb4c148b09166df5ac6c6e1e9f867cd7a25792cc1a57c09214e
MAT-000421,MATERIAL,Materi Himpunan part 3File,"[""Fakultas Matematika & Ilmu Pengetahuan Alam, Universitas Indonesia""]",Logika dan Himpunan,Universitas Indonesia,2023,id,OCW_UI,10,508025,READY_FOR_INDEXING,data\raw\material\Fakultas_Matematika___Ilmu_Pengetahuan_Alam\Materi_Himpunan_part_3File.pdf,223713adc70e44b6692733bd5a6d4971513e11a7bcd497856b60bb0e8a7a987e
MAT-000422,MATERIAL,Materi Himpunan part 4File,"[""Fakultas Matematika & Ilmu Pengetahuan Alam, Universitas Indonesia""]",Logika dan Himpunan,Universitas Indonesia,2023,id,OCW_UI,20,642303,READY_FOR_INDEXING,data\raw\material\Fakultas_Matematika___Ilmu_Pengetahuan_Alam\Materi_Himpunan_part_4File.pdf,7349a3c6a3e5f2a2e91acce954d3a3e56ec2da529df43fb10336140a08d96b18
MAT-000423,MATERIAL,PREDIKAT DAN KUANTIFIKASI  (Bagian 1)File,"[""Fakultas Matematika & Ilmu Pengetahuan Alam, Universitas Indonesia""]",Logika dan Himpunan,Universitas Indonesia,2023,id,OCW_UI,13,1502101,READY_FOR_INDEXING,data\raw\material\Fakultas_Matematika___Ilmu_Pengetahuan_Alam\PREDIKAT_DAN_KUANTIFIKASI___Ba.pdf,8d16c5a5f03a9036bf18eb28772c6ff3c53629c04300b637fc00828758593d8f
MAT-000424,MATERIAL,PREDIKAT DAN KUANTIFIKASI (Bagian 2)File,"[""Fakultas Matematika & Ilmu Pengetahuan Alam, Universitas Indonesia""]",Logika dan Himpunan,Universitas Indonesia,2023,id,OCW_UI,24,648086,READY_FOR_INDEXING,data\raw\material\Fakultas_Matematika___Ilmu_Pengetahuan_Alam\PREDIKAT_DAN_KUANTIFIKASI__Bag.pdf,e53539cd07f0e06f3387b0e087e4ad1728a372e91648fa049eec43f86d47de6d
MAT-000425,MATERIAL,KUANTIFIKASI BERSARANGFile,"[""Fakultas Matematika & Ilmu Pengetahuan Alam, Universitas Indonesia""]",Logika dan Himpunan,Universitas Indonesia,2023,id,OCW_UI,25,1108214,READY_FOR_INDEXING,data\raw\material\Fakultas_Matematika___Ilmu_Pengetahuan_Alam\KUANTIFIKASI_BERSARANGFile.pdf,d9b05083e217bccc0d002357aff76c3c09a92b86ed5cf888aed0d01d6948289a
MAT-000426,MATERIAL,1. ARGUMEN ABSAHFile,"[""Fakultas Matematika & Ilmu Pengetahuan Alam, Universitas Indonesia""]",Logika dan Himpunan,Universitas Indonesia,2023,id,OCW_UI,14,3398512,READY_FOR_INDEXING,data\raw\material\Fakultas_Matematika___Ilmu_Pengetahuan_Alam\1__ARGUMEN_ABSAHFile.pdf,910479193199d94e19aee4c57765d20c22f2cd35126d5935f0fa7c4fb68b621a
MAT-000427,MATERIAL,2. ATURAN PENARIKAN KESIMPULAN UNTUK LOGIKA PROPOSISI (BAG 1)File,"[""Fakultas Matematika & Ilmu Pengetahuan Alam, Universitas Indonesia""]",Logika dan Himpunan,Universitas Indonesia,2023,id,OCW_UI,12,3069017,READY_FOR_INDEXING,data\raw\material\Fakultas_Matematika___Ilmu_Pengetahuan_Alam\2__ATURAN_PENARIKAN_KESIMPULAN.pdf,6c7ee6b56b2320ab42844d246293bae23cbdd1add3a9b8af39a17bcc3e7016b0
MAT-000428,MATERIAL,3. ATURAN PENARIKAN KESIMPULAN UNTUK LOGIKA PROPOSISI (BAG 2)File,"[""Fakultas Matematika & Ilmu Pengetahuan Alam, Universitas Indonesia""]",Logika dan Himpunan,Universitas Indonesia,2023,id,OCW_UI,13,2458756,READY_FOR_INDEXING,data\raw\material\Fakultas_Matematika___Ilmu_Pengetahuan_Alam\3__ATURAN_PENARIKAN_KESIMPULAN.pdf,9f8df971726a76634991d0a899c0d7d6c66e60d7c5c31b53d53bc24b249ed28e
MAT-000429,MATERIAL,4. MEMBANGUN ARGUMENFile,"[""Fakultas Matematika & Ilmu Pengetahuan Alam, Universitas Indonesia""]",Logika dan Himpunan,Universitas Indonesia,2023,id,OCW_UI,12,2884063,READY_FOR_INDEXING,data\raw\material\Fakultas_Matematika___Ilmu_Pengetahuan_Alam\4__MEMBANGUN_ARGUMENFile.pdf,7cc4172e6698621950bd0e0b897c65da655d7bed0aead476c1572d77b52c9103
MAT-000430,MATERIAL,5. ATURAN PENARIKAN KESIMPULAN UNT PERNYATAAN BERKUANTIFIKASI (BAG 1)File,"[""Fakultas Matematika & Ilmu Pengetahuan Alam, Universitas Indonesia""]",Logika dan Himpunan,Universitas Indonesia,2023,id,OCW_UI,12,3204699,READY_FOR_INDEXING,data\raw\material\Fakultas_Matematika___Ilmu_Pengetahuan_Alam\5__ATURAN_PENARIKAN_KESIMPULAN.pdf,143e56902e2ff06e9e7b3763395ab04d5979e01e7653e58cdf9184e2dbf211d7
MAT-000431,MATERIAL,6. ATURAN PENARIKAN KESIMPULAN UNT PERNYATAAN BERKUANTIFIKASI (BAG 2)File,"[""Fakultas Matematika & Ilmu Pengetahuan Alam, Universitas Indonesia""]",Logika dan Himpunan,Universitas Indonesia,2023,id,OCW_UI,12,2973719,READY_FOR_INDEXING,data\raw\material\Fakultas_Matematika___Ilmu_Pengetahuan_Alam\6__ATURAN_PENARIKAN_KESIMPULAN.pdf,a27e7d771a656924bd0a2d29c06dcbd13d53238e14679f9490b8ff9ea6f7315b
MAT-000432,MATERIAL,SOAL TUGAS KELOMPOK MATERI 1.6File,"[""Fakultas Matematika & Ilmu Pengetahuan Alam, Universitas Indonesia""]",Logika dan Himpunan,Universitas Indonesia,2023,id,OCW_UI,1,131309,READY_FOR_INDEXING,data\raw\material\Fakultas_Matematika___Ilmu_Pengetahuan_Alam\SOAL_TUGAS_KELOMPOK_MATERI_1_6.pdf,908ac5f6a07743f6186638b87841da5e8b7d11ac5fc4452088c31fdd8e60bf54
MAT-000433,MATERIAL,induksi matematika,"[""Fakultas Matematika & Ilmu Pengetahuan Alam, Universitas Indonesia""]",Logika dan Himpunan,Universitas Indonesia,2023,id,OCW_UI,17,1693572,READY_FOR_INDEXING,data\raw\material\Fakultas_Matematika___Ilmu_Pengetahuan_Alam\induksi_matematika.pdf,91dfda661459ba506ec11e07d6e3de9ed630e75ed440e97c100a1d1c3bea8431
MAT-000434,MATERIAL,Bukti KontradiksiFile,"[""Fakultas Matematika & Ilmu Pengetahuan Alam, Universitas Indonesia""]",Logika dan Himpunan,Universitas Indonesia,2023,id,OCW_UI,31,512005,READY_FOR_INDEXING,data\raw\material\Fakultas_Matematika___Ilmu_Pengetahuan_Alam\Bukti_KontradiksiFile.pdf,fa744e5f2876216b736b9f0515c7c1a95f2e86f60f15f2d594a2146f27ee8733
MAT-000435,MATERIAL,Contoh Pembuktian yangSalahFile,"[""Fakultas Matematika & Ilmu Pengetahuan Alam, Universitas Indonesia""]",Logika dan Himpunan,Universitas Indonesia,2023,id,OCW_UI,12,1921965,READY_FOR_INDEXING,data\raw\material\Fakultas_Matematika___Ilmu_Pengetahuan_Alam\Contoh_Pembuktian_yangSalahFil.pdf,69b6265833be0e2028c6d1bf460d77d9cada994f11e4a102ddb868946b23150b
MAT-000436,MATERIAL,Buku Rancangan Pengajaran Kalkulus 1File,"[""Fakultas Matematika & Ilmu Pengetahuan Alam, Universitas Indonesia""]",Kalkulus 1,Universitas Indonesia,2023,id,OCW_UI,15,263955,READY_FOR_INDEXING,data\raw\material\Fakultas_Matematika___Ilmu_Pengetahuan_Alam\Buku_Rancangan_Pengajaran_Kalk.pdf,314b54a63265c53dcc94981f0f0435b54ab816d3f73261956823ddc2ac0d98cb
MAT-000437,MATERIAL,Kontrak Kuliah Kalkulus 1File,"[""Fakultas Matematika & Ilmu Pengetahuan Alam, Universitas Indonesia""]",Kalkulus 1,Universitas Indonesia,2023,id,OCW_UI,32,610447,READY_FOR_INDEXING,data\raw\material\Fakultas_Matematika___Ilmu_Pengetahuan_Alam\Kontrak_Kuliah_Kalkulus_1File.pdf,e4acaa834e88f5b162667bffdc8bf91749269477e849e3251c8c2336a8b0f0c0
MAT-000438,MATERIAL,Satuan Acara Pengajaran Kalkulus 1File,"[""Fakultas Matematika & Ilmu Pengetahuan Alam, Universitas Indonesia""]",Kalkulus 1,Universitas Indonesia,2023,id,OCW_UI,2,74278,READY_FOR_INDEXING,data\raw\material\Fakultas_Matematika___Ilmu_Pengetahuan_Alam\Satuan_Acara_Pengajaran_Kalkul.pdf,2017e455ed575bbe0b10bcb2408dc8bb607b177328c3e5d4917870ac531af3fe
MAT-000439,MATERIAL,0.1 Bilangan riilFile,"[""Fakultas Matematika & Ilmu Pengetahuan Alam, Universitas Indonesia""]",Kalkulus 1,Universitas Indonesia,2023,id,OCW_UI,11,348329,READY_FOR_INDEXING,data\raw\material\Fakultas_Matematika___Ilmu_Pengetahuan_Alam\0_1_Bilangan_riilFile.pdf,2875050533ca865fb503ff1468058b1c89d920dd66e9c360c585a6aab945a49d
MAT-000440,MATERIAL,0.2 Ketaksamaan dan nilai mutlakFile,"[""Fakultas Matematika & Ilmu Pengetahuan Alam, Universitas Indonesia""]",Kalkulus 1,Universitas Indonesia,2023,id,OCW_UI,16,435447,READY_FOR_INDEXING,data\raw\material\Fakultas_Matematika___Ilmu_Pengetahuan_Alam\0_2_Ketaksamaan_dan_nilai_mutl.pdf,7dd2ccfe01110f06587e9fec6dce7159d0895bb7d8ece0242a2fdd7737d94722
MAT-000441,MATERIAL,0.3 Sistem koordinat KartesiusFile,"[""Fakultas Matematika & Ilmu Pengetahuan Alam, Universitas Indonesia""]",Kalkulus 1,Universitas Indonesia,2023,id,OCW_UI,10,524719,READY_FOR_INDEXING,data\raw\material\Fakultas_Matematika___Ilmu_Pengetahuan_Alam\0_3_Sistem_koordinat_Kartesius.pdf,89b25acc97bbe9cfee3c1c560e04aa3cf10290e55511b6002d08da39b48a8de4
MAT-000442,MATERIAL,0.4 Grafik persamaanFile,"[""Fakultas Matematika & Ilmu Pengetahuan Alam, Universitas Indonesia""]",Kalkulus 1,Universitas Indonesia,2023,id,OCW_UI,11,668832,READY_FOR_INDEXING,data\raw\material\Fakultas_Matematika___Ilmu_Pengetahuan_Alam\0_4_Grafik_persamaanFile.pdf,c40c3140d6efc831a99ec38c395bb423ebf3c38007de6868d79b952bf2014de0
MAT-000443,MATERIAL,0.5 Fungsi dan grafiknyaFile,"[""Fakultas Matematika & Ilmu Pengetahuan Alam, Universitas Indonesia""]",Kalkulus 1,Universitas Indonesia,2023,id,OCW_UI,23,862919,READY_FOR_INDEXING,data\raw\material\Fakultas_Matematika___Ilmu_Pengetahuan_Alam\0_5_Fungsi_dan_grafiknyaFile.pdf,6b38cd4033cb40533ab5c7af05c64ce57887236954f21eefb0554625f454a07f
MAT-000444,MATERIAL,Eksplorasi ketaksamaan dan fungsi dengan WolframAlphaFile,"[""Fakultas Matematika & Ilmu Pengetahuan Alam, Universitas Indonesia""]",Kalkulus 1,Universitas Indonesia,2023,id,OCW_UI,5,489897,READY_FOR_INDEXING,data\raw\material\Fakultas_Matematika___Ilmu_Pengetahuan_Alam\Eksplorasi_ketaksamaan_dan_fun.pdf,ff51943e550f4282a9f118bcd404f82a715bd42d109e649e3a0f7aae3ef5ca54
MAT-000445,MATERIAL,Eksplorasi ketaksamaan dan fungsi dengan GeoGebraFile,"[""Fakultas Matematika & Ilmu Pengetahuan Alam, Universitas Indonesia""]",Kalkulus 1,Universitas Indonesia,2023,id,OCW_UI,8,844548,READY_FOR_INDEXING,data\raw\material\Fakultas_Matematika___Ilmu_Pengetahuan_Alam\Eksplorasi_ketaksamaan_dan_fun.pdf,cbf5508d5573aeda895e2b0179e4e3760564ae30924330872b51ea15d91c39e8
MAT-000446,MATERIAL,0.6 Operasi pada fungsiFile,"[""Fakultas Matematika & Ilmu Pengetahuan Alam, Universitas Indonesia""]",Kalkulus 1,Universitas Indonesia,2023,id,OCW_UI,18,1559734,READY_FOR_INDEXING,data\raw\material\Fakultas_Matematika___Ilmu_Pengetahuan_Alam\0_6_Operasi_pada_fungsiFile.pdf,ec744cedd9856b65ef0596a941fce66b52b17956a9610b74eb8d9836397227d1
MAT-000447,MATERIAL,0.7 Fungsi trigonometriFile,"[""Fakultas Matematika & Ilmu Pengetahuan Alam, Universitas Indonesia""]",Kalkulus 1,Universitas Indonesia,2023,id,OCW_UI,21,1078297,READY_FOR_INDEXING,data\raw\material\Fakultas_Matematika___Ilmu_Pengetahuan_Alam\0_7_Fungsi_trigonometriFile.pdf,1aca8e97633a3cb3224994a37575962be6f385703578f9c6e690f80664497a1d
MAT-000448,MATERIAL,1.1 Pendahuluan limitFile,"[""Fakultas Matematika & Ilmu Pengetahuan Alam, Universitas Indonesia""]",Kalkulus 1,Universitas Indonesia,2023,id,OCW_UI,13,640412,READY_FOR_INDEXING,data\raw\material\Fakultas_Matematika___Ilmu_Pengetahuan_Alam\1_1_Pendahuluan_limitFile.pdf,3c7613aecc95a50b588535e146ce59fd22d122fc5c59b61129bcf4b98cb0ffd7
MAT-000449,MATERIAL,1.2 Kajian ketat limitFile,"[""Fakultas Matematika & Ilmu Pengetahuan Alam, Universitas Indonesia""]",Kalkulus 1,Universitas Indonesia,2023,id,OCW_UI,9,480530,READY_FOR_INDEXING,data\raw\material\Fakultas_Matematika___Ilmu_Pengetahuan_Alam\1_2_Kajian_ketat_limitFile.pdf,29ada1e6089d06cfe37fca5cb7f0c73011e0780b313a699db27f9fdaf1048871
MAT-000450,MATERIAL,1.3 Teorema LimitFile,"[""Fakultas Matematika & Ilmu Pengetahuan Alam, Universitas Indonesia""]",Kalkulus 1,Universitas Indonesia,2023,id,OCW_UI,11,359116,READY_FOR_INDEXING,data\raw\material\Fakultas_Matematika___Ilmu_Pengetahuan_Alam\1_3_Teorema_LimitFile.pdf,7a045f69a4fff377f217468bf47ee3d08225d9ec8802447a97ac2f528ad99789
MAT-000451,MATERIAL,1.4 Limit fungsi trigonometriFile,"[""Fakultas Matematika & Ilmu Pengetahuan Alam, Universitas Indonesia""]",Kalkulus 1,Universitas Indonesia,2023,sq,OCW_UI,7,292699,READY_FOR_INDEXING,data\raw\material\Fakultas_Matematika___Ilmu_Pengetahuan_Alam\1_4_Limit_fungsi_trigonometriF.pdf,52e337db64788cf0808824dacb039b534749d12de104e04b56fa5b08e42e36c6
MAT-000452,MATERIAL,1.5 Limit di tak-hingga dan limit tak-hinggaFile,"[""Fakultas Matematika & Ilmu Pengetahuan Alam, Universitas Indonesia""]",Kalkulus 1,Universitas Indonesia,2023,id,OCW_UI,17,669594,READY_FOR_INDEXING,data\raw\material\Fakultas_Matematika___Ilmu_Pengetahuan_Alam\1_5_Limit_di_tak-hingga_dan_li.pdf,0af5d8b7af74c2751b2a584306e84519586ace4238bf068c844e21fa90952bad
MAT-000453,MATERIAL,Tugas I IndividuFile,"[""Fakultas Matematika & Ilmu Pengetahuan Alam, Universitas Indonesia""]",Kalkulus 1,Universitas Indonesia,2023,id,OCW_UI,1,530102,READY_FOR_INDEXING,data\raw\material\Fakultas_Matematika___Ilmu_Pengetahuan_Alam\Tugas_I_IndividuFile.pdf,584ba2601d1dfe926a9394d91d7089336a20c5432a7196b18d2cf33430c61be1
MAT-000454,MATERIAL,1.6 Kekontinuan fungsiFile,"[""Fakultas Matematika & Ilmu Pengetahuan Alam, Universitas Indonesia""]",Kalkulus 1,Universitas Indonesia,2023,id,OCW_UI,14,479985,READY_FOR_INDEXING,data\raw\material\Fakultas_Matematika___Ilmu_Pengetahuan_Alam\1_6_Kekontinuan_fungsiFile.pdf,88f3bb033dff793b7630208a45e93d90a8c9193e7df55d36b2a3fbcd3f4542d4
MAT-000455,MATERIAL,2.1 Pendahuluan limitFile,"[""Fakultas Matematika & Ilmu Pengetahuan Alam, Universitas Indonesia""]",Kalkulus 1,Universitas Indonesia,2023,id,OCW_UI,7,1419220,READY_FOR_INDEXING,data\raw\material\Fakultas_Matematika___Ilmu_Pengetahuan_Alam\2_1_Pendahuluan_limitFile.pdf,ab004bddde41fa66d84befbf2596dac1c5bd7a06f624ccd45beee7cc2477fe6f
MAT-000456,MATERIAL,2.2 TurunanFile,"[""Fakultas Matematika & Ilmu Pengetahuan Alam, Universitas Indonesia""]",Kalkulus 1,Universitas Indonesia,2023,id,OCW_UI,14,2907372,READY_FOR_INDEXING,data\raw\material\Fakultas_Matematika___Ilmu_Pengetahuan_Alam\2_2_TurunanFile.pdf,294bab495521e324a76a2bc480108c499f96883256d4d3db429df4cded3792d5
MAT-000457,MATERIAL,2.3 Aturan turunanFile,"[""Fakultas Matematika & Ilmu Pengetahuan Alam, Universitas Indonesia""]",Kalkulus 1,Universitas Indonesia,2023,id,OCW_UI,14,355290,READY_FOR_INDEXING,data\raw\material\Fakultas_Matematika___Ilmu_Pengetahuan_Alam\2_3_Aturan_turunanFile.pdf,c85cef0ed1cd8cfbbc9ed74a33b2d93709b70c281a3d92707ff0ef352382eef9
MAT-000458,MATERIAL,2.4 Turunan fungsi trigonometriFile,"[""Fakultas Matematika & Ilmu Pengetahuan Alam, Universitas Indonesia""]",Kalkulus 1,Universitas Indonesia,2023,id,OCW_UI,9,560284,READY_FOR_INDEXING,data\raw\material\Fakultas_Matematika___Ilmu_Pengetahuan_Alam\2_4_Turunan_fungsi_trigonometr.pdf,ca369684354896619b025462370061130d2993c38ac26e140aad0673d6945fad
MAT-000459,MATERIAL,2.5 Aturan rantaiFile,"[""Fakultas Matematika & Ilmu Pengetahuan Alam, Universitas Indonesia""]",Kalkulus 1,Universitas Indonesia,2023,id,OCW_UI,9,315803,READY_FOR_INDEXING,data\raw\material\Fakultas_Matematika___Ilmu_Pengetahuan_Alam\2_5_Aturan_rantaiFile.pdf,8b26980d1b6b6b256b5444cae3a63d9da9ab1485be1965536183ecbc64a9b0d7
MAT-000460,MATERIAL,2.6 Turunan orde tinggiFile,"[""Fakultas Matematika & Ilmu Pengetahuan Alam, Universitas Indonesia""]",Kalkulus 1,Universitas Indonesia,2023,id,OCW_UI,8,356692,READY_FOR_INDEXING,data\raw\material\Fakultas_Matematika___Ilmu_Pengetahuan_Alam\2_6_Turunan_orde_tinggiFile.pdf,d1bada16023efed04dd22b969fdc0b18da465efc06c1efa3b85c4feed1ea8b45
MAT-000461,MATERIAL,2.7 Turunan implisitFile,"[""Fakultas Matematika & Ilmu Pengetahuan Alam, Universitas Indonesia""]",Kalkulus 1,Universitas Indonesia,2023,id,OCW_UI,10,774591,READY_FOR_INDEXING,data\raw\material\Fakultas_Matematika___Ilmu_Pengetahuan_Alam\2_7_Turunan_implisitFile.pdf,aad95c8f6b87a3ef8e7c0f9031bd72a1195a06a87d81ea91b8cade8a75cca4ba
MAT-000462,MATERIAL,BRP perbaikanFile,"[""Fakultas Matematika & Ilmu Pengetahuan Alam, Universitas Indonesia""]",Kalkulus 1,Universitas Indonesia,2023,id,OCW_UI,15,262844,READY_FOR_INDEXING,data\raw\material\Fakultas_Matematika___Ilmu_Pengetahuan_Alam\BRP_perbaikanFile.pdf,283e68defe563d0d132d80bc6abe347e5483c0b09c555b6642f85b7879178b63
MAT-000463,MATERIAL,2.8 Laju yang berkaitanFile,"[""Fakultas Matematika & Ilmu Pengetahuan Alam, Universitas Indonesia""]",Kalkulus 1,Universitas Indonesia,2023,id,OCW_UI,9,316106,READY_FOR_INDEXING,data\raw\material\Fakultas_Matematika___Ilmu_Pengetahuan_Alam\2_8_Laju_yang_berkaitanFile.pdf,826917e26c976fd4714d17620257a0e6a73f09cbc197e3c49b0c6203ddf1a753
MAT-000464,MATERIAL,2.9 DiferensialFile,"[""Fakultas Matematika & Ilmu Pengetahuan Alam, Universitas Indonesia""]",Kalkulus 1,Universitas Indonesia,2023,id,OCW_UI,9,406445,READY_FOR_INDEXING,data\raw\material\Fakultas_Matematika___Ilmu_Pengetahuan_Alam\2_9_DiferensialFile.pdf,7e248d4645f56c0c04fd2094ad689df0d57d76ae74b401ba224f087a058cf2bd
MAT-000465,MATERIAL,3.1 Maksimum dan minimumFile,"[""Fakultas Matematika & Ilmu Pengetahuan Alam, Universitas Indonesia""]",Kalkulus 1,Universitas Indonesia,2023,id,OCW_UI,13,496802,READY_FOR_INDEXING,data\raw\material\Fakultas_Matematika___Ilmu_Pengetahuan_Alam\3_1_Maksimum_dan_minimumFile.pdf,19d4f9fda248226fc37c2f539ccdf1cba8a2248056c7955414715e2d2483a3b2
MAT-000466,MATERIAL,3.2 Kemonotonan dan kecekunganFile,"[""Fakultas Matematika & Ilmu Pengetahuan Alam, Universitas Indonesia""]",Kalkulus 1,Universitas Indonesia,2023,id,OCW_UI,14,841873,READY_FOR_INDEXING,data\raw\material\Fakultas_Matematika___Ilmu_Pengetahuan_Alam\3_2_Kemonotonan_dan_kecekungan.pdf,a81349785fe59dedf34a08fe13a0217e2420c63f6fd4196c9194df8fb67025b5
MAT-000467,MATERIAL,Kuis 1,"[""Fakultas Matematika & Ilmu Pengetahuan Alam, Universitas Indonesia""]",Kalkulus 1,Universitas Indonesia,2023,id,OCW_UI,1,137269,READY_FOR_INDEXING,data\raw\material\Fakultas_Matematika___Ilmu_Pengetahuan_Alam\Kuis_1.pdf,c710243a3e2a70a3b7d9a48e2dfb0c5e1e7eb75d80bcbca2d20fa34b04cd6a87
MAT-000468,MATERIAL,3.3 Ekstrim lokal dan ekstrim di interval bukaFile,"[""Fakultas Matematika & Ilmu Pengetahuan Alam, Universitas Indonesia""]",Kalkulus 1,Universitas Indonesia,2023,id,OCW_UI,12,450284,READY_FOR_INDEXING,data\raw\material\Fakultas_Matematika___Ilmu_Pengetahuan_Alam\3_3_Ekstrim_lokal_dan_ekstrim.pdf,266a5f323cfa14c776c6f6128d01e92b6409e622915d6e883c34d4de37334574
MAT-000469,MATERIAL,3.4 Masalah praktisFile,"[""Fakultas Matematika & Ilmu Pengetahuan Alam, Universitas Indonesia""]",Kalkulus 1,Universitas Indonesia,2023,id,OCW_UI,9,332075,READY_FOR_INDEXING,data\raw\material\Fakultas_Matematika___Ilmu_Pengetahuan_Alam\3_4_Masalah_praktisFile.pdf,194c41d785f1ee5bb3f15a26527654c5dcf88f65617cfd0e0374d88e8ab9734f
MAT-000470,MATERIAL,3.5 Menggambar grafikFile,"[""Fakultas Matematika & Ilmu Pengetahuan Alam, Universitas Indonesia""]",Kalkulus 1,Universitas Indonesia,2023,id,OCW_UI,11,502917,READY_FOR_INDEXING,data\raw\material\Fakultas_Matematika___Ilmu_Pengetahuan_Alam\3_5_Menggambar_grafikFile.pdf,cfd85a4bc0c4dcac96ff464db9c963a23ef3d70435ba108ba43aabe5162abc6d
MAT-000471,MATERIAL,3.6 Teorema nilai rata-rata untuk turunanFile,"[""Fakultas Matematika & Ilmu Pengetahuan Alam, Universitas Indonesia""]",Kalkulus 1,Universitas Indonesia,2023,id,OCW_UI,10,374749,READY_FOR_INDEXING,data\raw\material\Fakultas_Matematika___Ilmu_Pengetahuan_Alam\3_6_Teorema_nilai_rata-rata_un.pdf,95b546fab1aa86337680468f848a7d11f1f5e02f34cfc2b1732c539fc31a1fb7
MAT-000472,MATERIAL,3.8 AntiturunanFile,"[""Fakultas Matematika & Ilmu Pengetahuan Alam, Universitas Indonesia""]",Kalkulus 1,Universitas Indonesia,2023,id,OCW_UI,13,367628,READY_FOR_INDEXING,data\raw\material\Fakultas_Matematika___Ilmu_Pengetahuan_Alam\3_8_AntiturunanFile.pdf,1dd738755d41df0fab68b55dfc8574f90cf23cc320777b05b8d0f67affb39d09
MAT-000473,MATERIAL,Tugas II Kalkulus 1File,"[""Fakultas Matematika & Ilmu Pengetahuan Alam, Universitas Indonesia""]",Kalkulus 1,Universitas Indonesia,2023,id,OCW_UI,1,175792,READY_FOR_INDEXING,data\raw\material\Fakultas_Matematika___Ilmu_Pengetahuan_Alam\Tugas_II_Kalkulus_1File.pdf,67598dbb9734f65b8bc5fc5d05a76e3c0f1db705c6f8355b8b7672d1996dc615
MAT-000474,MATERIAL,Panduan Kuis IFile,"[""Fakultas Matematika & Ilmu Pengetahuan Alam, Universitas Indonesia""]",Kalkulus 1,Universitas Indonesia,2023,id,OCW_UI,1,50432,READY_FOR_INDEXING,data\raw\material\Fakultas_Matematika___Ilmu_Pengetahuan_Alam\Panduan_Kuis_IFile.pdf,eef8472e9768b75e90345348df6f6bf3e8d7756e8696dba4b46fe79c2559678e
MAT-000475,MATERIAL,4.1 Pendahuluan luasFile,"[""Fakultas Matematika & Ilmu Pengetahuan Alam, Universitas Indonesia""]",Kalkulus 1,Universitas Indonesia,2023,id,OCW_UI,20,590568,READY_FOR_INDEXING,data\raw\material\Fakultas_Matematika___Ilmu_Pengetahuan_Alam\4_1_Pendahuluan_luasFile.pdf,4013604523ea038cafb8668022c137c392851f26a106a329c0133942f4f0c995
MAT-000476,MATERIAL,4.2 Integral tentuFile,"[""Fakultas Matematika & Ilmu Pengetahuan Alam, Universitas Indonesia""]",Kalkulus 1,Universitas Indonesia,2023,id,OCW_UI,17,760983,READY_FOR_INDEXING,data\raw\material\Fakultas_Matematika___Ilmu_Pengetahuan_Alam\4_2_Integral_tentuFile.pdf,7e6ca7d9063aac8e990ea295cd75f24e493217339ee03e7ab36c7958b40078d4
MAT-000477,MATERIAL,4.3 Teorema Dasar Pertama KalkulusFile,"[""Fakultas Matematika & Ilmu Pengetahuan Alam, Universitas Indonesia""]",Kalkulus 1,Universitas Indonesia,2023,id,OCW_UI,12,388718,READY_FOR_INDEXING,data\raw\material\Fakultas_Matematika___Ilmu_Pengetahuan_Alam\4_3_Teorema_Dasar_Pertama_Kalk.pdf,28a839ecce6dc3c14fbb82afc3a2f0e1a5f28c50380bd4800e1c1bc4725e0a45
MAT-000478,MATERIAL,4.4 Teorema Dasar Kedua Kalkulus dan Metode SubstitusiFile,"[""Fakultas Matematika & Ilmu Pengetahuan Alam, Universitas Indonesia""]",Kalkulus 1,Universitas Indonesia,2023,id,OCW_UI,14,363873,READY_FOR_INDEXING,data\raw\material\Fakultas_Matematika___Ilmu_Pengetahuan_Alam\4_4_Teorema_Dasar_Kedua_Kalkul.pdf,27515fae385c95a50c83711d6f02365e2f26756bd0397f4e99a790de7806e6a9
MAT-000479,MATERIAL,4.5 Teorema nilai rata-rata integral dan kesimetrianFile,"[""Fakultas Matematika & Ilmu Pengetahuan Alam, Universitas Indonesia""]",Kalkulus 1,Universitas Indonesia,2023,id,OCW_UI,13,681516,READY_FOR_INDEXING,data\raw\material\Fakultas_Matematika___Ilmu_Pengetahuan_Alam\4_5_Teorema_nilai_rata-rata_in.pdf,020b94838f919f95d3d49ccea73ce43e709fe7ca617e1593d6c6ccf147f64ec1
MAT-000480,MATERIAL,Panduan Pelaksanaan UTSFile,"[""Fakultas Matematika & Ilmu Pengetahuan Alam, Universitas Indonesia""]",Kalkulus 1,Universitas Indonesia,2023,id,OCW_UI,1,66899,READY_FOR_INDEXING,data\raw\material\Fakultas_Matematika___Ilmu_Pengetahuan_Alam\Panduan_Pelaksanaan_UTSFile.pdf,a8b25bf37295842a64cf4a8d185c2a77a5a64af8db9bb1c27fe266e7181f41a6
MAT-000481,MATERIAL,5.1 Luas daerahFile,"[""Fakultas Matematika & Ilmu Pengetahuan Alam, Universitas Indonesia""]",Kalkulus 1,Universitas Indonesia,2023,id,OCW_UI,16,1975851,READY_FOR_INDEXING,data\raw\material\Fakultas_Matematika___Ilmu_Pengetahuan_Alam\5_1_Luas_daerahFile.pdf,15f1b13a8506c1739a0edb2b1196b90552a350fad7516366470eda2f3c702847
MAT-000482,MATERIAL,5.2.1 Metode cakramFile,"[""Fakultas Matematika & Ilmu Pengetahuan Alam, Universitas Indonesia""]",Kalkulus 1,Universitas Indonesia,2023,id,OCW_UI,13,831673,READY_FOR_INDEXING,data\raw\material\Fakultas_Matematika___Ilmu_Pengetahuan_Alam\5_2_1_Metode_cakramFile.pdf,a214aaa8e1d6dd5b93c7d59b3f09b97cf123e4adfc79c6b09e210145ab7d410d
MAT-000483,MATERIAL,5.2.2 Metode cincinFile,"[""Fakultas Matematika & Ilmu Pengetahuan Alam, Universitas Indonesia""]",Kalkulus 1,Universitas Indonesia,2023,id,OCW_UI,11,886123,READY_FOR_INDEXING,data\raw\material\Fakultas_Matematika___Ilmu_Pengetahuan_Alam\5_2_2_Metode_cincinFile.pdf,e9f99f8fe851458f21a08eeb54152d0d3b28646396fd6e72d28bb5ba112a5b72
MAT-000484,MATERIAL,5.3 Metode kulit tabungFile,"[""Fakultas Matematika & Ilmu Pengetahuan Alam, Universitas Indonesia""]",Kalkulus 1,Universitas Indonesia,2023,id,OCW_UI,11,595916,READY_FOR_INDEXING,data\raw\material\Fakultas_Matematika___Ilmu_Pengetahuan_Alam\5_3_Metode_kulit_tabungFile.pdf,f3d950935b29fcf8beffcbed7c6d57ddc145c44445c9a06e6d96781db2584bc4
MAT-000485,MATERIAL,6.1 Fungsi logaritma alamiFile,"[""Fakultas Matematika & Ilmu Pengetahuan Alam, Universitas Indonesia""]",Kalkulus 1,Universitas Indonesia,2023,id,OCW_UI,12,365993,READY_FOR_INDEXING,data\raw\material\Fakultas_Matematika___Ilmu_Pengetahuan_Alam\6_1_Fungsi_logaritma_alamiFile.pdf,b4ed788c89b6eb4b4703bc84f5341346ef76b24556298359d18faf62e74e1842
MAT-000486,MATERIAL,6.2 Fungsi inversi dan turunannyaFile,"[""Fakultas Matematika & Ilmu Pengetahuan Alam, Universitas Indonesia""]",Kalkulus 1,Universitas Indonesia,2023,id,OCW_UI,16,470586,READY_FOR_INDEXING,data\raw\material\Fakultas_Matematika___Ilmu_Pengetahuan_Alam\6_2_Fungsi_inversi_dan_turunan.pdf,7a6ddd9a1d744ea9324ddd64df3f867e1e4e93821dac0a7bc01333666f8e4dbd
MAT-000487,MATERIAL,6.3 Fungsi eksponensial alamiFile,"[""Fakultas Matematika & Ilmu Pengetahuan Alam, Universitas Indonesia""]",Kalkulus 1,Universitas Indonesia,2023,id,OCW_UI,10,346795,READY_FOR_INDEXING,data\raw\material\Fakultas_Matematika___Ilmu_Pengetahuan_Alam\6_3_Fungsi_eksponensial_alamiF.pdf,67393ab7a4060a1f3d1e3b2bd7f132c5d926f3c39d091cdd571e7b6453065b14
MAT-000488,MATERIAL,6.4 Fungsi eksponensial dan logaritma umumFile,"[""Fakultas Matematika & Ilmu Pengetahuan Alam, Universitas Indonesia""]",Kalkulus 1,Universitas Indonesia,2023,id,OCW_UI,14,409130,READY_FOR_INDEXING,data\raw\material\Fakultas_Matematika___Ilmu_Pengetahuan_Alam\6_4_Fungsi_eksponensial_dan_lo.pdf,04b4eb6b9466e20e0ebd71c0cd4603205aed5b69313098311cb484c5db27837e
MAT-000489,MATERIAL,6.8 Fungsi trigonometri inversiFile,"[""Fakultas Matematika & Ilmu Pengetahuan Alam, Universitas Indonesia""]",Kalkulus 1,Universitas Indonesia,2023,id,OCW_UI,23,668048,READY_FOR_INDEXING,data\raw\material\Fakultas_Matematika___Ilmu_Pengetahuan_Alam\6_8_Fungsi_trigonometri_invers.pdf,996bd68b7b8ab93ddf9b83a8da4af6c2c65dd00484938348b69f01b15598df02
MAT-000490,MATERIAL,6.9 Fungsi hiperbolik dan inversinyaFile,"[""Fakultas Matematika & Ilmu Pengetahuan Alam, Universitas Indonesia""]",Kalkulus 1,Universitas Indonesia,2023,id,OCW_UI,17,513951,READY_FOR_INDEXING,data\raw\material\Fakultas_Matematika___Ilmu_Pengetahuan_Alam\6_9_Fungsi_hiperbolik_dan_inve.pdf,500c4e2e8862141d1cb477bdad56c41c611a970bf84b7c4f6488e9a71b569d95
MAT-000491,MATERIAL,7.1 Aturan integrasi dasarFile,"[""Fakultas Matematika & Ilmu Pengetahuan Alam, Universitas Indonesia""]",Kalkulus 1,Universitas Indonesia,2023,id,OCW_UI,9,316377,READY_FOR_INDEXING,data\raw\material\Fakultas_Matematika___Ilmu_Pengetahuan_Alam\7_1_Aturan_integrasi_dasarFile.pdf,f70f3e8d90707d894d053509eed7359084389587f245a09003c79f5d7499a3d9
MAT-000492,MATERIAL,7.2 Metode integral parsialFile,"[""Fakultas Matematika & Ilmu Pengetahuan Alam, Universitas Indonesia""]",Kalkulus 1,Universitas Indonesia,2023,id,OCW_UI,11,351775,READY_FOR_INDEXING,data\raw\material\Fakultas_Matematika___Ilmu_Pengetahuan_Alam\7_2_Metode_integral_parsialFil.pdf,113f82fe30c0cec8480172fd2bc5a556569aecd0f6035d0409bf42db29e73a3f
MAT-000493,MATERIAL,7.3 Integral trigonometriFile,"[""Fakultas Matematika & Ilmu Pengetahuan Alam, Universitas Indonesia""]",Kalkulus 1,Universitas Indonesia,2023,id,OCW_UI,13,343026,READY_FOR_INDEXING,data\raw\material\Fakultas_Matematika___Ilmu_Pengetahuan_Alam\7_3_Integral_trigonometriFile.pdf,618d6c53759f4758099c2aeb47b7b5ed7d3307c6ce97f04cbc2429820f42fb95
MAT-000494,MATERIAL,7.4 Substitusi yang merasionalkanFile,"[""Fakultas Matematika & Ilmu Pengetahuan Alam, Universitas Indonesia""]",Kalkulus 1,Universitas Indonesia,2023,id,OCW_UI,9,337014,READY_FOR_INDEXING,data\raw\material\Fakultas_Matematika___Ilmu_Pengetahuan_Alam\7_4_Substitusi_yang_merasional.pdf,4bf4d1595b6db738939f40f401168c9de24c92c632e6c039d6bd992bea198293
MAT-000495,MATERIAL,7.5 Pengintegralan fungsi rasional dengan pecahan parsialFile,"[""Fakultas Matematika & Ilmu Pengetahuan Alam, Universitas Indonesia""]",Kalkulus 1,Universitas Indonesia,2023,id,OCW_UI,16,349024,READY_FOR_INDEXING,data\raw\material\Fakultas_Matematika___Ilmu_Pengetahuan_Alam\7_5_Pengintegralan_fungsi_rasi.pdf,aa1d05d35e95158c84d6f3d776d4bb57404965e6c95d10eed18defa6242e3da3
MAT-000496,MATERIAL,BRP Machine LearningFile,"[""Fakultas Matematika & Ilmu Pengetahuan Alam, Universitas Indonesia""]",Machine Learning,Universitas Indonesia,2023,id,OCW_UI,11,98498,READY_FOR_INDEXING,data\raw\material\Fakultas_Matematika___Ilmu_Pengetahuan_Alam\BRP_Machine_LearningFile.pdf,98116a9de34ae809e1565215400f62285cb8dcdecc8e2cd3f69e950d79998d9a
MAT-000497,MATERIAL,1.2 Pendahuluan - EvaluasiFile,"[""Fakultas Matematika & Ilmu Pengetahuan Alam, Universitas Indonesia""]",Machine Learning,Universitas Indonesia,2023,id,OCW_UI,16,336530,READY_FOR_INDEXING,data\raw\material\Fakultas_Matematika___Ilmu_Pengetahuan_Alam\1_2_Pendahuluan_-_EvaluasiFile.pdf,feb0918f7f079af6b83eae719a94a8d0417e8c9173c1d31aab2a54c317600530
MAT-000498,MATERIAL,1.1 Pendahuluan - AplikasiFile,"[""Fakultas Matematika & Ilmu Pengetahuan Alam, Universitas Indonesia""]",Machine Learning,Universitas Indonesia,2023,id,OCW_UI,6,401574,READY_FOR_INDEXING,data\raw\material\Fakultas_Matematika___Ilmu_Pengetahuan_Alam\1_1_Pendahuluan_-_AplikasiFile.pdf,0b7ca3c6c0223f9ee448c202104e9febea2923ffcd74bb711899f08c96110c15
MAT-000499,MATERIAL,1.0 PendahuluanFile,"[""Fakultas Matematika & Ilmu Pengetahuan Alam, Universitas Indonesia""]",Machine Learning,Universitas Indonesia,2023,en,OCW_UI,17,2153356,READY_FOR_INDEXING,data\raw\material\Fakultas_Matematika___Ilmu_Pengetahuan_Alam\1_0_PendahuluanFile.pdf,fa98f514409aa8ae05c2a07e79d51f11c0911063f06591246e678357185f9fb5
MAT-000500,MATERIAL,2011-2012 ATA Tugas 1File,"[""Fakultas Matematika & Ilmu Pengetahuan Alam, Universitas Indonesia""]",Machine Learning,Universitas Indonesia,2023,id,OCW_UI,1,24475,READY_FOR_INDEXING,data\raw\material\Fakultas_Matematika___Ilmu_Pengetahuan_Alam\2011-2012_ATA_Tugas_1File.pdf,c57a39b2704472060ba9a032c33309d0c91004ea9a71be054ab2f873590d8272
MAT-000501,MATERIAL,2 Perangkat Lunak - WekaFile,"[""Fakultas Matematika & Ilmu Pengetahuan Alam, Universitas Indonesia""]",Machine Learning,Universitas Indonesia,2023,id,OCW_UI,29,4623298,READY_FOR_INDEXING,data\raw\material\Fakultas_Matematika___Ilmu_Pengetahuan_Alam\2_Perangkat_Lunak_-_WekaFile.pdf,3b8de6be5d625ed4e41e662d269443d048775d6f6e4aeba989483223b4466892
MAT-000502,MATERIAL,2011-2012 ATA Tugas 2File,"[""Fakultas Matematika & Ilmu Pengetahuan Alam, Universitas Indonesia""]",Machine Learning,Universitas Indonesia,2023,id,OCW_UI,1,17892,READY_FOR_INDEXING,data\raw\material\Fakultas_Matematika___Ilmu_Pengetahuan_Alam\2011-2012_ATA_Tugas_2File.pdf,74a980bc94800ed36a7fa00af6e298b0655ed953198d26be63c679b16f1d1c33
MAT-000503,MATERIAL,3 Model Linear untuk RegresiFile,"[""Fakultas Matematika & Ilmu Pengetahuan Alam, Universitas Indonesia""]",Machine Learning,Universitas Indonesia,2023,id,OCW_UI,12,1860195,READY_FOR_INDEXING,data\raw\material\Fakultas_Matematika___Ilmu_Pengetahuan_Alam\3_Model_Linear_untuk_RegresiFi.pdf,b46c8341d0f0b7833807342f4769f0a7140afd50280818fd9327b3782d479aa5
MAT-000504,MATERIAL,4 Model Linear untuk KlasifikasiFile,"[""Fakultas Matematika & Ilmu Pengetahuan Alam, Universitas Indonesia""]",Machine Learning,Universitas Indonesia,2023,id,OCW_UI,9,388372,READY_FOR_INDEXING,data\raw\material\Fakultas_Matematika___Ilmu_Pengetahuan_Alam\4_Model_Linear_untuk_Klasifika.pdf,9a96d873bca74afd2f560d9c8ce685adbc97d7c083256f57d9c7f8d617cb6455
MAT-000505,MATERIAL,5 Neural NetworksFile,"[""Fakultas Matematika & Ilmu Pengetahuan Alam, Universitas Indonesia""]",Machine Learning,Universitas Indonesia,2023,id,OCW_UI,8,399143,READY_FOR_INDEXING,data\raw\material\Fakultas_Matematika___Ilmu_Pengetahuan_Alam\5_Neural_NetworksFile.pdf,9fe509c0a10257e86ba7287bc62c7442a675046523700e8bfa6ab1af0d428f8d
MAT-000506,MATERIAL,2011-2012 ATA Tugas 3File,"[""Fakultas Matematika & Ilmu Pengetahuan Alam, Universitas Indonesia""]",Machine Learning,Universitas Indonesia,2023,id,OCW_UI,1,16572,READY_FOR_INDEXING,data\raw\material\Fakultas_Matematika___Ilmu_Pengetahuan_Alam\2011-2012_ATA_Tugas_3File.pdf,c525c7634a1907c87a7e0be0d350ccf7e6b5d2b127ad396aca5bfcd68fca5fc0
MAT-000507,MATERIAL,6.2 Radial Basis Function NetworksFile,"[""Fakultas Matematika & Ilmu Pengetahuan Alam, Universitas Indonesia""]",Machine Learning,Universitas Indonesia,2023,id,OCW_UI,20,528973,READY_FOR_INDEXING,data\raw\material\Fakultas_Matematika___Ilmu_Pengetahuan_Alam\6_2_Radial_Basis_Function_Netw.pdf,9f098f40d379c1c23274c5905f5b78ecae9f12026adad79d0ee25e82894618c8
MAT-000508,MATERIAL,6.1 Metode KernelFile,"[""Fakultas Matematika & Ilmu Pengetahuan Alam, Universitas Indonesia""]",Machine Learning,Universitas Indonesia,2023,id,OCW_UI,12,571519,READY_FOR_INDEXING,data\raw\material\Fakultas_Matematika___Ilmu_Pengetahuan_Alam\6_1_Metode_KernelFile.pdf,b0e5d5fa501e5fb1a0d564fc13e29bb6b43b51b8acfd67887ad04e390cff5274
MAT-000509,MATERIAL,2011-2012 ATA Tugas 4File,"[""Fakultas Matematika & Ilmu Pengetahuan Alam, Universitas Indonesia""]",Machine Learning,Universitas Indonesia,2023,id,OCW_UI,1,18719,READY_FOR_INDEXING,data\raw\material\Fakultas_Matematika___Ilmu_Pengetahuan_Alam\2011-2012_ATA_Tugas_4File.pdf,34970f3bef622a481b697716bce9e429fee2b76c7cae3321e5feb5b1b3333eec
MAT-000510,MATERIAL,7.1 Support Vector MachineFile,"[""Fakultas Matematika & Ilmu Pengetahuan Alam, Universitas Indonesia""]",Machine Learning,Universitas Indonesia,2023,id,OCW_UI,19,599814,READY_FOR_INDEXING,data\raw\material\Fakultas_Matematika___Ilmu_Pengetahuan_Alam\7_1_Support_Vector_MachineFile.pdf,6d098fda9e284c07abd0e748bf1778ba9b41456de1000dca9ef54525e5c7b4bf
MAT-000511,MATERIAL,2011-2012 ATA Tugas 5File,"[""Fakultas Matematika & Ilmu Pengetahuan Alam, Universitas Indonesia""]",Machine Learning,Universitas Indonesia,2023,id,OCW_UI,1,21319,READY_FOR_INDEXING,data\raw\material\Fakultas_Matematika___Ilmu_Pengetahuan_Alam\2011-2012_ATA_Tugas_5File.pdf,0e2b323998f72bacbc551ef7691c8a8cb394514249d953d15408bb6b81d822fb
MAT-000512,MATERIAL,7.2 SVM untuk RegresiFile,"[""Fakultas Matematika & Ilmu Pengetahuan Alam, Universitas Indonesia""]",Machine Learning,Universitas Indonesia,2023,id,OCW_UI,15,540667,READY_FOR_INDEXING,data\raw\material\Fakultas_Matematika___Ilmu_Pengetahuan_Alam\7_2_SVM_untuk_RegresiFile.pdf,556ba524ad62d46eba98519b6b685bebd9176a52581e1a80d8a088400027fd1e
MAT-000513,MATERIAL,2011-2012 ATA UTSFile,"[""Fakultas Matematika & Ilmu Pengetahuan Alam, Universitas Indonesia""]",Machine Learning,Universitas Indonesia,2023,id,OCW_UI,1,31461,READY_FOR_INDEXING,data\raw\material\Fakultas_Matematika___Ilmu_Pengetahuan_Alam\2011-2012_ATA_UTSFile.pdf,4ef621077609f0b6fcda164c62cfb93ffa6b32efeb108f5873cd091b327a7a38
MAT-000514,MATERIAL,8 SVM untuk Ordinal RegressionFile,"[""Fakultas Matematika & Ilmu Pengetahuan Alam, Universitas Indonesia""]",Machine Learning,Universitas Indonesia,2023,id,OCW_UI,15,414013,READY_FOR_INDEXING,data\raw\material\Fakultas_Matematika___Ilmu_Pengetahuan_Alam\8_SVM_untuk_Ordinal_Regression.pdf,b52af4350430f26f5ff19ed36f707de7b9d361bea38e0894143f17f434a18f0a
MAT-000515,MATERIAL,2011-2012 ATA Tugas 6File,"[""Fakultas Matematika & Ilmu Pengetahuan Alam, Universitas Indonesia""]",Machine Learning,Universitas Indonesia,2023,id,OCW_UI,1,13138,READY_FOR_INDEXING,data\raw\material\Fakultas_Matematika___Ilmu_Pengetahuan_Alam\2011-2012_ATA_Tugas_6File.pdf,03bc68411189773cfb7ebefc399bc921abde85b9bd9e5669618229b7692a0446
MAT-000516,MATERIAL,9 SVM untuk RankingFile,"[""Fakultas Matematika & Ilmu Pengetahuan Alam, Universitas Indonesia""]",Machine Learning,Universitas Indonesia,2023,id,OCW_UI,21,737619,READY_FOR_INDEXING,data\raw\material\Fakultas_Matematika___Ilmu_Pengetahuan_Alam\9_SVM_untuk_RankingFile.pdf,82526ec34ee2626c99d2aa351ecb05b0823b737cd8e1535bd8889298e1565a19
MAT-000517,MATERIAL,10 Matrix FactorizationFile,"[""Fakultas Matematika & Ilmu Pengetahuan Alam, Universitas Indonesia""]",Machine Learning,Universitas Indonesia,2023,id,OCW_UI,13,185178,READY_FOR_INDEXING,data\raw\material\Fakultas_Matematika___Ilmu_Pengetahuan_Alam\10_Matrix_FactorizationFile.pdf,8fef025885c435d2d2f657725ff71b196d0dd27fdbec33512a1b68e54837a9f3
MAT-000518,MATERIAL,2011-2012 ATA Tugas 7File,"[""Fakultas Matematika & Ilmu Pengetahuan Alam, Universitas Indonesia""]",Machine Learning,Universitas Indonesia,2023,id,OCW_UI,1,29933,READY_FOR_INDEXING,data\raw\material\Fakultas_Matematika___Ilmu_Pengetahuan_Alam\2011-2012_ATA_Tugas_7File.pdf,c1cd9fad54997be0340487ffffcaa26600fe4c406132cdf156892db9a0c43dc7
MAT-000519,MATERIAL,11 Studi Kasus - Klasifikasi HutanFile,"[""Fakultas Matematika & Ilmu Pengetahuan Alam, Universitas Indonesia""]",Machine Learning,Universitas Indonesia,2023,id,OCW_UI,12,565018,READY_FOR_INDEXING,data\raw\material\Fakultas_Matematika___Ilmu_Pengetahuan_Alam\11_Studi_Kasus_-_Klasifikasi_H.pdf,2f242273fb5e111906ffeafed156097a72cf0b3e9c7c66a1d53ffe30ee4a81ab
MAT-000520,MATERIAL,12 Studi Kasus - Sistem RekomendasiFile,"[""Fakultas Matematika & Ilmu Pengetahuan Alam, Universitas Indonesia""]",Machine Learning,Universitas Indonesia,2023,id,OCW_UI,11,606171,READY_FOR_INDEXING,data\raw\material\Fakultas_Matematika___Ilmu_Pengetahuan_Alam\12_Studi_Kasus_-_Sistem_Rekome.pdf,c6088898879345d6cd0ab1a4b163e2c87796093c0d56863dcfa91ab91f3cf47f
MAT-000521,MATERIAL,2011-2012 ATA UASFile,"[""Fakultas Matematika & Ilmu Pengetahuan Alam, Universitas Indonesia""]",Machine Learning,Universitas Indonesia,2023,id,OCW_UI,1,23789,READY_FOR_INDEXING,data\raw\material\Fakultas_Matematika___Ilmu_Pengetahuan_Alam\2011-2012_ATA_UASFile.pdf,29cf67a81b62539f5ae3928e29a8f2b7849b6bb8aab04d7042dcc83cae845313
MAT-000522,MATERIAL,2.cell-membraneFile,"[""Fakultas Matematika & Ilmu Pengetahuan Alam, Universitas Indonesia""]",Metabolisme,Universitas Indonesia,2023,en,OCW_UI,49,1862457,READY_FOR_INDEXING,data\raw\material\Fakultas_Matematika___Ilmu_Pengetahuan_Alam\2_cell-membraneFile.pdf,b5da22bafea7ecbb15b3eced12cc688ebedbd4fd7d7650002cc52a0eb75bc2a5
MAT-000523,MATERIAL,4.3.Light Reaction(Photosynthesis)File,"[""Fakultas Matematika & Ilmu Pengetahuan Alam, Universitas Indonesia""]",Metabolisme,Universitas Indonesia,2023,en,OCW_UI,21,551576,READY_FOR_INDEXING,data\raw\material\Fakultas_Matematika___Ilmu_Pengetahuan_Alam\4_3_Light_Reaction_Photosynthe.pdf,df0ea2da938c3446bd895e3a9dd372f21d276332265ec2279cbe73b680f082a2
MAT-000524,MATERIAL,4.1.PhotosynthesisFile,"[""Fakultas Matematika & Ilmu Pengetahuan Alam, Universitas Indonesia""]",Metabolisme,Universitas Indonesia,2023,en,OCW_UI,23,526470,READY_FOR_INDEXING,data\raw\material\Fakultas_Matematika___Ilmu_Pengetahuan_Alam\4_1_PhotosynthesisFile.pdf,3b1e387079ae05c5cb03d541bc2753f47c9b89375cbe179e1e7bee4b30c47837
MAT-000525,MATERIAL,4.2.Dark Reaction(Photosynthesis)File,"[""Fakultas Matematika & Ilmu Pengetahuan Alam, Universitas Indonesia""]",Metabolisme,Universitas Indonesia,2023,en,OCW_UI,9,543010,READY_FOR_INDEXING,data\raw\material\Fakultas_Matematika___Ilmu_Pengetahuan_Alam\4_2_Dark_Reaction_Photosynthes.pdf,77c2063f136461d59efe9cd04fb09a356f8a70834280e8fbf1fecd25074ce130
MAT-000526,MATERIAL,5.1.GlikolisisFile,"[""Fakultas Matematika & Ilmu Pengetahuan Alam, Universitas Indonesia""]",Metabolisme,Universitas Indonesia,2023,en,OCW_UI,26,449566,READY_FOR_INDEXING,data\raw\material\Fakultas_Matematika___Ilmu_Pengetahuan_Alam\5_1_GlikolisisFile.pdf,e9716f3493f8438666eec163fd9f375c0d15f2777d2c05d86593d3a71c78ac4e
MAT-000527,MATERIAL,5.4.Fermentasi AlkoholFile,"[""Fakultas Matematika & Ilmu Pengetahuan Alam, Universitas Indonesia""]",Metabolisme,Universitas Indonesia,2023,en,OCW_UI,16,517601,READY_FOR_INDEXING,data\raw\material\Fakultas_Matematika___Ilmu_Pengetahuan_Alam\5_4_Fermentasi_AlkoholFile.pdf,624d3ba03c44be18d4e65c72ba0fbc57d6fc2a9f032606b65a476251653a5ac2
MAT-000528,MATERIAL,5.2.Racun Siklus GlikolisisFile,"[""Fakultas Matematika & Ilmu Pengetahuan Alam, Universitas Indonesia""]",Metabolisme,Universitas Indonesia,2023,en,OCW_UI,17,1734077,READY_FOR_INDEXING,data\raw\material\Fakultas_Matematika___Ilmu_Pengetahuan_Alam\5_2_Racun_Siklus_GlikolisisFil.pdf,303489f4d20f408dd13fc7753d30ab7a8e4b1774d4a556a9998efc6cf40a00b6
MAT-000529,MATERIAL,6.Siklus krebsFile,"[""Fakultas Matematika & Ilmu Pengetahuan Alam, Universitas Indonesia""]",Metabolisme,Universitas Indonesia,2023,en,OCW_UI,21,1181190,READY_FOR_INDEXING,data\raw\material\Fakultas_Matematika___Ilmu_Pengetahuan_Alam\6_Siklus_krebsFile.pdf,808550673bdc9dbe524e4e03e143fd75970288901f9164b971a809ae4a507e26
MAT-000530,MATERIAL,7.1.Lipid MetabolismFile,"[""Fakultas Matematika & Ilmu Pengetahuan Alam, Universitas Indonesia""]",Metabolisme,Universitas Indonesia,2023,en,OCW_UI,21,1323260,READY_FOR_INDEXING,data\raw\material\Fakultas_Matematika___Ilmu_Pengetahuan_Alam\7_1_Lipid_MetabolismFile.pdf,f4d6d1f9bcdb00dcf6006834edd508ae788fd91b6279709527d2d0b108b1c269
MAT-000531,MATERIAL,7.3.Biosintesis Triasil GliserolFile,"[""Fakultas Matematika & Ilmu Pengetahuan Alam, Universitas Indonesia""]",Metabolisme,Universitas Indonesia,2023,en,OCW_UI,14,592258,READY_FOR_INDEXING,data\raw\material\Fakultas_Matematika___Ilmu_Pengetahuan_Alam\7_3_Biosintesis_Triasil_Gliser.pdf,eb8d7dacb98b37cb0209c855d091bc4a8a18d8219a6dafb8e998545a59dd7521
MAT-000532,MATERIAL,7.2.Beta OxidationFile,"[""Fakultas Matematika & Ilmu Pengetahuan Alam, Universitas Indonesia""]",Metabolisme,Universitas Indonesia,2023,en,OCW_UI,10,721877,READY_FOR_INDEXING,data\raw\material\Fakultas_Matematika___Ilmu_Pengetahuan_Alam\7_2_Beta_OxidationFile.pdf,f154efbb04a419fddb3bbd3792f1dabc653697ec8683161bb4f4143da09e94d1
MAT-000533,MATERIAL,7.4.Triacyl-GlicerolFile,"[""Fakultas Matematika & Ilmu Pengetahuan Alam, Universitas Indonesia""]",Metabolisme,Universitas Indonesia,2023,en,OCW_UI,12,1495804,READY_FOR_INDEXING,data\raw\material\Fakultas_Matematika___Ilmu_Pengetahuan_Alam\7_4_Triacyl-GlicerolFile.pdf,448a0cb3062e00d2ba609e01e577f4a801e3beae26323ffb72683f9f36fbdda2
MAT-000534,MATERIAL,9.2.Biosynthesis of non essensial amino acidFile,"[""Fakultas Matematika & Ilmu Pengetahuan Alam, Universitas Indonesia""]",Metabolisme,Universitas Indonesia,2023,en,OCW_UI,16,295984,READY_FOR_INDEXING,data\raw\material\Fakultas_Matematika___Ilmu_Pengetahuan_Alam\9_2_Biosynthesis_of_non_essens.pdf,19a22dde2446482286e8de915696df2048b1310811281595b27e3c22b92f7c41
MAT-000535,MATERIAL,9.1amino-acid-metabolismFile,"[""Fakultas Matematika & Ilmu Pengetahuan Alam, Universitas Indonesia""]",Metabolisme,Universitas Indonesia,2023,en,OCW_UI,36,616077,READY_FOR_INDEXING,data\raw\material\Fakultas_Matematika___Ilmu_Pengetahuan_Alam\9_1amino-acid-metabolismFile.pdf,42d24749e0ae49a9ac07609b90ed1cb692f3ce60bb24556fc6ea6b69b3d97426
MAT-000536,MATERIAL,9.5.Transformation aspartat aspargineFile,"[""Fakultas Matematika & Ilmu Pengetahuan Alam, Universitas Indonesia""]",Metabolisme,Universitas Indonesia,2023,en,OCW_UI,18,400682,READY_FOR_INDEXING,data\raw\material\Fakultas_Matematika___Ilmu_Pengetahuan_Alam\9_5_Transformation_aspartat_as.pdf,7f2a70a66632735c80c7218b608f6164bcb5987a6b697436b07bc606b8595a59
MAT-000537,MATERIAL,9.4.Transamination and urea cycleFile,"[""Fakultas Matematika & Ilmu Pengetahuan Alam, Universitas Indonesia""]",Metabolisme,Universitas Indonesia,2023,en,OCW_UI,25,440346,READY_FOR_INDEXING,data\raw\material\Fakultas_Matematika___Ilmu_Pengetahuan_Alam\9_4_Transamination_and_urea_cy.pdf,3a0f39ee95593b95dae178d03e12f04b119a62dba140234867d2a29fce38b067
MAT-000538,MATERIAL,9.3.Phenyl keton UreaFile,"[""Fakultas Matematika & Ilmu Pengetahuan Alam, Universitas Indonesia""]",Metabolisme,Universitas Indonesia,2023,en,OCW_UI,17,413986,READY_FOR_INDEXING,data\raw\material\Fakultas_Matematika___Ilmu_Pengetahuan_Alam\9_3_Phenyl_keton_UreaFile.pdf,124e45e4b6195db632e9dab53e0bfd07e36be562289bdc19e706e5e2bec86199
MAT-000539,MATERIAL,10.2. Nucleotide metabolismFile,"[""Fakultas Matematika & Ilmu Pengetahuan Alam, Universitas Indonesia""]",Metabolisme,Universitas Indonesia,2023,en,OCW_UI,22,770082,READY_FOR_INDEXING,data\raw\material\Fakultas_Matematika___Ilmu_Pengetahuan_Alam\10_2__Nucleotide_metabolismFil.pdf,2bf60ef7aef5b973e6cd34c8c46ad10a7cf1c9afcdbfdd8a2ffaced6d772af53
MAT-000540,MATERIAL,10.1.Intro to DNA RNAFile,"[""Fakultas Matematika & Ilmu Pengetahuan Alam, Universitas Indonesia""]",Metabolisme,Universitas Indonesia,2023,en,OCW_UI,24,896619,READY_FOR_INDEXING,data\raw\material\Fakultas_Matematika___Ilmu_Pengetahuan_Alam\10_1_Intro_to_DNA_RNAFile.pdf,3ce560f0632b76bcaa1859115c5bde37cbaea8cc900894e6d3ee72780fdec5a8
MAT-000541,MATERIAL,11.Metabolism inter-relation in starvationFile,"[""Fakultas Matematika & Ilmu Pengetahuan Alam, Universitas Indonesia""]",Metabolisme,Universitas Indonesia,2023,en,OCW_UI,13,1798177,READY_FOR_INDEXING,data\raw\material\Fakultas_Matematika___Ilmu_Pengetahuan_Alam\11_Metabolism_inter-relation_i.pdf,6f1f6b1fe5dbd15cc0f2070a41a4dd4dff72b95ef499894999d6b30324cd9356
MAT-000542,MATERIAL,12.3.ObesityFile,"[""Fakultas Matematika & Ilmu Pengetahuan Alam, Universitas Indonesia""]",Metabolisme,Universitas Indonesia,2023,en,OCW_UI,18,154407,READY_FOR_INDEXING,data\raw\material\Fakultas_Matematika___Ilmu_Pengetahuan_Alam\12_3_ObesityFile.pdf,ff08e48c8fb29ddbca8573a1a5a65daf6d91b5050968f7b77ecbfb8daa3ebab4
MAT-000543,MATERIAL,12.1 abnormality in metabolismFile,"[""Fakultas Matematika & Ilmu Pengetahuan Alam, Universitas Indonesia""]",Metabolisme,Universitas Indonesia,2023,en,OCW_UI,16,284366,READY_FOR_INDEXING,data\raw\material\Fakultas_Matematika___Ilmu_Pengetahuan_Alam\12_1_abnormality_in_metabolism.pdf,0b07b61abf77f0e26166741e741c68484f5b18ebf27f53484f993706f309a3d6
MAT-000544,MATERIAL,12.2.Diabetes MelitusFile,"[""Fakultas Matematika & Ilmu Pengetahuan Alam, Universitas Indonesia""]",Metabolisme,Universitas Indonesia,2023,en,OCW_UI,18,1506873,READY_FOR_INDEXING,data\raw\material\Fakultas_Matematika___Ilmu_Pengetahuan_Alam\12_2_Diabetes_MelitusFile.pdf,f7d9c9790e2cdcf77132c0af3f8348500d77beb974f1371844dd6e6d58c7c179
MAT-000545,MATERIAL,14.intro-metabolic-analysis-pathwayFile,"[""Fakultas Matematika & Ilmu Pengetahuan Alam, Universitas Indonesia""]",Metabolisme,Universitas Indonesia,2023,en,OCW_UI,24,825013,READY_FOR_INDEXING,data\raw\material\Fakultas_Matematika___Ilmu_Pengetahuan_Alam\14_intro-metabolic-analysis-pa.pdf,71d5f4279b4ba2c1ed1a2986a547a5e634dd468151444894b569f8011d281b31
MAT-000546,MATERIAL,BROADBENT_pdf.pdf,"[""Fakultas Teknik, Universitas Indonesia""]",Research Methods,Universitas Indonesia,2023,en,OCW_UI,14,1536726,READY_FOR_INDEXING,data\raw\material\Fakultas_Teknik\BROADBENT_pdf_pdf.pdf,f52132178cdfdd56056a86bbc667e617af5e42c6ceeb1e3ceeb85380c35dcb08
MAT-000547,MATERIAL,Origins - An Etymological Dictionary of Modern English.pdf,"[""Fakultas Teknik, Universitas Indonesia""]",Research Methods,Universitas Indonesia,2023,en,OCW_UI,4246,15960935,READY_FOR_INDEXING,data\raw\material\Fakultas_Teknik\Origins_-_An_Etymological_Dict.pdf,60cecfc4fa954be04dbe13654b6c7abe8fb8f5a988ac678816afaac308a6eeee
MAT-000548,MATERIAL,BARNES  DUNCAN_WRITING WORLDS.pdf,"[""Fakultas Teknik, Universitas Indonesia""]",Research Methods,Universitas Indonesia,2023,en,OCW_UI,9,11151673,READY_FOR_INDEXING,data\raw\material\Fakultas_Teknik\BARNES__DUNCAN_WRITING_WORLDS.pdf,dc75ea1e50261b3afd07d729b7efcf94f4f15ef088c6c7e1258c1c5e71a1e885
MAT-000549,MATERIAL,"HOWARD S BECKER_Writing for Social Scientists How to Start and Finish Your Thesis, Book, or Article.pdf","[""Fakultas Teknik, Universitas Indonesia""]",Research Methods,Universitas Indonesia,2023,en,OCW_UI,212,5455052,READY_FOR_INDEXING,data\raw\material\Fakultas_Teknik\HOWARD_S_BECKER_Writing_for_So.pdf,a72545f9f8ac8c2126bcd50257c5d90b2a0e04f6de7ccc3df655963c288fc1e3
MAT-000550,MATERIAL,"Beveridge, W. I.B -The Art of Scientific Investigation-W. W. Norton  Company (1957)_esp CH 4.pdf","[""Fakultas Teknik, Universitas Indonesia""]",Research Methods,Universitas Indonesia,2023,en,OCW_UI,206,12488516,READY_FOR_INDEXING,data\raw\material\Fakultas_Teknik\Beveridge__W__I_B_-The_Art_of.pdf,d8147a6ade7db5f44449fd76f15fe4826b0c3b90550eeb58867ef724cf28ca19
MAT-000551,MATERIAL,Le Corbusier and the Problems of Representation.pdf,"[""Fakultas Teknik, Universitas Indonesia""]",Research Methods,Universitas Indonesia,2023,en,OCW_UI,13,2634665,READY_FOR_INDEXING,data\raw\material\Fakultas_Teknik\Le_Corbusier_and_the_Problems.pdf,e98096c763fcd835e92cc71575a3021d510cc3d402350d620349edf25cb37286
MAT-000552,MATERIAL,McCracken_et_al-1991-Ethology (Batmom - -).pdf,"[""Fakultas Teknik, Universitas Indonesia""]",Research Methods,Universitas Indonesia,2023,en,OCW_UI,17,1437486,READY_FOR_INDEXING,data\raw\material\Fakultas_Teknik\McCracken_et_al-1991-Ethology.pdf,abfe46d3a6032501d3f1718c301eed45579ea4a0c56d89608edabdfcce1864f4
MAT-000553,MATERIAL,O Seppanen and WJ Fisk_the associations of ventilation systems in office bldg with bldg syndrome symptoms.pdf,"[""Fakultas Teknik, Universitas Indonesia""]",Research Methods,Universitas Indonesia,2023,en,OCW_UI,7,199062,READY_FOR_INDEXING,data\raw\material\Fakultas_Teknik\O_Seppanen_and_WJ_Fisk_the_ass.pdf,38e639152bfef194402b1cdeddfbda2d7ff64e86fd09dab95b54b7f14895d3ce
MAT-000554,MATERIAL,Becker_86_Terrorized by the literature.pdf,"[""Fakultas Teknik, Universitas Indonesia""]",Research Methods,Universitas Indonesia,2023,en,OCW_UI,8,831194,READY_FOR_INDEXING,data\raw\material\Fakultas_Teknik\Becker_86_Terrorized_by_the_li.pdf,9d8b1134032fe3d641e0b6b7459ff2b20b3a9098e8ef1a10ce50df4e2b968125
MAT-000555,MATERIAL,Bruce L. Berg-Qualitative Research Methods for the Social Sciences (4th Edition) (2000).pdf,"[""Fakultas Teknik, Universitas Indonesia""]",Research Methods,Universitas Indonesia,2023,en,OCW_UI,162,1720248,READY_FOR_INDEXING,data\raw\material\Fakultas_Teknik\Bruce_L__Berg-Qualitative_Rese.pdf,10b012ae90af236615e7ea29c6127129e4ca701556dc8559353b525083ae4853
MAT-000556,MATERIAL,Changing context for environmental knowledge_Raymond J Cole.pdf,"[""Fakultas Teknik, Universitas Indonesia""]",Research Methods,Universitas Indonesia,2023,en,OCW_UI,20,573267,READY_FOR_INDEXING,data\raw\material\Fakultas_Teknik\Changing_context_for_environme.pdf,8821e0d999c8ce6a31f747670640f40996977d59f605fc6b0cf7a1fab1320898
MAT-000557,MATERIAL,Denise Hall_Community in the New Urbanism- Design Vision and Symbolic Crusade.pdf,"[""Fakultas Teknik, Universitas Indonesia""]",Research Methods,Universitas Indonesia,2023,en,OCW_UI,15,2625798,READY_FOR_INDEXING,data\raw\material\Fakultas_Teknik\Denise_Hall_Community_in_the_N.pdf,ba2318ae0b97a26640219f712a463cbdd21e97a38f9da6e5ef62995981439372
MAT-000558,MATERIAL,G Spence_Bab 8  12.pdf,"[""Fakultas Teknik, Universitas Indonesia""]",Research Methods,Universitas Indonesia,2023,en,OCW_UI,25,23193337,READY_FOR_INDEXING,data\raw\material\Fakultas_Teknik\G_Spence_Bab_8__12_pdf.pdf,39790e83c3800cea2f82b168cc3006d6daf8417b440826698f7cecf6833b4aa2
MAT-000559,MATERIAL,James Marston Fitch_The Impact of Technology.pdf,"[""Fakultas Teknik, Universitas Indonesia""]",Research Methods,Universitas Indonesia,2023,en,OCW_UI,11,412315,READY_FOR_INDEXING,data\raw\material\Fakultas_Teknik\James_Marston_Fitch_The_Impact.pdf,a66cf90a727c58a542765c337c1c00ed47f9d6f1a26fcca462e0cbe8b8a48251
MAT-000560,MATERIAL,Peter Hall_San Fransisco BARTs System.pdf,"[""Fakultas Teknik, Universitas Indonesia""]",Research Methods,Universitas Indonesia,2023,en,OCW_UI,15,15200327,READY_FOR_INDEXING,data\raw\material\Fakultas_Teknik\Peter_Hall_San_Fransisco_BARTs.pdf,ec483e55a61767fe12bed965deabd24dd08184e2a99b583de5b547920c38fef6
MAT-000561,MATERIAL,ARGUMENTATIVE FALLACIES.pdf,"[""Fakultas Teknik, Universitas Indonesia""]",Research Methods,Universitas Indonesia,2023,en,OCW_UI,2,1136796,READY_FOR_INDEXING,data\raw\material\Fakultas_Teknik\ARGUMENTATIVE_FALLACIES_pdf.pdf,3c6914f96e30c588acc964b44f5dd16986b537e80848afc796d8a81f22adfa82
MAT-000562,MATERIAL,"David Hackett Fischer-Historians Fallacies _ Toward a Logic of Historical Thought-Harper  Row, Publishers (1970).pdf","[""Fakultas Teknik, Universitas Indonesia""]",Research Methods,Universitas Indonesia,2023,ca,OCW_UI,362,13377856,READY_FOR_INDEXING,data\raw\material\Fakultas_Teknik\David_Hackett_Fischer-Historia.pdf,eea3ff208c4fefee995aa89edeba3971d4ab3e0f9ed41e0942c9b35442ade511
MAT-000563,MATERIAL,"Michael Polanyi - Knowing and Being_ Essays by Michael Polanyi (1959–1968) (1969, University of Chicago Press).pdf","[""Fakultas Teknik, Universitas Indonesia""]",Research Methods,Universitas Indonesia,2023,en,OCW_UI,254,13405923,READY_FOR_INDEXING,data\raw\material\Fakultas_Teknik\Michael_Polanyi_-_Knowing_and.pdf,67aafff5eb439deebec132954f46d3cddc52a579410c1d9b7746e1539f5de8c3
MAT-000564,MATERIAL,Robert Mayer and Ernest Green_The Design of Social Policy Research.PDF,"[""Fakultas Teknik, Universitas Indonesia""]",Research Methods,Universitas Indonesia,2023,en,OCW_UI,8,8927051,READY_FOR_INDEXING,data\raw\material\Fakultas_Teknik\Robert_Mayer_and_Ernest_Green.pdf,7c478605beb92e55976356b7cc01d76e8769dbad3ed72e605502b9a09f2bb1db
MAT-000565,MATERIAL,37-65_EDWARD TUFTE__Envisioning_Information.pdf,"[""Fakultas Teknik, Universitas Indonesia""]",Research Methods,Universitas Indonesia,2023,en,OCW_UI,29,9461844,READY_FOR_INDEXING,data\raw\material\Fakultas_Teknik\37-65_EDWARD_TUFTE__Envisionin.pdf,fef0e03d78f06baf8dfcc2d5421f61dd0936ba9a3c473ff5ea601ca5de26dcd8
MAT-000566,MATERIAL,"231-265_Greg Myers_Every Picture Tells a Story_in Michael E. Lynch, Steve Woolier (eds.)-Representation in Scientific Practice-The MIT Press (1990).pdf","[""Fakultas Teknik, Universitas Indonesia""]",Research Methods,Universitas Indonesia,2023,en,OCW_UI,32,14223734,READY_FOR_INDEXING,data\raw\material\Fakultas_Teknik\231-265_Greg_Myers_Every_Pictu.pdf,08477b8c55c1a46b3d2a6a087148a09b570c26184dd1254fc9056782ebceea79
MAT-000567,MATERIAL,JEAN PAUL BOURDIER_Reading Tradition.pdf,"[""Fakultas Teknik, Universitas Indonesia""]",Research Methods,Universitas Indonesia,2023,en,OCW_UI,10,10931165,READY_FOR_INDEXING,data\raw\material\Fakultas_Teknik\JEAN_PAUL_BOURDIER_Reading_Tra.pdf,e19ddb3be1d277b29d9680d7e10292c3530388ef7fd98ed7294cfcb241ef043c
MAT-000568,MATERIAL,Lisa Pattie_PLANNING_Rethinking Ciudad Guayana.pdf,"[""Fakultas Teknik, Universitas Indonesia""]",Research Methods,Universitas Indonesia,2023,en,OCW_UI,21,19254925,READY_FOR_INDEXING,data\raw\material\Fakultas_Teknik\Lisa_Pattie_PLANNING_Rethinkin.pdf,f5c90151f7184e11d4d17f079efd596bf662404d488892aeec25880bcea131a7
MAT-000569,MATERIAL,"CH 3_Linda N. Groat , David Wang-Architectural Research Methods (2013).pdf","[""Fakultas Teknik, Universitas Indonesia""]",Research Methods,Universitas Indonesia,2023,en,OCW_UI,36,2959671,READY_FOR_INDEXING,data\raw\material\Fakultas_Teknik\CH_3_Linda_N__Groat___David_Wa.pdf,37186ef34ceb92b4571beb0306d4e8e2ee54f380b56ec9897d6e700cf78d07cc
MAT-000570,MATERIAL,JOHN ZEISEL_CH 2.pdf,"[""Fakultas Teknik, Universitas Indonesia""]",Research Methods,Universitas Indonesia,2023,en,OCW_UI,6,6955835,READY_FOR_INDEXING,data\raw\material\Fakultas_Teknik\JOHN_ZEISEL_CH_2_pdf.pdf,c02ea9e8dbf0148a0ccd0b8c035ed4e961a195398d9c40d89a861b3984f376c4
MAT-000571,MATERIAL,GWYN PRINS_ON CONDIS  COOLTH.pdf,"[""Fakultas Teknik, Universitas Indonesia""]",Research Methods,Universitas Indonesia,2023,en,OCW_UI,16,18398369,READY_FOR_INDEXING,data\raw\material\Fakultas_Teknik\GWYN_PRINS_ON_CONDIS__COOLTH_p.pdf,c0d4986ec7022f2b396fdaea234cfc329cd862d5828129067989f800f316b380
MAT-000572,MATERIAL,KARL POPPER__The_Logic_of_Scientific_Discovery__Routledge_Classics_.pdf,"[""Fakultas Teknik, Universitas Indonesia""]",Research Methods,Universitas Indonesia,2023,en,OCW_UI,545,3587062,READY_FOR_INDEXING,data\raw\material\Fakultas_Teknik\KARL_POPPER__The_Logic_of_Scie.pdf,ff4a47d99b6c523cc6ab3cba7232feef9162036c679ccfc11b32fd158aa33827
MAT-000573,MATERIAL,NEZAR ALSAYYAD_ARAB MUSLIM CITIES.pdf,"[""Fakultas Teknik, Universitas Indonesia""]",Research Methods,Universitas Indonesia,2023,en,OCW_UI,5,5827800,READY_FOR_INDEXING,data\raw\material\Fakultas_Teknik\NEZAR_ALSAYYAD_ARAB_MUSLIM_CIT.pdf,a28fbf9839bd22c7c8661b51866d918814ac33a684d98caede52257c56503509
MAT-000574,MATERIAL,JOHN ZEISEL CH 9  CH 10.pdf,"[""Fakultas Teknik, Universitas Indonesia""]",Research Methods,Universitas Indonesia,2023,en,OCW_UI,21,19605548,READY_FOR_INDEXING,data\raw\material\Fakultas_Teknik\JOHN_ZEISEL_CH_9__CH_10_pdf.pdf,01c26ab3cacd351ca9f8bdb13aea79a04eee61ff0ddd560f4eeba5959b12ca1c
MAT-000575,MATERIAL,LEARN FROM THE FIELD_WHYTE.pdf,"[""Fakultas Teknik, Universitas Indonesia""]",Research Methods,Universitas Indonesia,2023,en,OCW_UI,23,24793048,READY_FOR_INDEXING,data\raw\material\Fakultas_Teknik\LEARN_FROM_THE_FIELD_WHYTE_pdf.pdf,1cfaf133b4f42a9fd0ce366faa2978103d0f14ad6fe1279f162e08672d7e9230
MAT-000576,MATERIAL,SIDNEY SIEGEL_CH 3.pdf,"[""Fakultas Teknik, Universitas Indonesia""]",Research Methods,Universitas Indonesia,2023,en,OCW_UI,9,11740898,READY_FOR_INDEXING,data\raw\material\Fakultas_Teknik\SIDNEY_SIEGEL_CH_3_pdf.pdf,825f1ec7ee09283ef1752e81949379b3e5c5620a08550ae78302d2ba67d59a31
MAT-000577,MATERIAL,The Dimensional Inconsistencies of the Plan of Saint Gall and the Problem of the Scale of the Plan.pdf,"[""Fakultas Teknik, Universitas Indonesia""]",Research Methods,Universitas Indonesia,2023,en,OCW_UI,37,12091372,READY_FOR_INDEXING,data\raw\material\Fakultas_Teknik\The_Dimensional_Inconsistencie.pdf,14b80beae2e1103a6594f7e4d418c696c5a3637dac5a35426086a65e539cce88
MAT-000578,MATERIAL,"Wolfgang F E Preiser, Jacqueline C Vischer-Assessing Building Performance-Butterworth-Heinemann (2004).pdf","[""Fakultas Teknik, Universitas Indonesia""]",Research Methods,Universitas Indonesia,2023,en,OCW_UI,267,6150374,READY_FOR_INDEXING,data\raw\material\Fakultas_Teknik\Wolfgang_F_E_Preiser__Jacqueli.pdf,26530a0ffd8b779daf97a9612ce1c8454c60ebc14bb0187f45d02eb15612ca8f
MAT-000579,MATERIAL,WHAT IS EVIDENCE_HISTORIAN AS DETECTIVE.pdf,"[""Fakultas Teknik, Universitas Indonesia""]",Research Methods,Universitas Indonesia,2023,en,OCW_UI,11,12342292,READY_FOR_INDEXING,data\raw\material\Fakultas_Teknik\WHAT_IS_EVIDENCE_HISTORIAN_AS.pdf,a437190cf7928e0160846e489847e562a292a57d7cdcda18570bbc087b1f7a79
MAT-000580,MATERIAL,Brochert_Analysis of Historical Photographs_ A Method and a Case Study.pdf,"[""Fakultas Teknik, Universitas Indonesia""]",Research Methods,Universitas Indonesia,2023,en,OCW_UI,36,21208854,READY_FOR_INDEXING,data\raw\material\Fakultas_Teknik\Brochert_Analysis_of_Historica.pdf,39eb0f3cd5ce918a16ba91ca0d36c507faa332b063cd96b42b4b0fea94676650
MAT-000581,MATERIAL,Bruce L Berg_qualitative-research-methods-for-the-social-sciences_2001.pdf,"[""Fakultas Teknik, Universitas Indonesia""]",Research Methods,Universitas Indonesia,2023,en,OCW_UI,321,11832430,READY_FOR_INDEXING,data\raw\material\Fakultas_Teknik\Bruce_L_Berg_qualitative-resea.pdf,f88413355c4fa808e9e411fe5d613d5016a9140e0054cf76939644272e8e05e9
MAT-000582,MATERIAL,Charmaz_2006_constructing grounded theory.pdf,"[""Fakultas Teknik, Universitas Indonesia""]",Research Methods,Universitas Indonesia,2023,en,OCW_UI,224,11299554,READY_FOR_INDEXING,data\raw\material\Fakultas_Teknik\Charmaz_2006_constructing_grou.pdf,b746fd95e19e181d55800238f8bc9049bf0de549adec55b6f9a54a5209f219c0
MAT-000583,MATERIAL,Constructivist Grounded Theory?.pdf,"[""Fakultas Teknik, Universitas Indonesia""]",Research Methods,Universitas Indonesia,2023,en,OCW_UI,14,1155755,READY_FOR_INDEXING,data\raw\material\Fakultas_Teknik\Constructivist_Grounded_Theory.pdf,17ad23294d18e0d9a93a95ab52c79c6e5472a4ed27860e02c5a13d940fbfe7a3
MAT-000584,MATERIAL,Glaser  Anslem L Strauss__The_discovery_of_grounded_theory__strategies_for_qualitative_research.pdf,"[""Fakultas Teknik, Universitas Indonesia""]",Research Methods,Universitas Indonesia,2023,en,OCW_UI,282,15529050,READY_FOR_INDEXING,data\raw\material\Fakultas_Teknik\Glaser__Anslem_L_Strauss__The.pdf,6f5baaa97268a75a3cbb5e15fc186784186e0a256451309a0ea01ff29dc27c67
MAT-000585,MATERIAL,Adam Przeworski and Frank Salomon_On the art of writing proposals.pdf,"[""Fakultas Teknik, Universitas Indonesia""]",Research Methods,Universitas Indonesia,2023,en,OCW_UI,9,1263458,READY_FOR_INDEXING,data\raw\material\Fakultas_Teknik\Adam_Przeworski_and_Frank_Salo.pdf,2367ca9d794b85f66fb50f1faccd865d73e8187ad00fe56e3eeabe84e5b11449
MAT-000586,MATERIAL,AMSTRONG_WANTS OF DISSERTATION.pdf,"[""Fakultas Teknik, Universitas Indonesia""]",Research Methods,Universitas Indonesia,2023,en,OCW_UI,11,7787003,READY_FOR_INDEXING,data\raw\material\Fakultas_Teknik\AMSTRONG_WANTS_OF_DISSERTATION.pdf,4525773143d74ffc96a072801cf08942587c7b45c3647cb3a09c8634a401c39c
MAT-000587,MATERIAL,"Howard S. Becker-Writing for Social Scientists_ How to Start and Finish Your Thesis, Book, or Article_ Second Edition-University Of Chicago Press (2007).pdf","[""Fakultas Teknik, Universitas Indonesia""]",Research Methods,Universitas Indonesia,2023,en,OCW_UI,212,5278874,READY_FOR_INDEXING,data\raw\material\Fakultas_Teknik\Howard_S__Becker-Writing_for_S.pdf,25f0e8589ea45583b1cb00a1e37d49aea25c9f459e02d720e566821b19eb0673
MAT-000588,MATERIAL,Kisi-Kisi Kompetensi A Sub 1.3File,"[""Fakultas Teknik, Universitas Indonesia""]",KEWIRAUSAHAAN Teknik Sipil,Universitas Indonesia,2023,id,OCW_UI,3,531447,READY_FOR_INDEXING,data\raw\material\Fakultas_Teknik\Kisi-Kisi_Kompetensi_A_Sub_1_3.pdf,8695ec1596472e22d5ced4e959b5ddae1c68684d50e625d75c7d35888534ad15
MAT-000589,MATERIAL,Kisi-kisi Kompetensi A Sub 1.4File,"[""Fakultas Teknik, Universitas Indonesia""]",KEWIRAUSAHAAN Teknik Sipil,Universitas Indonesia,2023,id,OCW_UI,5,110165,READY_FOR_INDEXING,data\raw\material\Fakultas_Teknik\Kisi-kisi_Kompetensi_A_Sub_1_4.pdf,e4ecf26d11bce53a368ce8e4ac804249eb3e3a802ceaf69a6091a80c9cd74e2e
MAT-000590,MATERIAL,EntrepreneurshipFile,"[""Fakultas Teknik, Universitas Indonesia""]",KEWIRAUSAHAAN Teknik Sipil,Universitas Indonesia,2023,id,OCW_UI,8,298378,READY_FOR_INDEXING,data\raw\material\Fakultas_Teknik\EntrepreneurshipFile.pdf,49fd9404988f35b988e015c9adc517ecaee15f798391b42bca76b364bd27eaa6
MAT-000591,MATERIAL,Kebijakan dan Regulasi,"[""Fakultas Teknik, Universitas Indonesia""]",KEWIRAUSAHAAN Teknik Sipil,Universitas Indonesia,2023,id,OCW_UI,30,3657992,READY_FOR_INDEXING,data\raw\material\Fakultas_Teknik\Kebijakan_dan_Regulasi.pptx,79f04721355cc6244b0c1bd060be542c39c2ca93a9482a1a5c6f2fa377359aa4
MAT-000592,MATERIAL,Bisnis dan Investasi di Bidang Teknik SipilFile,"[""Fakultas Teknik, Universitas Indonesia""]",KEWIRAUSAHAAN Teknik Sipil,Universitas Indonesia,2023,id,OCW_UI,45,5376511,READY_FOR_INDEXING,data\raw\material\Fakultas_Teknik\Bisnis_dan_Investasi_di_Bidang.pptx,8783bd8ab2c76c946f614c82365d30f670521041c963873552eefb55ed78c12d
MAT-000593,MATERIAL,Manajemen KewirausahaanFile,"[""Fakultas Teknik, Universitas Indonesia""]",KEWIRAUSAHAAN Teknik Sipil,Universitas Indonesia,2023,id,OCW_UI,17,360617,READY_FOR_INDEXING,data\raw\material\Fakultas_Teknik\Manajemen_KewirausahaanFile.pdf,8e2c387eb78105a33eeb2e5065f8512333e245bdc4bd06b5cb343e5a9dd42171
MAT-000594,MATERIAL,Etika BisnisFile,"[""Fakultas Teknik, Universitas Indonesia""]",KEWIRAUSAHAAN Teknik Sipil,Universitas Indonesia,2023,id,OCW_UI,5,181170,READY_FOR_INDEXING,data\raw\material\Fakultas_Teknik\Etika_BisnisFile.pdf,9b522e229bf1ab45dc4952722f98a3b415ce86ae50110c8682b2d1d6c7db17cc
MAT-000595,MATERIAL,Bekal Penjualan - Pendukung Analisis BisnisFile,"[""Fakultas Teknik, Universitas Indonesia""]",KEWIRAUSAHAAN Teknik Sipil,Universitas Indonesia,2023,id,OCW_UI,4,71670,READY_FOR_INDEXING,data\raw\material\Fakultas_Teknik\Bekal_Penjualan_-_Pendukung_An.pptx,bf35274226c48e2d8bbc7718b8f5b09c9b476b186d0f76046a645217feb35be0
MAT-000596,MATERIAL,Pengenalan MOOC - MMFile,"[""Fakultas Ekonomi dan Bisnis, Universitas Indonesia""]",Manajemen Stratejik,Universitas Indonesia,2023,id,OCW_UI,8,306967,READY_FOR_INDEXING,data\raw\material\Fakultas_Ekonomi_dan_Bisnis\Pengenalan_MOOC_-_MMFile.pdf,82f5e91d4bf932d9799518e5bcca0cc3fa700c5705dedf9795bf96aa3da922f0
MAT-000597,MATERIAL,Sustainable Competitive Advantage MOOC - MMFile,"[""Fakultas Ekonomi dan Bisnis, Universitas Indonesia""]",Manajemen Stratejik,Universitas Indonesia,2023,en,OCW_UI,25,1257891,READY_FOR_INDEXING,data\raw\material\Fakultas_Ekonomi_dan_Bisnis\Sustainable_Competitive_Advant.pdf,84627aaf1f30ad411957cd31cc808b9a1360af79a7de25c9bdac839c67b1fc88
MAT-000598,MATERIAL,Porters Five Forces MOOC - MMFile,"[""Fakultas Ekonomi dan Bisnis, Universitas Indonesia""]",Manajemen Stratejik,Universitas Indonesia,2023,id,OCW_UI,12,4377486,READY_FOR_INDEXING,data\raw\material\Fakultas_Ekonomi_dan_Bisnis\Porters_Five_Forces_MOOC_-_MMF.pdf,36ebcda88165522dfe56c80e85fccef36098221fa1df4b10c83677c444ba5c11
MAT-000599,MATERIAL,Value Chain Analysis MOOC - MMFile,"[""Fakultas Ekonomi dan Bisnis, Universitas Indonesia""]",Manajemen Stratejik,Universitas Indonesia,2023,id,OCW_UI,20,777065,READY_FOR_INDEXING,data\raw\material\Fakultas_Ekonomi_dan_Bisnis\Value_Chain_Analysis_MOOC_-_MM.pdf,6f647e782afb099e7362cbf964aae9fac78056575de13499b41c3f5108e50bc4
MAT-000600,MATERIAL,Low Cost Strategy MOOC - MMFile,"[""Fakultas Ekonomi dan Bisnis, Universitas Indonesia""]",Manajemen Stratejik,Universitas Indonesia,2023,id,OCW_UI,11,333899,READY_FOR_INDEXING,data\raw\material\Fakultas_Ekonomi_dan_Bisnis\Low_Cost_Strategy_MOOC_-_MMFil.pdf,d9a82abae802f2bf3e2c0be7f15ab1af39f3b8edcbdd59edadbd2200a13ad3d2
MAT-000601,MATERIAL,Differentiation Strategy MOOC - MMFile,"[""Fakultas Ekonomi dan Bisnis, Universitas Indonesia""]",Manajemen Stratejik,Universitas Indonesia,2023,id,OCW_UI,6,303727,READY_FOR_INDEXING,data\raw\material\Fakultas_Ekonomi_dan_Bisnis\Differentiation_Strategy_MOOC.pdf,fdc4215d55fcb9608462369963e829d8056cdf691ff2c73b6811d66fe0a6db53
MAT-000602,MATERIAL,Horizontal Merger and Acquisition Strategy MOOC - MMFile,"[""Fakultas Ekonomi dan Bisnis, Universitas Indonesia""]",Manajemen Stratejik,Universitas Indonesia,2023,id,OCW_UI,18,421856,READY_FOR_INDEXING,data\raw\material\Fakultas_Ekonomi_dan_Bisnis\Horizontal_Merger_and_Acquisit.pdf,7e1a676e9a28f4aca4ac30211fbaba0bed1ff17ab4a43db7f11aed918dd6987c
MAT-000603,MATERIAL,Vertical Integration Strategies MOOC - MMFile,"[""Fakultas Ekonomi dan Bisnis, Universitas Indonesia""]",Manajemen Stratejik,Universitas Indonesia,2023,id,OCW_UI,23,585328,READY_FOR_INDEXING,data\raw\material\Fakultas_Ekonomi_dan_Bisnis\Vertical_Integration_Strategie.pdf,5e4882b4d113d087304ce3214c018b83a2278c5a497551da8747fd04d514ccf4
MAT-000604,MATERIAL,Business Model Concept MOOC - MMFile,"[""Fakultas Ekonomi dan Bisnis, Universitas Indonesia""]",Manajemen Stratejik,Universitas Indonesia,2023,id,OCW_UI,12,359817,READY_FOR_INDEXING,data\raw\material\Fakultas_Ekonomi_dan_Bisnis\Business_Model_Concept_MOOC_-.pdf,219edcec29f9e86893e16eb280c3daa1fc26217dc4b23bb0d5db6630cce94999
MAT-000605,MATERIAL,The Diamond National Comp-Advantage MOOC - MMFile,"[""Fakultas Ekonomi dan Bisnis, Universitas Indonesia""]",Manajemen Stratejik,Universitas Indonesia,2023,id,OCW_UI,24,813887,READY_FOR_INDEXING,data\raw\material\Fakultas_Ekonomi_dan_Bisnis\The_Diamond_National_Comp-Adva.pdf,976c8d9b4efd43a574836a1a7b67b6408941d95feb44368e5c3001105ad4de96
MAT-000606,MATERIAL,Strategi Diversifikasi MOOC - MMFile,"[""Fakultas Ekonomi dan Bisnis, Universitas Indonesia""]",Manajemen Stratejik,Universitas Indonesia,2023,id,OCW_UI,9,480945,READY_FOR_INDEXING,data\raw\material\Fakultas_Ekonomi_dan_Bisnis\Strategi_Diversifikasi_MOOC_-.pdf,dd21e535896ff0a59d8f60f07248ad9e55b45029594954464e8c2ec0c1a618d9
MAT-000607,MATERIAL,Etika Bisnis MOOC - MMFile,"[""Fakultas Ekonomi dan Bisnis, Universitas Indonesia""]",Manajemen Stratejik,Universitas Indonesia,2023,id,OCW_UI,11,397286,READY_FOR_INDEXING,data\raw\material\Fakultas_Ekonomi_dan_Bisnis\Etika_Bisnis_MOOC_-_MMFile.pdf,c3a8f96da5b27ea3cdbe58918649ac81d9f736abca5061cdf0ac9baa6b23680b
MAT-000608,MATERIAL,Struktur Organisasi MOOC - MMFile,"[""Fakultas Ekonomi dan Bisnis, Universitas Indonesia""]",Manajemen Stratejik,Universitas Indonesia,2023,id,OCW_UI,14,336452,READY_FOR_INDEXING,data\raw\material\Fakultas_Ekonomi_dan_Bisnis\Struktur_Organisasi_MOOC_-_MMF.pdf,0c1497d48eede6670f426973cba7a2bc17ada8b5d744624546e271c9ba5aa6e6
MAT-000609,MATERIAL,Budaya Organisasi MOOC - MMFile,"[""Fakultas Ekonomi dan Bisnis, Universitas Indonesia""]",Manajemen Stratejik,Universitas Indonesia,2023,id,OCW_UI,15,415833,READY_FOR_INDEXING,data\raw\material\Fakultas_Ekonomi_dan_Bisnis\Budaya_Organisasi_MOOC_-_MMFil.pdf,23fc44d42b4c946cab36341b248bede17901b0e1f44e9af9c36c067f6c57d046
MAT-000610,MATERIAL,Disruptive Innovation MOOC - MMFile,"[""Fakultas Ekonomi dan Bisnis, Universitas Indonesia""]",Manajemen Stratejik,Universitas Indonesia,2023,id,OCW_UI,14,596494,READY_FOR_INDEXING,data\raw\material\Fakultas_Ekonomi_dan_Bisnis\Disruptive_Innovation_MOOC_-_M.pdf,42bac944aaa5fd188da1c5154b6246c60435620eb1b23e79cb58482aa2893b26
MAT-000611,MATERIAL,Silabus Perilaku KeorganisasianFile,"[""Fakultas Ekonomi dan Bisnis, Universitas Indonesia""]",Perilaku Keorganisasian,Universitas Indonesia,2023,id,OCW_UI,8,283212,READY_FOR_INDEXING,data\raw\material\Fakultas_Ekonomi_dan_Bisnis\Silabus_Perilaku_Keorganisasia.pdf,47424b7bc95e6604d85f458f90f7e414ff1fc1f6518e67fecc98c318a72d3eaa
MAT-000612,MATERIAL,PPT Chapter 1File,"[""Fakultas Ekonomi dan Bisnis, Universitas Indonesia""]",Perilaku Keorganisasian,Universitas Indonesia,2023,en,OCW_UI,41,1669277,READY_FOR_INDEXING,data\raw\material\Fakultas_Ekonomi_dan_Bisnis\PPT_Chapter_1File.pdf,a55d1b28cff5226031e760b463dd44bc929ff9035a2d229728e22a8c381c3544
MAT-000613,MATERIAL,Ppt ch 2File,"[""Fakultas Ekonomi dan Bisnis, Universitas Indonesia""]",Perilaku Keorganisasian,Universitas Indonesia,2023,id,OCW_UI,26,3001539,READY_FOR_INDEXING,data\raw\material\Fakultas_Ekonomi_dan_Bisnis\Ppt_ch_2File.pptx,f5389856ee2493790ca4842a5201678c9648cb7585d9663436db38fb1ddbfe2a
MAT-000614,MATERIAL,ppt ch 3File,"[""Fakultas Ekonomi dan Bisnis, Universitas Indonesia""]",Perilaku Keorganisasian,Universitas Indonesia,2023,id,OCW_UI,30,11198877,READY_FOR_INDEXING,data\raw\material\Fakultas_Ekonomi_dan_Bisnis\ppt_ch_3File.pdf,4726a521a6d71625a6e2888e6fe9510b7ccb602cdc1e3421b5363bb4c94dd81f
MAT-000615,MATERIAL,PPT CH 4File,"[""Fakultas Ekonomi dan Bisnis, Universitas Indonesia""]",Perilaku Keorganisasian,Universitas Indonesia,2023,id,OCW_UI,18,4227171,READY_FOR_INDEXING,data\raw\material\Fakultas_Ekonomi_dan_Bisnis\PPT_CH_4File.pdf,5d912bf0460a6cda743d28b6b763da84db6947707c9ad89a424188cc2e928379
MAT-000616,MATERIAL,QS CH 4File,"[""Fakultas Ekonomi dan Bisnis, Universitas Indonesia""]",Perilaku Keorganisasian,Universitas Indonesia,2023,en,OCW_UI,2,69753,READY_FOR_INDEXING,data\raw\material\Fakultas_Ekonomi_dan_Bisnis\QS_CH_4File.pdf,3d1a91dbe9b003a626d0699e68a5c52b2163de94ec2ffd0f219670c33231f46f
MAT-000617,MATERIAL,PPT CH 5File,"[""Fakultas Ekonomi dan Bisnis, Universitas Indonesia""]",Perilaku Keorganisasian,Universitas Indonesia,2023,id,OCW_UI,35,3690357,READY_FOR_INDEXING,data\raw\material\Fakultas_Ekonomi_dan_Bisnis\PPT_CH_5File.pdf,ce3e443e84c39bcc8d32adc72d99667cda22da9013439e19f6e7543061c0dfc1
MAT-000618,MATERIAL,QS CH 5File,"[""Fakultas Ekonomi dan Bisnis, Universitas Indonesia""]",Perilaku Keorganisasian,Universitas Indonesia,2023,en,OCW_UI,1,55235,READY_FOR_INDEXING,data\raw\material\Fakultas_Ekonomi_dan_Bisnis\QS_CH_5File.pdf,b66a6decae3ccebca878f63a3f860eb859cdf188cc3ff01f522b3f2a5c9fe717
MAT-000619,MATERIAL,PPT CH 6File,"[""Fakultas Ekonomi dan Bisnis, Universitas Indonesia""]",Perilaku Keorganisasian,Universitas Indonesia,2023,id,OCW_UI,30,911599,READY_FOR_INDEXING,data\raw\material\Fakultas_Ekonomi_dan_Bisnis\PPT_CH_6File.pdf,cf60e2c57811d56085fc5189a8e3ac31dc02f8348eb3582cca3bbd659101a2cc
MAT-000620,MATERIAL,QS CH 6File,"[""Fakultas Ekonomi dan Bisnis, Universitas Indonesia""]",Perilaku Keorganisasian,Universitas Indonesia,2023,id,OCW_UI,1,657081,READY_FOR_INDEXING,data\raw\material\Fakultas_Ekonomi_dan_Bisnis\QS_CH_6File.pdf,e35f2e4824b6f86b4816794181b3a26e8267d69ee80ba7948f2c609a8a3bf7c1
MAT-000621,MATERIAL,QS CH 7File,"[""Fakultas Ekonomi dan Bisnis, Universitas Indonesia""]",Perilaku Keorganisasian,Universitas Indonesia,2023,id,OCW_UI,1,89220,READY_FOR_INDEXING,data\raw\material\Fakultas_Ekonomi_dan_Bisnis\QS_CH_7File.pdf,cf47021bc37a2e53a10a4adc2d01ec7d5ae36c1bad278c0340bf350d0d39afdf
MAT-000622,MATERIAL,PPT CH 7File,"[""Fakultas Ekonomi dan Bisnis, Universitas Indonesia""]",Perilaku Keorganisasian,Universitas Indonesia,2023,id,OCW_UI,40,3812775,READY_FOR_INDEXING,data\raw\material\Fakultas_Ekonomi_dan_Bisnis\PPT_CH_7File.pdf,d08002401fe91f046b27f57309394e4466e99f018a4375f7253e8db85ad4eaae
MAT-000623,MATERIAL,PPT CH 8File,"[""Fakultas Ekonomi dan Bisnis, Universitas Indonesia""]",Perilaku Keorganisasian,Universitas Indonesia,2023,id,OCW_UI,36,1241290,READY_FOR_INDEXING,data\raw\material\Fakultas_Ekonomi_dan_Bisnis\PPT_CH_8File.pdf,a89426200509e0cc63898bde2ddc454eed6884d175575fb70fbe47e053660854
MAT-000624,MATERIAL,QS CH 8File,"[""Fakultas Ekonomi dan Bisnis, Universitas Indonesia""]",Perilaku Keorganisasian,Universitas Indonesia,2023,id,OCW_UI,1,31501,READY_FOR_INDEXING,data\raw\material\Fakultas_Ekonomi_dan_Bisnis\QS_CH_8File.pdf,5a9df996dfc450e072924851317ba85c208204cebb4f39b3641d806af5ae3d38
MAT-000625,MATERIAL,PPT CH 9File,"[""Fakultas Ekonomi dan Bisnis, Universitas Indonesia""]",Perilaku Keorganisasian,Universitas Indonesia,2023,id,OCW_UI,41,4029498,READY_FOR_INDEXING,data\raw\material\Fakultas_Ekonomi_dan_Bisnis\PPT_CH_9File.pdf,0913d2cfcefcc3ae24f7037403b344923ad94d9caf29ef267f23f2d4188fb052
MAT-000626,MATERIAL,QS CH 9File,"[""Fakultas Ekonomi dan Bisnis, Universitas Indonesia""]",Perilaku Keorganisasian,Universitas Indonesia,2023,id,OCW_UI,1,60713,READY_FOR_INDEXING,data\raw\material\Fakultas_Ekonomi_dan_Bisnis\QS_CH_9File.pdf,40a71806c9d01ca2a56137650cebc74339836ed4dbe80b46619c60b0dc7f4db9
MAT-000627,MATERIAL,QS CH 10File,"[""Fakultas Ekonomi dan Bisnis, Universitas Indonesia""]",Perilaku Keorganisasian,Universitas Indonesia,2023,id,OCW_UI,1,62935,READY_FOR_INDEXING,data\raw\material\Fakultas_Ekonomi_dan_Bisnis\QS_CH_10File.pdf,e7605d49d3493d8abde318953872939a992ccf52b8ab5f3df3cc7bf1170b0f0b
MAT-000628,MATERIAL,PPT CH 10File,"[""Fakultas Ekonomi dan Bisnis, Universitas Indonesia""]",Perilaku Keorganisasian,Universitas Indonesia,2023,id,OCW_UI,32,2597111,READY_FOR_INDEXING,data\raw\material\Fakultas_Ekonomi_dan_Bisnis\PPT_CH_10File.pdf,eacb87fa4d807f9dd2d54021c04ba89988f281bcc8d5fdac13c7bcb81d3b3a15
MAT-000629,MATERIAL,Buku Rancangan Pemelajaran (BRP)File,"[""Fakultas Ekonomi dan Bisnis, Universitas Indonesia""]",Metode Riset Bisnis,Universitas Indonesia,2023,id,OCW_UI,12,539253,READY_FOR_INDEXING,data\raw\material\Fakultas_Ekonomi_dan_Bisnis\Buku_Rancangan_Pemelajaran__BR.pdf,5fe12bda9daf43423be373727c9a1244cfe377579621f7f59abb5c04269e5741
MAT-000630,MATERIAL,Materi 1File,"[""Fakultas Ekonomi dan Bisnis, Universitas Indonesia""]",Metode Riset Bisnis,Universitas Indonesia,2023,id,OCW_UI,5,525595,READY_FOR_INDEXING,data\raw\material\Fakultas_Ekonomi_dan_Bisnis\Materi_1File.pdf,9876a76c7b67b3999f89403403df398cded7a5cd8df0f6412f96e9d73992d072
MAT-000631,MATERIAL,Materi 2File,"[""Fakultas Ekonomi dan Bisnis, Universitas Indonesia""]",Metode Riset Bisnis,Universitas Indonesia,2023,id,OCW_UI,8,500132,READY_FOR_INDEXING,data\raw\material\Fakultas_Ekonomi_dan_Bisnis\Materi_2File.pdf,09addbdd6b882def91f62d585f9bbca9e480ff3efaf11c7fe00b8945b082ee4e
MAT-000632,MATERIAL,materi 3,"[""Fakultas Ekonomi dan Bisnis, Universitas Indonesia""]",Metode Riset Bisnis,Universitas Indonesia,2023,id,OCW_UI,8,697291,READY_FOR_INDEXING,data\raw\material\Fakultas_Ekonomi_dan_Bisnis\materi_3.pdf,57b2a278a86533032a309e1193bfbf8a1be9aad2c68facea6bb6316d24d56c5d
MAT-000633,MATERIAL,materi 4,"[""Fakultas Ekonomi dan Bisnis, Universitas Indonesia""]",Metode Riset Bisnis,Universitas Indonesia,2023,id,OCW_UI,8,539631,READY_FOR_INDEXING,data\raw\material\Fakultas_Ekonomi_dan_Bisnis\materi_4.pdf,0c681cb4a92d63d50d3be7b44e752b408739c38591dba62d0d5ea5c7622a263e
MAT-000634,MATERIAL,materi 5,"[""Fakultas Ekonomi dan Bisnis, Universitas Indonesia""]",Metode Riset Bisnis,Universitas Indonesia,2023,id,OCW_UI,14,521350,READY_FOR_INDEXING,data\raw\material\Fakultas_Ekonomi_dan_Bisnis\materi_5.pdf,67c8b54b10566a5afc5ed9de758324ed3b894192a2be653193c790a2e30e619e
MAT-000635,MATERIAL,Materi 6File,"[""Fakultas Ekonomi dan Bisnis, Universitas Indonesia""]",Metode Riset Bisnis,Universitas Indonesia,2023,id,OCW_UI,8,502673,READY_FOR_INDEXING,data\raw\material\Fakultas_Ekonomi_dan_Bisnis\Materi_6File.pdf,b8fe58ab113eab4ce56f646ede8cb827f12f178cd2b2772c0b9b1d17920f117b
MAT-000636,MATERIAL,Materi 7File,"[""Fakultas Ekonomi dan Bisnis, Universitas Indonesia""]",Metode Riset Bisnis,Universitas Indonesia,2023,id,OCW_UI,3,369367,READY_FOR_INDEXING,data\raw\material\Fakultas_Ekonomi_dan_Bisnis\Materi_7File.pdf,017594f7b35e7fdc8d37951cb06cd35df531c7f5ccca6591d6244ad9ee107cb6
MAT-000637,MATERIAL,materi 8,"[""Fakultas Ekonomi dan Bisnis, Universitas Indonesia""]",Metode Riset Bisnis,Universitas Indonesia,2023,id,OCW_UI,13,405216,READY_FOR_INDEXING,data\raw\material\Fakultas_Ekonomi_dan_Bisnis\materi_8.pdf,b2028065c92c1df17437dfa3a68d911d406595cf1c3011f43dcf900581a2ecb5
MAT-000638,MATERIAL,Materi 9File,"[""Fakultas Ekonomi dan Bisnis, Universitas Indonesia""]",Metode Riset Bisnis,Universitas Indonesia,2023,id,OCW_UI,11,390721,READY_FOR_INDEXING,data\raw\material\Fakultas_Ekonomi_dan_Bisnis\Materi_9File.pdf,208278974e11e711a028ea66ae03457a7ef24b2972ffd869214522cbb7922596
MAT-000639,MATERIAL,Materi 10File,"[""Fakultas Ekonomi dan Bisnis, Universitas Indonesia""]",Metode Riset Bisnis,Universitas Indonesia,2023,id,OCW_UI,14,1093552,READY_FOR_INDEXING,data\raw\material\Fakultas_Ekonomi_dan_Bisnis\Materi_10File.pdf,bd2e78a03d27e05285783a86996bab48327b37d7c955da4e6ae4221115e18463
MAT-000640,MATERIAL,Materi 11File,"[""Fakultas Ekonomi dan Bisnis, Universitas Indonesia""]",Metode Riset Bisnis,Universitas Indonesia,2023,id,OCW_UI,7,1190321,READY_FOR_INDEXING,data\raw\material\Fakultas_Ekonomi_dan_Bisnis\Materi_11File.pdf,958fbf51232740c19b9ba08fd0282d92034c8373c48c2de9d00b14f79d3b0b3a
MAT-000641,MATERIAL,Materi 12File,"[""Fakultas Ekonomi dan Bisnis, Universitas Indonesia""]",Metode Riset Bisnis,Universitas Indonesia,2023,id,OCW_UI,17,684485,READY_FOR_INDEXING,data\raw\material\Fakultas_Ekonomi_dan_Bisnis\Materi_12File.pdf,c55d0f58f899df67e8484d412e8ba28bca29ad8aebacdfcdaf9ce4282bef4b0b
MAT-000642,MATERIAL,Materi 13File,"[""Fakultas Ekonomi dan Bisnis, Universitas Indonesia""]",Metode Riset Bisnis,Universitas Indonesia,2023,id,OCW_UI,10,606085,READY_FOR_INDEXING,data\raw\material\Fakultas_Ekonomi_dan_Bisnis\Materi_13File.pdf,cb68ea93ebd4b8ee93f8ecf832ca5cdbb3aaad3c0e5bfafa5fca4a51055ad4e1
MAT-000643,MATERIAL,Materi 14File,"[""Fakultas Ekonomi dan Bisnis, Universitas Indonesia""]",Metode Riset Bisnis,Universitas Indonesia,2023,id,OCW_UI,10,1247464,READY_FOR_INDEXING,data\raw\material\Fakultas_Ekonomi_dan_Bisnis\Materi_14File.pdf,14b93a742d246ff2f98eb807e4947d9e2ec8cc13cd3ab1d14691f712cd3aebac
MAT-000644,MATERIAL,Silabus Perekonomian Indonesia V-7 Februari 2018File,"[""Fakultas Ekonomi dan Bisnis, Universitas Indonesia""]",Perekonomian Indonesia,Universitas Indonesia,2023,id,OCW_UI,18,807237,READY_FOR_INDEXING,data\raw\material\Fakultas_Ekonomi_dan_Bisnis\Silabus_Perekonomian_Indonesia.pdf,7196a981cb337111a8f162b02ba9b0e8c8eacba984dd9e9cdf326a86d59da06e
MAT-000645,MATERIAL,Silabus Perekonomian Indonesia Versi September-Desember 2019-MAPFile,"[""Fakultas Ekonomi dan Bisnis, Universitas Indonesia""]",Perekonomian Indonesia,Universitas Indonesia,2023,en,OCW_UI,22,688159,READY_FOR_INDEXING,data\raw\material\Fakultas_Ekonomi_dan_Bisnis\Silabus_Perekonomian_Indonesia.pdf,6326d91f0ef09eb64c3d93fd6f1f91a75912d7142778e6bc7e900c7ced607ba9
MAT-000646,MATERIAL,STUDENT GUIDANCE BOOK (SGB)File,"[""Fakultas Ekonomi dan Bisnis, Universitas Indonesia""]",Islamic Bussiness,Universitas Indonesia,2023,en,OCW_UI,25,352849,READY_FOR_INDEXING,data\raw\material\Fakultas_Ekonomi_dan_Bisnis\STUDENT_GUIDANCE_BOOK__SGB_Fil.pdf,99e8625dd0d05e836d4b47baecdbaa6f1ff9807587143ba754efd1882d673af5
MAT-000647,MATERIAL,syllabusFile,"[""Fakultas Ekonomi dan Bisnis, Universitas Indonesia""]",Islamic Bussiness,Universitas Indonesia,2023,en,OCW_UI,8,167424,READY_FOR_INDEXING,data\raw\material\Fakultas_Ekonomi_dan_Bisnis\syllabusFile.pdf,c837c68527cd7e5ca94d4b57f2621f6094b549bbf50afa0df92ad0a3f4c7cd37
MAT-000648,MATERIAL,you can see about me hereFile,"[""Fakultas Ekonomi dan Bisnis, Universitas Indonesia""]",Islamic Bussiness,Universitas Indonesia,2023,en,OCW_UI,2,142862,READY_FOR_INDEXING,data\raw\material\Fakultas_Ekonomi_dan_Bisnis\you_can_see_about_me_hereFile.pdf,5ef1c75395101af36a5dac430bd7e9b5da55b49fb1dc52bec02ca20d73015074
MAT-000649,MATERIAL,GlossaryFile,"[""Fakultas Ekonomi dan Bisnis, Universitas Indonesia""]",Islamic Bussiness,Universitas Indonesia,2023,id,OCW_UI,2,478688,READY_FOR_INDEXING,data\raw\material\Fakultas_Ekonomi_dan_Bisnis\GlossaryFile.pdf,0d90104bc9f3bdce7f50856ba87b755832205e9b8f3025db307122e831bf7060
MAT-000650,MATERIAL,"session1_Basic Concept of Shariah, presentation slideFile","[""Fakultas Ekonomi dan Bisnis, Universitas Indonesia""]",Islamic Bussiness,Universitas Indonesia,2023,en,OCW_UI,21,1371827,READY_FOR_INDEXING,data\raw\material\Fakultas_Ekonomi_dan_Bisnis\session1_Basic_Concept_of_Shar.pdf,e47333a9a0cb7155a3b128d2136c24b87ef1e8ffd10325d4bcdf05e62628acaa
MAT-000651,MATERIAL,sesion 2_slide presentationFile,"[""Fakultas Ekonomi dan Bisnis, Universitas Indonesia""]",Islamic Bussiness,Universitas Indonesia,2023,en,OCW_UI,28,1036018,READY_FOR_INDEXING,data\raw\material\Fakultas_Ekonomi_dan_Bisnis\sesion_2_slide_presentationFil.pdf,300c97ae1f2148becf95bbe398c4eddb22920d1a7dc76d1abe67439652766975
MAT-000652,MATERIAL,session3_slide presentationFile,"[""Fakultas Ekonomi dan Bisnis, Universitas Indonesia""]",Islamic Bussiness,Universitas Indonesia,2023,en,OCW_UI,25,1063552,READY_FOR_INDEXING,data\raw\material\Fakultas_Ekonomi_dan_Bisnis\session3_slide_presentationFil.pdf,6bea952953c20822fe5f6e50ebc55ec241f96a3a90173bc1503dbf4c84925a40
MAT-000653,MATERIAL,session 4  slide presentationFile,"[""Fakultas Ekonomi dan Bisnis, Universitas Indonesia""]",Islamic Bussiness,Universitas Indonesia,2023,en,OCW_UI,21,1799614,READY_FOR_INDEXING,data\raw\material\Fakultas_Ekonomi_dan_Bisnis\session_4__slide_presentationF.pdf,3ad8f262cf1ec8f77e76967c576b53b217bfb04ae1aff1807433f662c613bce9
MAT-000654,MATERIAL,week5 slide presentationFile,"[""Fakultas Ekonomi dan Bisnis, Universitas Indonesia""]",Islamic Bussiness,Universitas Indonesia,2023,en,OCW_UI,26,1045635,READY_FOR_INDEXING,data\raw\material\Fakultas_Ekonomi_dan_Bisnis\week5_slide_presentationFile.pdf,5d083f2716d120066340295826059a0a1ba03b5cd40adfc3f2ab525898177e64
MAT-000655,MATERIAL,ppt about shirkah/musharakah/partnershipFile,"[""Fakultas Ekonomi dan Bisnis, Universitas Indonesia""]",Islamic Bussiness,Universitas Indonesia,2023,en,OCW_UI,20,779560,READY_FOR_INDEXING,data\raw\material\Fakultas_Ekonomi_dan_Bisnis\ppt_about_shirkah_musharakah_p.pdf,b52d1dc9937622bf24ab63dd5bce9158406997182e60c97e55ac5473ca500f3b
MAT-000656,MATERIAL,Presentatio slides about islamic industryFile,"[""Fakultas Ekonomi dan Bisnis, Universitas Indonesia""]",Islamic Bussiness,Universitas Indonesia,2023,en,OCW_UI,29,3814376,READY_FOR_INDEXING,data\raw\material\Fakultas_Ekonomi_dan_Bisnis\Presentatio_slides_about_islam.pdf,7a12a20af23faf065e583599d1ddd2a9b7416b21a49f5b5747078f539bdaabd5
MAT-000657,MATERIAL,Modul Islamic industryFile,"[""Fakultas Ekonomi dan Bisnis, Universitas Indonesia""]",Islamic Bussiness,Universitas Indonesia,2023,en,OCW_UI,7,663779,READY_FOR_INDEXING,data\raw\material\Fakultas_Ekonomi_dan_Bisnis\Modul_Islamic_industryFile.pdf,de6af40f9c3c1b3d9b14d0195828fc8bff8fe3b8d7bdd6cdaa6c277e60c71775
MAT-000658,MATERIAL,slide presentation about marketingFile,"[""Fakultas Ekonomi dan Bisnis, Universitas Indonesia""]",Islamic Bussiness,Universitas Indonesia,2023,en,OCW_UI,32,4364290,READY_FOR_INDEXING,data\raw\material\Fakultas_Ekonomi_dan_Bisnis\slide_presentation_about_marke.pdf,c47d147294d50841f8a3a7c1686b75ab82fdef85055f4efc2600270538c2d093
MAT-000659,MATERIAL,Modul for islamic marketingFile,"[""Fakultas Ekonomi dan Bisnis, Universitas Indonesia""]",Islamic Bussiness,Universitas Indonesia,2023,en,OCW_UI,7,565384,READY_FOR_INDEXING,data\raw\material\Fakultas_Ekonomi_dan_Bisnis\Modul_for_islamic_marketingFil.pdf,210e129530282bd0efd4596673feb4c716374bd7c14da673859f63f9e7071986
MAT-000660,MATERIAL,presentation slide for Financial ManagementFile,"[""Fakultas Ekonomi dan Bisnis, Universitas Indonesia""]",Islamic Bussiness,Universitas Indonesia,2023,en,OCW_UI,22,733015,READY_FOR_INDEXING,data\raw\material\Fakultas_Ekonomi_dan_Bisnis\presentation_slide_for_Financi.pdf,fbc8cbb3b763147491ee179fbdac78067840a470127a5e67161f8984f523966c
MAT-000661,MATERIAL,Modul for Financial ManagementFile,"[""Fakultas Ekonomi dan Bisnis, Universitas Indonesia""]",Islamic Bussiness,Universitas Indonesia,2023,en,OCW_UI,8,495675,READY_FOR_INDEXING,data\raw\material\Fakultas_Ekonomi_dan_Bisnis\Modul_for_Financial_Management.pdf,48dc318447c74d4fc6296c9af8188c902db7514eb62a54009a2623b663c71ee8
MAT-000662,MATERIAL,presentation slide of human resources managementFile,"[""Fakultas Ekonomi dan Bisnis, Universitas Indonesia""]",Islamic Bussiness,Universitas Indonesia,2023,en,OCW_UI,49,587006,READY_FOR_INDEXING,data\raw\material\Fakultas_Ekonomi_dan_Bisnis\presentation_slide_of_human_re.pdf,dbf3ebdd0c66f4b4c90b39640606c8c72d4a377383abf8f0d7733b477fbf9677
MAT-000663,MATERIAL,Presentation slide for strategic managementFile,"[""Fakultas Ekonomi dan Bisnis, Universitas Indonesia""]",Islamic Bussiness,Universitas Indonesia,2023,en,OCW_UI,8,518749,READY_FOR_INDEXING,data\raw\material\Fakultas_Ekonomi_dan_Bisnis\Presentation_slide_for_strateg.pdf,4f33963d5ac4533014aedf676d8cdb73cf78456bb258d0cf99ed362f91198505
MAT-000664,MATERIAL,Presentation slide about the halala value chainFile,"[""Fakultas Ekonomi dan Bisnis, Universitas Indonesia""]",Islamic Bussiness,Universitas Indonesia,2023,en,OCW_UI,25,4542437,READY_FOR_INDEXING,data\raw\material\Fakultas_Ekonomi_dan_Bisnis\Presentation_slide_about_the_h.pdf,f5f10b17dd42ce2b03eb2cc0eca1a5b4bfc52f579e75d9758210f5c3da6fe55e
MAT-000665,MATERIAL,modul for Halal Value ChainFile,"[""Fakultas Ekonomi dan Bisnis, Universitas Indonesia""]",Islamic Bussiness,Universitas Indonesia,2023,en,OCW_UI,8,567131,READY_FOR_INDEXING,data\raw\material\Fakultas_Ekonomi_dan_Bisnis\modul_for_Halal_Value_ChainFil.pdf,8b5cbe917b5753c2942712982d444b5ac3e9dd9b004707826ccf6ad0265f7666
MAT-000666,MATERIAL,presentation slide for entrepreneurshipFile,"[""Fakultas Ekonomi dan Bisnis, Universitas Indonesia""]",Islamic Bussiness,Universitas Indonesia,2023,en,OCW_UI,17,1315125,READY_FOR_INDEXING,data\raw\material\Fakultas_Ekonomi_dan_Bisnis\presentation_slide_for_entrepr.pdf,e19be9994c370a056db045e57a82e043e2f8f946ad6de7cb7b6556630b52af9c
MAT-000667,MATERIAL,BRP Akuntansi Keuangan 2 2013 2014File,"[""Fakultas Ekonomi dan Bisnis, Universitas Indonesia""]",Akuntansi Keuangan 2,Universitas Indonesia,2023,id,OCW_UI,40,786365,READY_FOR_INDEXING,data\raw\material\Fakultas_Ekonomi_dan_Bisnis\BRP_Akuntansi_Keuangan_2_2013.pdf,6acdd5c112e9a098cd2a60f3b369c6c33943594827534edfbc8dd26f3e404f2e
MAT-000668,MATERIAL,Silabus Akuntansi Keuangan 2 OCWFile,"[""Fakultas Ekonomi dan Bisnis, Universitas Indonesia""]",Akuntansi Keuangan 2,Universitas Indonesia,2023,id,OCW_UI,5,419432,READY_FOR_INDEXING,data\raw\material\Fakultas_Ekonomi_dan_Bisnis\Silabus_Akuntansi_Keuangan_2_O.pdf,467340e0d976e7aa8c4a79d57456b4f9ae5e3b2be3f2f59737a7f4b3d0a3b4fd
MAT-000669,MATERIAL,ÌNFORMASI UMUM OCW AKUNTANSI KEUANGAN 1File,"[""Fakultas Ekonomi dan Bisnis, Universitas Indonesia""]",Akuntansi Keuangan 2,Universitas Indonesia,2023,id,OCW_UI,13,395278,READY_FOR_INDEXING,data\raw\material\Fakultas_Ekonomi_dan_Bisnis\NFORMASI_UMUM_OCW_AKUNTANSI_K.pptx,4e6300fdc663dccaa5cce3b75092a9311a640a4183aa322cf69acdb1edddfe73
MAT-000670,MATERIAL,SOAL AK2 Pertemuan 1 Liabilitas Jangka PendekFile,"[""Fakultas Ekonomi dan Bisnis, Universitas Indonesia""]",Akuntansi Keuangan 2,Universitas Indonesia,2023,id,OCW_UI,17,785179,READY_FOR_INDEXING,data\raw\material\Fakultas_Ekonomi_dan_Bisnis\SOAL_AK2_Pertemuan_1_Liabilita.pdf,530d8747e5e5d89e9b553049e5d0fa3a6608dc80c407797ddc7d3a1a49462e73
MAT-000671,MATERIAL,SOAL LATIHAN DAN TUGAS AK2 Pertemuan 1 Liabilitas Jangka PendekFile,"[""Fakultas Ekonomi dan Bisnis, Universitas Indonesia""]",Akuntansi Keuangan 2,Universitas Indonesia,2023,id,OCW_UI,7,1572382,READY_FOR_INDEXING,data\raw\material\Fakultas_Ekonomi_dan_Bisnis\SOAL_LATIHAN_DAN_TUGAS_AK2_Per.pdf,f2d63a71c585d4dcc6f22071b953ea483ca688cea25a6de84a2873abe746dab2
MAT-000672,MATERIAL,AK2 Pertemuan 1 Liabilitas Jangka PendekFile,"[""Fakultas Ekonomi dan Bisnis, Universitas Indonesia""]",Akuntansi Keuangan 2,Universitas Indonesia,2023,id,OCW_UI,47,2703484,READY_FOR_INDEXING,data\raw\material\Fakultas_Ekonomi_dan_Bisnis\AK2_Pertemuan_1_Liabilitas_Jan.pdf,ff9b58d88df402ea1eb6a53e9a5907ffafa2379c3bdfa0417d1942d60591c082
MAT-000673,MATERIAL,SOAL AK2 Pertemuan 2 Liabilitas Jangka PanjangFile,"[""Fakultas Ekonomi dan Bisnis, Universitas Indonesia""]",Akuntansi Keuangan 2,Universitas Indonesia,2023,id,OCW_UI,14,1169555,READY_FOR_INDEXING,data\raw\material\Fakultas_Ekonomi_dan_Bisnis\SOAL_AK2_Pertemuan_2_Liabilita.pdf,5be1bd95fcbb3c85f373f42d2c5a4e6badef9299d873c3745bc733a5bd3f3eaa
MAT-000674,MATERIAL,AK2 Pertemuan 2 Liabilitas Jangka PanjangFile,"[""Fakultas Ekonomi dan Bisnis, Universitas Indonesia""]",Akuntansi Keuangan 2,Universitas Indonesia,2023,id,OCW_UI,52,1705051,READY_FOR_INDEXING,data\raw\material\Fakultas_Ekonomi_dan_Bisnis\AK2_Pertemuan_2_Liabilitas_Jan.pdf,8a70f46c77812a71c8f7eb6eb23166df6b07625620ff194c7c7307bf4efd3010
MAT-000675,MATERIAL,SOAL LATIHAN DAN TUGAS AK2 Pertemuan 2 Liabilitas Jangka PanjangFile,"[""Fakultas Ekonomi dan Bisnis, Universitas Indonesia""]",Akuntansi Keuangan 2,Universitas Indonesia,2023,id,OCW_UI,10,2512427,READY_FOR_INDEXING,data\raw\material\Fakultas_Ekonomi_dan_Bisnis\SOAL_LATIHAN_DAN_TUGAS_AK2_Per.pdf,54ce3fcb149079f090e4d316343c3535772042770744b1d3156067c2182977ba
MAT-000676,MATERIAL,SOAL AK2 Pertemuan 3 EkuitasFile,"[""Fakultas Ekonomi dan Bisnis, Universitas Indonesia""]",Akuntansi Keuangan 2,Universitas Indonesia,2023,id,OCW_UI,13,919273,READY_FOR_INDEXING,data\raw\material\Fakultas_Ekonomi_dan_Bisnis\SOAL_AK2_Pertemuan_3_EkuitasFi.pdf,79800165752daecc7991c6090c2869354f6fee3a2cb2aa226f698b8ab507877c
MAT-000677,MATERIAL,SOAL LATIHAN DAN TUGAS AK2 Pertemuan 3 EkuitasFile,"[""Fakultas Ekonomi dan Bisnis, Universitas Indonesia""]",Akuntansi Keuangan 2,Universitas Indonesia,2023,id,OCW_UI,11,2618929,READY_FOR_INDEXING,data\raw\material\Fakultas_Ekonomi_dan_Bisnis\SOAL_LATIHAN_DAN_TUGAS_AK2_Per.pdf,87de761048ea37be5ba79a2549f4f5f0aeedcf74ee69316ea2fc2df135b2ad88
MAT-000678,MATERIAL,AK2 Pertemuan 3 EkuitasFile,"[""Fakultas Ekonomi dan Bisnis, Universitas Indonesia""]",Akuntansi Keuangan 2,Universitas Indonesia,2023,id,OCW_UI,58,3622717,READY_FOR_INDEXING,data\raw\material\Fakultas_Ekonomi_dan_Bisnis\AK2_Pertemuan_3_EkuitasFile.pdf,9c87171b4c5f9f4fdce89259d9e4471a928e4c272d23ed45a8dc3e6f6fe688d7
MAT-000679,MATERIAL,SOAL AK2 Pertemuan 4 Sekuritas DilutifFile,"[""Fakultas Ekonomi dan Bisnis, Universitas Indonesia""]",Akuntansi Keuangan 2,Universitas Indonesia,2023,id,OCW_UI,16,1055663,READY_FOR_INDEXING,data\raw\material\Fakultas_Ekonomi_dan_Bisnis\SOAL_AK2_Pertemuan_4_Sekuritas.pdf,bea105146e9bc025998243086e5b858f7a85c233a686c7c732006c601eecaafc
MAT-000680,MATERIAL,AK2 Pertemuan 4 Sekuritas DilutifFile,"[""Fakultas Ekonomi dan Bisnis, Universitas Indonesia""]",Akuntansi Keuangan 2,Universitas Indonesia,2023,id,OCW_UI,24,1361467,READY_FOR_INDEXING,data\raw\material\Fakultas_Ekonomi_dan_Bisnis\AK2_Pertemuan_4_Sekuritas_Dilu.pdf,b451dc78569ae6e5daf9670566aedd79f36f89ee3a62d99ce0682610022d84d2
MAT-000681,MATERIAL,SOAL LATIHAN DAN TUGAS AK2 Pertemuan 4 Sekuritas DilutifFile,"[""Fakultas Ekonomi dan Bisnis, Universitas Indonesia""]",Akuntansi Keuangan 2,Universitas Indonesia,2023,id,OCW_UI,7,1728267,READY_FOR_INDEXING,data\raw\material\Fakultas_Ekonomi_dan_Bisnis\SOAL_LATIHAN_DAN_TUGAS_AK2_Per.pdf,64bb4290f0d5fcc7ee095ff1a7f5be27d4975692b43bc417d28928fe56b2baca
MAT-000682,MATERIAL,SOAL AK2 Pertemuan 5 Laba Per Lembar SahamFile,"[""Fakultas Ekonomi dan Bisnis, Universitas Indonesia""]",Akuntansi Keuangan 2,Universitas Indonesia,2023,id,OCW_UI,8,900141,READY_FOR_INDEXING,data\raw\material\Fakultas_Ekonomi_dan_Bisnis\SOAL_AK2_Pertemuan_5_Laba_Per.pdf,e870c8ba587cd0409d2b4f794f4ae414830e65f274582f8f6590a248a60d7a74
MAT-000683,MATERIAL,AK2 Pertemuan 5 Laba Per Lembar SahamFile,"[""Fakultas Ekonomi dan Bisnis, Universitas Indonesia""]",Akuntansi Keuangan 2,Universitas Indonesia,2023,id,OCW_UI,23,1448163,READY_FOR_INDEXING,data\raw\material\Fakultas_Ekonomi_dan_Bisnis\AK2_Pertemuan_5_Laba_Per_Lemba.pdf,af6bdc92e6392beebb886c725856046026c8476eb906755868b9a5518d6faaba
MAT-000684,MATERIAL,SOAL LATIHAN DAN TUGAS AK2 Pertemuan 5 Laba per sahamFile,"[""Fakultas Ekonomi dan Bisnis, Universitas Indonesia""]",Akuntansi Keuangan 2,Universitas Indonesia,2023,id,OCW_UI,8,2172198,READY_FOR_INDEXING,data\raw\material\Fakultas_Ekonomi_dan_Bisnis\SOAL_LATIHAN_DAN_TUGAS_AK2_Per.pdf,6755f6de1085a359b5f4f5c4679fafc4f4ff105852da770a07550313d4e0b28f
MAT-000685,MATERIAL,SOAL AK2 Pertemuan 6 Investasi BondsFile,"[""Fakultas Ekonomi dan Bisnis, Universitas Indonesia""]",Akuntansi Keuangan 2,Universitas Indonesia,2023,id,OCW_UI,12,915285,READY_FOR_INDEXING,data\raw\material\Fakultas_Ekonomi_dan_Bisnis\SOAL_AK2_Pertemuan_6_Investasi.pdf,5bc158725b307b10edec53adc9209eb5fbbbf6f7b34d520fe326b992e3a02085
MAT-000686,MATERIAL,AK2 Pertemuan 6 Investasi bondsFile,"[""Fakultas Ekonomi dan Bisnis, Universitas Indonesia""]",Akuntansi Keuangan 2,Universitas Indonesia,2023,id,OCW_UI,38,1122632,READY_FOR_INDEXING,data\raw\material\Fakultas_Ekonomi_dan_Bisnis\AK2_Pertemuan_6_Investasi_bond.pdf,df809264cf7631cd9445ae3ed0dcdb9892adc14521453e7708ab5b5d71def0a2
MAT-000687,MATERIAL,SOAL LATIHAN DAN TUGAS AK2 Pertemuan 6 Investment part 1File,"[""Fakultas Ekonomi dan Bisnis, Universitas Indonesia""]",Akuntansi Keuangan 2,Universitas Indonesia,2023,id,OCW_UI,6,1404008,READY_FOR_INDEXING,data\raw\material\Fakultas_Ekonomi_dan_Bisnis\SOAL_LATIHAN_DAN_TUGAS_AK2_Per.pdf,a9060d801ef0c01a0e8166ed1b6caf200ee5103355355fdc2cce07e2f9479c11
MAT-000688,MATERIAL,SOAL AK2 Pertemuan 7 Investasi StockFile,"[""Fakultas Ekonomi dan Bisnis, Universitas Indonesia""]",Akuntansi Keuangan 2,Universitas Indonesia,2023,id,OCW_UI,9,1153418,READY_FOR_INDEXING,data\raw\material\Fakultas_Ekonomi_dan_Bisnis\SOAL_AK2_Pertemuan_7_Investasi.pdf,9de8e25801988f305c6dc56db17c7609be40ec538f6129f3ddefb82096fdbb14
MAT-000689,MATERIAL,SOAL LATIHAN DAN TUGAS AK2 Pertemuan 7 Investment part 2File,"[""Fakultas Ekonomi dan Bisnis, Universitas Indonesia""]",Akuntansi Keuangan 2,Universitas Indonesia,2023,id,OCW_UI,7,2003897,READY_FOR_INDEXING,data\raw\material\Fakultas_Ekonomi_dan_Bisnis\SOAL_LATIHAN_DAN_TUGAS_AK2_Per.pdf,73147f6f3759676bd60b745a19937588d851f38a827f12431bca192ced5c2c12
MAT-000690,MATERIAL,AK2 Pertemuan 7 Investasi StockFile,"[""Fakultas Ekonomi dan Bisnis, Universitas Indonesia""]",Akuntansi Keuangan 2,Universitas Indonesia,2023,id,OCW_UI,42,1367250,READY_FOR_INDEXING,data\raw\material\Fakultas_Ekonomi_dan_Bisnis\AK2_Pertemuan_7_Investasi_Stoc.pdf,d76e52451495982405a94edc2f14e66a699207eaf5cdcb7cea83319e251fcfaa
MAT-000691,MATERIAL,SOAL Ujian Tengah SemesterFile,"[""Fakultas Ekonomi dan Bisnis, Universitas Indonesia""]",Akuntansi Keuangan 2,Universitas Indonesia,2023,id,OCW_UI,4,418291,READY_FOR_INDEXING,data\raw\material\Fakultas_Ekonomi_dan_Bisnis\SOAL_Ujian_Tengah_SemesterFile.pdf,38e5836dde2bd45007bef51380eae3511433d783ea91cfb43dd3c1e34984d739
MAT-000692,MATERIAL,SOAL AK2 Pertemuan 8 Laporan Arus KasFile,"[""Fakultas Ekonomi dan Bisnis, Universitas Indonesia""]",Akuntansi Keuangan 2,Universitas Indonesia,2023,id,OCW_UI,14,1161149,READY_FOR_INDEXING,data\raw\material\Fakultas_Ekonomi_dan_Bisnis\SOAL_AK2_Pertemuan_8_Laporan_A.pdf,661d43e81c87c1d1a6284eb6f9ca295c884bcda294b5ced1ebae4dbac56a3dde
MAT-000693,MATERIAL,SOAL LATIHAN DAN TUGAS AK2 Pertemuan 8 Laporan Arus KasFile,"[""Fakultas Ekonomi dan Bisnis, Universitas Indonesia""]",Akuntansi Keuangan 2,Universitas Indonesia,2023,id,OCW_UI,6,1528408,READY_FOR_INDEXING,data\raw\material\Fakultas_Ekonomi_dan_Bisnis\SOAL_LATIHAN_DAN_TUGAS_AK2_Per.pdf,0a23dfd196c56d026dd961b9a5f2dfa63dd2955cba879a096959fa93446df721
MAT-000694,MATERIAL,AK2 Pertemuan 8 Laporan Arus KasFile,"[""Fakultas Ekonomi dan Bisnis, Universitas Indonesia""]",Akuntansi Keuangan 2,Universitas Indonesia,2023,id,OCW_UI,50,2347790,READY_FOR_INDEXING,data\raw\material\Fakultas_Ekonomi_dan_Bisnis\AK2_Pertemuan_8_Laporan_Arus_K.pdf,741dd07bb0c7988d8bd458af2e359728186b7598a2a943269e481a80fed1caed
MAT-000695,MATERIAL,SOAL AK2 Pertemuan 9 Pengakuan Pendapatan AngsuranFile,"[""Fakultas Ekonomi dan Bisnis, Universitas Indonesia""]",Akuntansi Keuangan 2,Universitas Indonesia,2023,id,OCW_UI,7,799806,READY_FOR_INDEXING,data\raw\material\Fakultas_Ekonomi_dan_Bisnis\SOAL_AK2_Pertemuan_9_Pengakuan.pdf,33d7c54d381ef2ba887408c026d7cb6c776e7e658199f8a9079e855e2b382606
MAT-000696,MATERIAL,SOAL LATIHAN DAN TUGAS AK2 Pertemuan 9 Revenue Recognition 1File,"[""Fakultas Ekonomi dan Bisnis, Universitas Indonesia""]",Akuntansi Keuangan 2,Universitas Indonesia,2023,id,OCW_UI,6,1353223,READY_FOR_INDEXING,data\raw\material\Fakultas_Ekonomi_dan_Bisnis\SOAL_LATIHAN_DAN_TUGAS_AK2_Per.pdf,874155cf188faac4d1b702cdad2014360ce4839ad6c2c07267a2eb3a445936ee
MAT-000697,MATERIAL,AK2 Pertemuan 9 Pengakuan Pendapatan AngsuranFile,"[""Fakultas Ekonomi dan Bisnis, Universitas Indonesia""]",Akuntansi Keuangan 2,Universitas Indonesia,2023,id,OCW_UI,28,1539641,READY_FOR_INDEXING,data\raw\material\Fakultas_Ekonomi_dan_Bisnis\AK2_Pertemuan_9_Pengakuan_Pend.pdf,0548084c57d9b3b52dd45ccd518d74c45acd7a7d0f84bbdb1f17ab044224c3b8
MAT-000698,MATERIAL,SOAL AK2 Pertemuan 10 Pengakuan Pendapatan KonstruksiFile,"[""Fakultas Ekonomi dan Bisnis, Universitas Indonesia""]",Akuntansi Keuangan 2,Universitas Indonesia,2023,id,OCW_UI,8,1074839,READY_FOR_INDEXING,data\raw\material\Fakultas_Ekonomi_dan_Bisnis\SOAL_AK2_Pertemuan_10_Pengakua.pdf,67f69b88d17573a5ff9b817cc3999e2b5f663cc619bf51327147f79c9da5c403
MAT-000699,MATERIAL,AK2 Pertemuan 10 Pengakuan Pendapatan Kontrak KonstruksiFile,"[""Fakultas Ekonomi dan Bisnis, Universitas Indonesia""]",Akuntansi Keuangan 2,Universitas Indonesia,2023,id,OCW_UI,33,1298633,READY_FOR_INDEXING,data\raw\material\Fakultas_Ekonomi_dan_Bisnis\AK2_Pertemuan_10_Pengakuan_Pen.pdf,c8f120d20c11b443a1267f6a2a5b294440281b9d97eb87e69669e19359664179
MAT-000700,MATERIAL,SOAL LATIHAN DAN TUGAS AK2 Pertemuan 10 Revenue Recognition 2File,"[""Fakultas Ekonomi dan Bisnis, Universitas Indonesia""]",Akuntansi Keuangan 2,Universitas Indonesia,2023,id,OCW_UI,8,1977507,READY_FOR_INDEXING,data\raw\material\Fakultas_Ekonomi_dan_Bisnis\SOAL_LATIHAN_DAN_TUGAS_AK2_Per.pdf,29203ae1eb3a64f3df5a8b3578180e426143cc66e1d3d07b98e67fd4ebe51de3
MAT-000701,MATERIAL,SOAL AK2 Pertemuan 11 SewaFile,"[""Fakultas Ekonomi dan Bisnis, Universitas Indonesia""]",Akuntansi Keuangan 2,Universitas Indonesia,2023,id,OCW_UI,13,775647,READY_FOR_INDEXING,data\raw\material\Fakultas_Ekonomi_dan_Bisnis\SOAL_AK2_Pertemuan_11_SewaFile.pdf,c2760f96bac9616cc8f38a6a15fafd199c6f79a7ced36900742272ea36b551a2
MAT-000702,MATERIAL,AK2 Pertemuan 11 SewaFile,"[""Fakultas Ekonomi dan Bisnis, Universitas Indonesia""]",Akuntansi Keuangan 2,Universitas Indonesia,2023,id,OCW_UI,19,1248730,READY_FOR_INDEXING,data\raw\material\Fakultas_Ekonomi_dan_Bisnis\AK2_Pertemuan_11_SewaFile.pdf,c104ee8fd2e90d69adbbac3772ef18286ac9f41c502f7d0ddfe1e6270624c8b9
MAT-000703,MATERIAL,SOAL LATIHAN DAN TUGAS AK2 Pertemuan 11 Accounting for LeasesFile,"[""Fakultas Ekonomi dan Bisnis, Universitas Indonesia""]",Akuntansi Keuangan 2,Universitas Indonesia,2023,id,OCW_UI,9,2214001,READY_FOR_INDEXING,data\raw\material\Fakultas_Ekonomi_dan_Bisnis\SOAL_LATIHAN_DAN_TUGAS_AK2_Per.pdf,c2968e4a84d5e1419ebf21f91045baa4d147154bcff14211bab3b0acbd07df6c
MAT-000704,MATERIAL,SOAL AK2 Pertemuan 12 Imbalan KerjaFile,"[""Fakultas Ekonomi dan Bisnis, Universitas Indonesia""]",Akuntansi Keuangan 2,Universitas Indonesia,2023,id,OCW_UI,16,843290,READY_FOR_INDEXING,data\raw\material\Fakultas_Ekonomi_dan_Bisnis\SOAL_AK2_Pertemuan_12_Imbalan.pdf,dd1855b6cbaef31f71ef90ffcf7b982a349d4f44e8e8779837f1553da028ee82
MAT-000705,MATERIAL,SOAL LATIHAN DAN TUGAS AK2 Pertemuan 12 Keuntungan Karyawan dan PensiunFile,"[""Fakultas Ekonomi dan Bisnis, Universitas Indonesia""]",Akuntansi Keuangan 2,Universitas Indonesia,2023,id,OCW_UI,12,2555881,READY_FOR_INDEXING,data\raw\material\Fakultas_Ekonomi_dan_Bisnis\SOAL_LATIHAN_DAN_TUGAS_AK2_Per.pdf,4d4cb6743a34e6134d79fccfb785a3554c6cee9873bb8f3f7b532a09c16ea66d
MAT-000706,MATERIAL,AK2 Pertemuan 12 Imbalan KerjaFile,"[""Fakultas Ekonomi dan Bisnis, Universitas Indonesia""]",Akuntansi Keuangan 2,Universitas Indonesia,2023,id,OCW_UI,94,7232318,READY_FOR_INDEXING,data\raw\material\Fakultas_Ekonomi_dan_Bisnis\AK2_Pertemuan_12_Imbalan_Kerja.pdf,2fb7c84ac6e32667659f7d0a41c022293af5b7ee85a0267e17d14dd0b69c0105
MAT-000707,MATERIAL,SOAL AK2 Pertemuan 13 Akuntansi Pajak PenghasilanFile,"[""Fakultas Ekonomi dan Bisnis, Universitas Indonesia""]",Akuntansi Keuangan 2,Universitas Indonesia,2023,id,OCW_UI,14,845130,READY_FOR_INDEXING,data\raw\material\Fakultas_Ekonomi_dan_Bisnis\SOAL_AK2_Pertemuan_13_Akuntans.pdf,7fe2b91a923e3ddbf24195707e1192b7fab553fd887b464d4974916e7981cda5
MAT-000708,MATERIAL,SOAL LATIHAN DAN TUGAS AK2 Pertemuan 13 Pajak PenghasilanFile,"[""Fakultas Ekonomi dan Bisnis, Universitas Indonesia""]",Akuntansi Keuangan 2,Universitas Indonesia,2023,id,OCW_UI,8,1996397,READY_FOR_INDEXING,data\raw\material\Fakultas_Ekonomi_dan_Bisnis\SOAL_LATIHAN_DAN_TUGAS_AK2_Per.pdf,5c27d6fa5d481db3f9241f25f3c6025338649c7ffcf7e6b7fed0ebca2c0f0bb0
MAT-000709,MATERIAL,AK2 Pertemuan 13 Pajak PenghasilanFile,"[""Fakultas Ekonomi dan Bisnis, Universitas Indonesia""]",Akuntansi Keuangan 2,Universitas Indonesia,2023,id,OCW_UI,61,3015122,READY_FOR_INDEXING,data\raw\material\Fakultas_Ekonomi_dan_Bisnis\AK2_Pertemuan_13_Pajak_Penghas.pdf,0994e17f47b5d6b304313f0735fde01b27ebe13acea8a06099cf30bd262f309a
MAT-000710,MATERIAL,SOAL AK2 Pertemuan 14 Perubahan Kebijakan AkuntansiFile,"[""Fakultas Ekonomi dan Bisnis, Universitas Indonesia""]",Akuntansi Keuangan 2,Universitas Indonesia,2023,id,OCW_UI,13,905908,READY_FOR_INDEXING,data\raw\material\Fakultas_Ekonomi_dan_Bisnis\SOAL_AK2_Pertemuan_14_Perubaha.pdf,348b6d675ced369fb3fc1159330da5f8f2cafc4f45c88719947165d2842e90ce
MAT-000711,MATERIAL,SOAL LATIHAN DAN TUGAS AK2 Pertemuan 14 ErrorFile,"[""Fakultas Ekonomi dan Bisnis, Universitas Indonesia""]",Akuntansi Keuangan 2,Universitas Indonesia,2023,id,OCW_UI,6,1658782,READY_FOR_INDEXING,data\raw\material\Fakultas_Ekonomi_dan_Bisnis\SOAL_LATIHAN_DAN_TUGAS_AK2_Per.pdf,2b12a3819a06938e85c327e4a5790478f4f85cecfddef93ffc2c11084af9815a
MAT-000712,MATERIAL,AK2 Pertemuan 14 Perubahan Kebijakan AkuntansiFile,"[""Fakultas Ekonomi dan Bisnis, Universitas Indonesia""]",Akuntansi Keuangan 2,Universitas Indonesia,2023,id,OCW_UI,43,3598297,READY_FOR_INDEXING,data\raw\material\Fakultas_Ekonomi_dan_Bisnis\AK2_Pertemuan_14_Perubahan_Keb.pdf,3d1d4f35949e41db7942c4083709bfa5c6f2b7e3409829e0420185dec2bfe2ae
MAT-000713,MATERIAL,SOAL KASUS KOMPREHENSIF AK2File,"[""Fakultas Ekonomi dan Bisnis, Universitas Indonesia""]",Akuntansi Keuangan 2,Universitas Indonesia,2023,id,OCW_UI,5,49183,READY_FOR_INDEXING,data\raw\material\Fakultas_Ekonomi_dan_Bisnis\SOAL_KASUS_KOMPREHENSIF_AK2Fil.pdf,2efb2e156415231d9b7dde1de29c3a9e81b47d0e8e33fc9af62c348dc4e80bcb
MAT-000714,MATERIAL,SOAL Ujian Akhir SemesterFile,"[""Fakultas Ekonomi dan Bisnis, Universitas Indonesia""]",Akuntansi Keuangan 2,Universitas Indonesia,2023,id,OCW_UI,4,334627,READY_FOR_INDEXING,data\raw\material\Fakultas_Ekonomi_dan_Bisnis\SOAL_Ujian_Akhir_SemesterFile.pdf,767196145dc3e747d61563be9497683e539eda719036905b8a89d89205b1a961
MAT-000715,MATERIAL,PDF_BRP Dasar Teknologi Pengelolaan Informasi (versi PJJ)File,"[""Fakultas Ilmu Pengetahuan Budaya, Universitas Indonesia""]",DASAR TEKNOLOGI PENGELOLAAN INFORMASI,Universitas Indonesia,2023,id,OCW_UI,19,321357,READY_FOR_INDEXING,data\raw\material\Fakultas_Ilmu_Pengetahuan_Budaya\PDF_BRP_Dasar_Teknologi_Pengel.pdf,25f41977574cec2c1f561b286f09eda7d1c9ddce3f03d2c49d96bbe49e9d50ce
MAT-000716,MATERIAL,PDF_Pengantar PerkuliahanFile,"[""Fakultas Ilmu Pengetahuan Budaya, Universitas Indonesia""]",DASAR TEKNOLOGI PENGELOLAAN INFORMASI,Universitas Indonesia,2023,id,OCW_UI,9,2209964,READY_FOR_INDEXING,data\raw\material\Fakultas_Ilmu_Pengetahuan_Budaya\PDF_Pengantar_PerkuliahanFile.pdf,9697bd6e1109a1d80318bbed475d57eaf3916dbd2aca5d0544b46bff9b6d0c5d
MAT-000717,MATERIAL,PDF_Silabus Perkuliahan DTPIFile,"[""Fakultas Ilmu Pengetahuan Budaya, Universitas Indonesia""]",DASAR TEKNOLOGI PENGELOLAAN INFORMASI,Universitas Indonesia,2023,id,OCW_UI,13,234379,READY_FOR_INDEXING,data\raw\material\Fakultas_Ilmu_Pengetahuan_Budaya\PDF_Silabus_Perkuliahan_DTPIFi.pdf,e265d55eb3ce9df5d9bd7499d4051bdf9f2ca3f8185f1bb692a92384db132cbd
MAT-000718,MATERIAL,PDF_E-book 1File,"[""Fakultas Ilmu Pengetahuan Budaya, Universitas Indonesia""]",DASAR TEKNOLOGI PENGELOLAAN INFORMASI,Universitas Indonesia,2023,en,OCW_UI,22,467459,READY_FOR_INDEXING,data\raw\material\Fakultas_Ilmu_Pengetahuan_Budaya\PDF_E-book_1File.pdf,0cdb97bad811f31935363f8fbbc11e3a725fe12175d393da9907421ed2787132
MAT-000719,MATERIAL,PDF_Pokok Bahasan 1 - Pengertian dan Peran TIFile,"[""Fakultas Ilmu Pengetahuan Budaya, Universitas Indonesia""]",DASAR TEKNOLOGI PENGELOLAAN INFORMASI,Universitas Indonesia,2023,id,OCW_UI,11,335235,READY_FOR_INDEXING,data\raw\material\Fakultas_Ilmu_Pengetahuan_Budaya\PDF_Pokok_Bahasan_1_-_Pengerti.pdf,ce84ff946914aa7b3a661d8df28a88005aecfc9801c42cb1a5caf6ea242a63a5
MAT-000720,MATERIAL,PDF_Perangkat Keras Sistem InformasiFile,"[""Fakultas Ilmu Pengetahuan Budaya, Universitas Indonesia""]",DASAR TEKNOLOGI PENGELOLAAN INFORMASI,Universitas Indonesia,2023,id,OCW_UI,20,32546378,READY_FOR_INDEXING,data\raw\material\Fakultas_Ilmu_Pengetahuan_Budaya\PDF_Perangkat_Keras_Sistem_Inf.pdf,ee27d26637b99cb85fc25e0fcb2237ee6a3793256c0f285320b3f808c8b0c25c
MAT-000721,MATERIAL,PDF_Sistem Operasi dan Perangkat LunakFile,"[""Fakultas Ilmu Pengetahuan Budaya, Universitas Indonesia""]",DASAR TEKNOLOGI PENGELOLAAN INFORMASI,Universitas Indonesia,2023,id,OCW_UI,18,23961502,READY_FOR_INDEXING,data\raw\material\Fakultas_Ilmu_Pengetahuan_Budaya\PDF_Sistem_Operasi_dan_Perangk.pdf,e8cde9f763d56e4c0a314fbc345cda2f4a9fdd65a12a7edb252f0c7d3819c4c1
MAT-000722,MATERIAL,PDF_Jaringan Komputer dan InternetFile,"[""Fakultas Ilmu Pengetahuan Budaya, Universitas Indonesia""]",DASAR TEKNOLOGI PENGELOLAAN INFORMASI,Universitas Indonesia,2023,id,OCW_UI,19,21005804,READY_FOR_INDEXING,data\raw\material\Fakultas_Ilmu_Pengetahuan_Budaya\PDF_Jaringan_Komputer_dan_Inte.pdf,1e3adbdb48c8c0b2712d93447df0d3bda4d35bc79471defbfb1824285cf825cc
MAT-000723,MATERIAL,PDF_Konsep Sistem Informasi dalam Ilmu Perpustakaan dan InformasiFile,"[""Fakultas Ilmu Pengetahuan Budaya, Universitas Indonesia""]",DASAR TEKNOLOGI PENGELOLAAN INFORMASI,Universitas Indonesia,2023,id,OCW_UI,28,18246155,READY_FOR_INDEXING,data\raw\material\Fakultas_Ilmu_Pengetahuan_Budaya\PDF_Konsep_Sistem_Informasi_da.pdf,2fd5117d854efe998515c76709e6ba99ca92728845777afa50439254e77cb53d
MAT-000724,MATERIAL,PDF_Contoh tren dan prediksi penggunaan ICT di PerpustakaanFile,"[""Fakultas Ilmu Pengetahuan Budaya, Universitas Indonesia""]",DASAR TEKNOLOGI PENGELOLAAN INFORMASI,Universitas Indonesia,2023,en,OCW_UI,12,385447,READY_FOR_INDEXING,data\raw\material\Fakultas_Ilmu_Pengetahuan_Budaya\PDF_Contoh_tren_dan_prediksi_p.pdf,903b84d2b8829e09b1a2c32571165f66e77a4d0f88ee257c307258d59e20337f
MAT-000725,MATERIAL,PDF_Perkembangan Teknologi Informasi di Lembaga InformasiFile,"[""Fakultas Ilmu Pengetahuan Budaya, Universitas Indonesia""]",DASAR TEKNOLOGI PENGELOLAAN INFORMASI,Universitas Indonesia,2023,id,OCW_UI,8,9461350,READY_FOR_INDEXING,data\raw\material\Fakultas_Ilmu_Pengetahuan_Budaya\PDF_Perkembangan_Teknologi_Inf.pdf,728012504c7550e84b2ad53abb0bdc94964c3a6998196bdd9677fa3b3711d52f
MAT-000726,MATERIAL,PDF_Panduan Penggunaan Reference Management Tools (M. Prabu Wibowo)File,"[""Fakultas Ilmu Pengetahuan Budaya, Universitas Indonesia""]",DASAR TEKNOLOGI PENGELOLAAN INFORMASI,Universitas Indonesia,2023,id,OCW_UI,30,6369457,READY_FOR_INDEXING,data\raw\material\Fakultas_Ilmu_Pengetahuan_Budaya\PDF_Panduan_Penggunaan_Referen.pdf,b9a2326f4d03a310da6ab53a65aeb187597e75a0defe997ff2499bd098624924
MAT-000727,MATERIAL,PDF_Strategi Pencarian Informasi Menggunakan Search EngineFile,"[""Fakultas Ilmu Pengetahuan Budaya, Universitas Indonesia""]",DASAR TEKNOLOGI PENGELOLAAN INFORMASI,Universitas Indonesia,2023,id,OCW_UI,40,18477857,READY_FOR_INDEXING,data\raw\material\Fakultas_Ilmu_Pengetahuan_Budaya\PDF_Strategi_Pencarian_Informa.pdf,d6878e4ac280fdcb5ce921a73d820020ff83ac2345cc61b3e21ea4fcb32f0760
MAT-000728,MATERIAL,PDF_Pengantar Teknologi WebFile,"[""Fakultas Ilmu Pengetahuan Budaya, Universitas Indonesia""]",DASAR TEKNOLOGI PENGELOLAAN INFORMASI,Universitas Indonesia,2023,id,OCW_UI,49,4206948,READY_FOR_INDEXING,data\raw\material\Fakultas_Ilmu_Pengetahuan_Budaya\PDF_Pengantar_Teknologi_WebFil.pdf,9be2e7f5bf41576b30079c1142f3aaa93a961623d3a86c60985f52d7258d5f5a
MAT-000729,MATERIAL,PDF_HTML Dasar (PPT)File,"[""Fakultas Ilmu Pengetahuan Budaya, Universitas Indonesia""]",DASAR TEKNOLOGI PENGELOLAAN INFORMASI,Universitas Indonesia,2023,en,OCW_UI,21,732617,READY_FOR_INDEXING,data\raw\material\Fakultas_Ilmu_Pengetahuan_Budaya\PDF_HTML_Dasar__PPT_File.pdf,eb0661270a3dad915caaa78533ec5e80148c2c41267a2d66036855e4678776ee
MAT-000730,MATERIAL,PDF_CSS Dasar (PPT)File,"[""Fakultas Ilmu Pengetahuan Budaya, Universitas Indonesia""]",DASAR TEKNOLOGI PENGELOLAAN INFORMASI,Universitas Indonesia,2023,en,OCW_UI,20,3455653,READY_FOR_INDEXING,data\raw\material\Fakultas_Ilmu_Pengetahuan_Budaya\PDF_CSS_Dasar__PPT_File.pdf,e63930a4770cc4299bd7e9c389074b89a7e4c1886cdbdb717dc3ecc9ead2c8c9
MAT-000731,MATERIAL,PDF_BRP MK DOI - versi PJJFile,"[""Fakultas Ilmu Pengetahuan Budaya, Universitas Indonesia""]",DASAR-DASAR ORGANISASI INFORMASI,Universitas Indonesia,2023,id,OCW_UI,13,307378,READY_FOR_INDEXING,data\raw\material\Fakultas_Ilmu_Pengetahuan_Budaya\PDF_BRP_MK_DOI_-_versi_PJJFile.pdf,a75d9ad7ed4377a33dc67e5f55b7f1b107ff31fbe302257cb59d91c52424cee5
MAT-000732,MATERIAL,PDF_Analisis SubyekFile,"[""Fakultas Ilmu Pengetahuan Budaya, Universitas Indonesia""]",DASAR-DASAR ORGANISASI INFORMASI,Universitas Indonesia,2023,en,OCW_UI,14,527625,READY_FOR_INDEXING,data\raw\material\Fakultas_Ilmu_Pengetahuan_Budaya\PDF_Analisis_SubyekFile.pdf,52a866c449129b4eb5edc337553fea1b2fc037e201b9051c8f5a157af8592c91
MAT-000733,MATERIAL,PDF_MetadataFile,"[""Fakultas Ilmu Pengetahuan Budaya, Universitas Indonesia""]",DASAR-DASAR ORGANISASI INFORMASI,Universitas Indonesia,2023,en,OCW_UI,12,452854,READY_FOR_INDEXING,data\raw\material\Fakultas_Ilmu_Pengetahuan_Budaya\PDF_MetadataFile.pdf,18224b03036f4bdb26841bc4338dd7ade4f25c97d2809ce67d7f6fc9e95a8aa9
MAT-000734,MATERIAL,PDF_Vocabulary ControlFile,"[""Fakultas Ilmu Pengetahuan Budaya, Universitas Indonesia""]",DASAR-DASAR ORGANISASI INFORMASI,Universitas Indonesia,2023,en,OCW_UI,7,368628,READY_FOR_INDEXING,data\raw\material\Fakultas_Ilmu_Pengetahuan_Budaya\PDF_Vocabulary_ControlFile.pdf,59d1ec52c6393726f2e8e9ed2a4105ba77350f911c8cbafd93dd9cb4c5b741db
MAT-000735,MATERIAL,PDF_BRP DIPIK (PJJ)File,"[""Fakultas Ilmu Pengetahuan Budaya, Universitas Indonesia""]","DASAR-DASAR ILMU PERPUSTAKAAN, INFORMASI DAN KEARSIPAN",Universitas Indonesia,2023,id,OCW_UI,23,252768,READY_FOR_INDEXING,data\raw\material\Fakultas_Ilmu_Pengetahuan_Budaya\PDF_BRP_DIPIK__PJJ_File.pdf,692637fc42f0b4671c366d3ac573fd710a6cb7a8c13a25f543d5e1c6e93807d0
MAT-000736,MATERIAL,PDF_Karakteristik dan Prinsip Arsip (PPT)File,"[""Fakultas Ilmu Pengetahuan Budaya, Universitas Indonesia""]","DASAR-DASAR ILMU PERPUSTAKAAN, INFORMASI DAN KEARSIPAN",Universitas Indonesia,2023,id,OCW_UI,9,1144420,READY_FOR_INDEXING,data\raw\material\Fakultas_Ilmu_Pengetahuan_Budaya\PDF_Karakteristik_dan_Prinsip.pdf,3fc1203cfce2a6574f3f05134083451ef64a9809f5ab25a455d267ee931c9a39
MAT-000737,MATERIAL,Introduction to the course,"[""Fakultas Ilmu Pengetahuan Budaya, Universitas Indonesia""]",Telaah Teks Sastra Berbahasa Inggris,Universitas Indonesia,2023,en,OCW_UI,4,1705686,READY_FOR_INDEXING,data\raw\material\Fakultas_Ilmu_Pengetahuan_Budaya\Introduction_to_the_course.pptx,4d8fd56fa52a13c597f59796554ee737313d502fe5d79023e835d6f1cf176ce2
MAT-000738,MATERIAL,"Practice on Poetic Devices in ""Mirror"" by Sylvia PlathFile","[""Fakultas Ilmu Pengetahuan Budaya, Universitas Indonesia""]",Telaah Teks Sastra Berbahasa Inggris,Universitas Indonesia,2023,en,OCW_UI,2,3869389,READY_FOR_INDEXING,data\raw\material\Fakultas_Ilmu_Pengetahuan_Budaya\Practice_on_Poetic_Devices_in.pptx,dd26faa35ea2b3b04a5f6ac8e92cf9bd35fcc99594541e4874e4836848ede109
MAT-000739,MATERIAL,Practice on Poetic Devices in Photograph by Bert EdelmanFile,"[""Fakultas Ilmu Pengetahuan Budaya, Universitas Indonesia""]",Telaah Teks Sastra Berbahasa Inggris,Universitas Indonesia,2023,en,OCW_UI,2,3869831,READY_FOR_INDEXING,data\raw\material\Fakultas_Ilmu_Pengetahuan_Budaya\Practice_on_Poetic_Devices_in.pptx,91a7429d49639ec00d62d8625c7476dc075e3c2f1e86c6a08d30debea9b84322
MAT-000740,MATERIAL,Short story - Tell-tale HeartFile,"[""Fakultas Ilmu Pengetahuan Budaya, Universitas Indonesia""]",Telaah Teks Sastra Berbahasa Inggris,Universitas Indonesia,2023,en,OCW_UI,6,1330347,READY_FOR_INDEXING,data\raw\material\Fakultas_Ilmu_Pengetahuan_Budaya\Short_story_-_Tell-tale_HeartF.pdf,ba5cabd99f59ddd89152e82c0cd102a0299aa0bc1c60df20b62d540cd428b0d2
MAT-000741,MATERIAL,Short story - Story of an hourFile,"[""Fakultas Ilmu Pengetahuan Budaya, Universitas Indonesia""]",Telaah Teks Sastra Berbahasa Inggris,Universitas Indonesia,2023,en,OCW_UI,6,573087,READY_FOR_INDEXING,data\raw\material\Fakultas_Ilmu_Pengetahuan_Budaya\Short_story_-_Story_of_an_hour.pdf,4b8deb50457d7b144493ba352b604701e0cab4bfa96262b7e930989634b5678c
MAT-000742,MATERIAL,Young Goodman BrownFile,"[""Fakultas Ilmu Pengetahuan Budaya, Universitas Indonesia""]",Telaah Teks Sastra Berbahasa Inggris,Universitas Indonesia,2023,en,OCW_UI,10,60702,READY_FOR_INDEXING,data\raw\material\Fakultas_Ilmu_Pengetahuan_Budaya\Young_Goodman_BrownFile.pdf,fc2f273d3c9438cd0c0675fc12094f8bd565a9837180c13b629a88fee1d72912
MAT-000743,MATERIAL,The GuestFile,"[""Fakultas Ilmu Pengetahuan Budaya, Universitas Indonesia""]",Telaah Teks Sastra Berbahasa Inggris,Universitas Indonesia,2023,en,OCW_UI,8,85968,READY_FOR_INDEXING,data\raw\material\Fakultas_Ilmu_Pengetahuan_Budaya\The_GuestFile.pdf,30bb37e9a186612f688a52e3924e57893b6ac006c4e4d875325b7109e705ccb4
MAT-000744,MATERIAL,"Novellette: Lakhous Amara, Clash of Civilizations over the Elevator at the Piazza VittorioFile","[""Fakultas Ilmu Pengetahuan Budaya, Universitas Indonesia""]",Telaah Teks Sastra Berbahasa Inggris,Universitas Indonesia,2023,en,OCW_UI,97,879589,READY_FOR_INDEXING,data\raw\material\Fakultas_Ilmu_Pengetahuan_Budaya\Novellette__Lakhous_Amara__Cla.pdf,f66d92550bc1a948a81bf7f6f237e12463c20b3dab3f57cec5c271fc6386a472
MAT-000745,MATERIAL,Introduction to Political PsychologyFile,"[""Fakultas Psikologi, Universitas Indonesia""]",Psikologi Politik,Universitas Indonesia,2023,en,OCW_UI,537,3580607,READY_FOR_INDEXING,data\raw\material\Fakultas_Psikologi\Introduction_to_Political_Psyc.pdf,4ee3a0d3a63fc0bd795c9261daa51845625d4d3d4cfb5f552af3b2d6a96c2edf
MAT-000746,MATERIAL,Stereotype dan Prasangka dalam PolitikFile,"[""Fakultas Psikologi, Universitas Indonesia""]",Psikologi Politik,Universitas Indonesia,2023,id,OCW_UI,22,1038159,READY_FOR_INDEXING,data\raw\material\Fakultas_Psikologi\Stereotype_dan_Prasangka_dalam.pdf,f4a33cbc22de9ae4fdcd34c13a62fd8458212c6353e6c0604c8930b77eee6a2d
MAT-000747,MATERIAL,perilaku memilih,"[""Fakultas Psikologi, Universitas Indonesia""]",Psikologi Politik,Universitas Indonesia,2023,id,OCW_UI,18,277655,READY_FOR_INDEXING,data\raw\material\Fakultas_Psikologi\perilaku_memilih.pdf,e5d5912c6e034d526b15f6f731d9e390982d423b05fc3fa16697f7a8437a51bc
MAT-000748,MATERIAL,Panduan Tugas KelompokFile,"[""Fakultas Psikologi, Universitas Indonesia""]",Psikologi Politik,Universitas Indonesia,2023,id,OCW_UI,2,62395,READY_FOR_INDEXING,data\raw\material\Fakultas_Psikologi\Panduan_Tugas_KelompokFile.pdf,3bdbb53d170839e4b391a20fa9124569eed24831bbb200ef36f0c257f8100722
MAT-000749,MATERIAL,Penjelasan Tugas PsikoedukasiFile,"[""Fakultas Psikologi, Universitas Indonesia""]",Psikologi Politik,Universitas Indonesia,2023,id,OCW_UI,3,1535204,READY_FOR_INDEXING,data\raw\material\Fakultas_Psikologi\Penjelasan_Tugas_PsikoedukasiF.pdf,ddb192d1948181378e20e17a47ffffad53871ca6f6eaed75bf2ead25a689a7b0
MAT-000750,MATERIAL,Panduan Tugas Pengganti UASFile,"[""Fakultas Psikologi, Universitas Indonesia""]",Psikologi Politik,Universitas Indonesia,2023,id,OCW_UI,2,44942,READY_FOR_INDEXING,data\raw\material\Fakultas_Psikologi\Panduan_Tugas_Pengganti_UASFil.pdf,e71bf63641304de9cc1f89365d65799409963de2c6ffd97b22d910571e5cbe06
MAT-000751,MATERIAL,PSIKOLOGI MEDIA 2020 - syllabus - revFile,"[""Fakultas Psikologi, Universitas Indonesia""]",Psikologi Media,Universitas Indonesia,2023,id,OCW_UI,7,170900,READY_FOR_INDEXING,data\raw\material\Fakultas_Psikologi\PSIKOLOGI_MEDIA_2020_-_syllabu.pdf,611c898d14dd0b928e5f92cb38a4654277f207f05592fac334ef6fb4f3d182f8
MAT-000752,MATERIAL,Bab bukuFile,"[""Fakultas Psikologi, Universitas Indonesia""]",Psikologi Media,Universitas Indonesia,2023,en,OCW_UI,657,4403026,READY_FOR_INDEXING,data\raw\material\Fakultas_Psikologi\Bab_bukuFile.pdf,f457d0a166624cb42d0e3638d7a9d9f72bc5a0da33348e361636cd395d4fc54b
MAT-000753,MATERIAL,Cultivation  Social Cognitive - DiscussionFile,"[""Fakultas Psikologi, Universitas Indonesia""]",Psikologi Media,Universitas Indonesia,2023,en,OCW_UI,1,116709,READY_FOR_INDEXING,data\raw\material\Fakultas_Psikologi\Cultivation__Social_Cognitive.pdf,97b5a14edefbc375021912788df767abfa5192e86d2d0a39d8a953fcdb0e1c89
MAT-000754,MATERIAL,UTS Psi Media 2020File,"[""Fakultas Psikologi, Universitas Indonesia""]",Psikologi Media,Universitas Indonesia,2023,id,OCW_UI,3,452910,READY_FOR_INDEXING,data\raw\material\Fakultas_Psikologi\UTS_Psi_Media_2020File.pdf,c279365b2669f88d81017e673658c00e3293836372c35daf4312a829dc22daa9
MAT-000755,MATERIAL,Psi Media - Panduan Refleksi FilmFile,"[""Fakultas Psikologi, Universitas Indonesia""]",Psikologi Media,Universitas Indonesia,2023,id,OCW_UI,1,168827,READY_FOR_INDEXING,data\raw\material\Fakultas_Psikologi\Psi_Media_-_Panduan_Refleksi_F.pdf,b5d58c2b2369f1e0830cee9b66a7d3d1ac6eb4b7e6a8f40df11d87581b132825
MAT-000756,MATERIAL,Tugas Podcast - Psi MediaFile,"[""Fakultas Psikologi, Universitas Indonesia""]",Psikologi Media,Universitas Indonesia,2023,id,OCW_UI,1,77020,READY_FOR_INDEXING,data\raw\material\Fakultas_Psikologi\Tugas_Podcast_-_Psi_MediaFile.pdf,3258cafeff40c7cf7131cae5471b9c9112d9dc401db3cf5de7d4edac607e0681
MAT-000757,MATERIAL,PPT Sesi 1File,"[""Fakultas Ilmu Sosial & Ilmu Politik, Universitas Indonesia""]","Stratifikasi, Mobilitas dan  Kebijakan Sosial",Universitas Indonesia,2023,id,OCW_UI,27,1145738,READY_FOR_INDEXING,data\raw\material\Fakultas_Ilmu_Sosial___Ilmu_Politik\PPT_Sesi_1File.pptx,28bd9a11052fd1e0ed9272be8eda15325816ec2bd74c428a9923448d17cec7df
MAT-000758,MATERIAL,PPT Sesi 2File,"[""Fakultas Ilmu Sosial & Ilmu Politik, Universitas Indonesia""]","Stratifikasi, Mobilitas dan  Kebijakan Sosial",Universitas Indonesia,2023,id,OCW_UI,16,844352,READY_FOR_INDEXING,data\raw\material\Fakultas_Ilmu_Sosial___Ilmu_Politik\PPT_Sesi_2File.pptx,caea6e2b6d88e9b601fd6a0ca0ff7e97162e6c69e91ab4a2c87a1f25ed88d427
MAT-000759,MATERIAL,PPT Sesi 3File,"[""Fakultas Ilmu Sosial & Ilmu Politik, Universitas Indonesia""]","Stratifikasi, Mobilitas dan  Kebijakan Sosial",Universitas Indonesia,2023,en,OCW_UI,42,1783656,READY_FOR_INDEXING,data\raw\material\Fakultas_Ilmu_Sosial___Ilmu_Politik\PPT_Sesi_3File.pptx,68bca388bb5163624c6424e84d10d097cc828ca614c6c133ffe89292f4cd9711
MAT-000760,MATERIAL,Breen_Social Mobility in EuropeFile,"[""Fakultas Ilmu Sosial & Ilmu Politik, Universitas Indonesia""]","Stratifikasi, Mobilitas dan  Kebijakan Sosial",Universitas Indonesia,2023,en,OCW_UI,468,3272418,READY_FOR_INDEXING,data\raw\material\Fakultas_Ilmu_Sosial___Ilmu_Politik\Breen_Social_Mobility_in_Europ.pdf,02f673421741f111b7be066ee65950d19d3fb3e7999ea9e1302f5df9c9163e46
MAT-000761,MATERIAL,PPT Sesi 5File,"[""Fakultas Ilmu Sosial & Ilmu Politik, Universitas Indonesia""]","Stratifikasi, Mobilitas dan  Kebijakan Sosial",Universitas Indonesia,2023,id,OCW_UI,44,1021439,READY_FOR_INDEXING,data\raw\material\Fakultas_Ilmu_Sosial___Ilmu_Politik\PPT_Sesi_5File.pptx,a132eb4fe7c77411b9d6ca69a1b758413cd91ca198cc6bc3e8beffb39e0c991c
MAT-000762,MATERIAL,PPT Sesi 6File,"[""Fakultas Ilmu Sosial & Ilmu Politik, Universitas Indonesia""]","Stratifikasi, Mobilitas dan  Kebijakan Sosial",Universitas Indonesia,2023,id,OCW_UI,43,1019355,READY_FOR_INDEXING,data\raw\material\Fakultas_Ilmu_Sosial___Ilmu_Politik\PPT_Sesi_6File.pptx,2072971ceb2b819811b164f5d38d4dbc21f37255fcbf76516184339b6d2e6c00
MAT-000763,MATERIAL,PPT Sesi 7File,"[""Fakultas Ilmu Sosial & Ilmu Politik, Universitas Indonesia""]","Stratifikasi, Mobilitas dan  Kebijakan Sosial",Universitas Indonesia,2023,id,OCW_UI,43,5319447,READY_FOR_INDEXING,data\raw\material\Fakultas_Ilmu_Sosial___Ilmu_Politik\PPT_Sesi_7File.pptx,68482e60b0c3fd0419e4fecac6e54d9406aa6c6a8f572d39fc19a468f3165d99
MAT-000764,MATERIAL,Tesis Muhammad Khairul Imam 2018File,"[""Fakultas Ilmu Sosial & Ilmu Politik, Universitas Indonesia""]","Stratifikasi, Mobilitas dan  Kebijakan Sosial",Universitas Indonesia,2023,id,OCW_UI,123,3398800,READY_FOR_INDEXING,data\raw\material\Fakultas_Ilmu_Sosial___Ilmu_Politik\Tesis_Muhammad_Khairul_Imam_20.pdf,d7dee155c17544278e02192a63f6d9eb52bc22fab7ae024747101bd5a6190fc5
MAT-000765,MATERIAL,PPT Sesi 9File,"[""Fakultas Ilmu Sosial & Ilmu Politik, Universitas Indonesia""]","Stratifikasi, Mobilitas dan  Kebijakan Sosial",Universitas Indonesia,2023,id,OCW_UI,27,875472,READY_FOR_INDEXING,data\raw\material\Fakultas_Ilmu_Sosial___Ilmu_Politik\PPT_Sesi_9File.pptx,5e08f029535b0704bcd06948961b8cd97a3a49dc606aaffcebddac694bc023db
MAT-000766,MATERIAL,"Disertasi Indera R I Pattinasarany, 2012File","[""Fakultas Ilmu Sosial & Ilmu Politik, Universitas Indonesia""]","Stratifikasi, Mobilitas dan  Kebijakan Sosial",Universitas Indonesia,2023,id,OCW_UI,231,1166181,READY_FOR_INDEXING,data\raw\material\Fakultas_Ilmu_Sosial___Ilmu_Politik\Disertasi_Indera_R_I_Pattinasa.pdf,76c3e254d93c6ea5ea80901c109fc7de055ccce2e51ec98214edb753e1e71051
MAT-000767,MATERIAL,PPT Sesi 10File,"[""Fakultas Ilmu Sosial & Ilmu Politik, Universitas Indonesia""]","Stratifikasi, Mobilitas dan  Kebijakan Sosial",Universitas Indonesia,2023,id,OCW_UI,32,939149,READY_FOR_INDEXING,data\raw\material\Fakultas_Ilmu_Sosial___Ilmu_Politik\PPT_Sesi_10File.pptx,78e8d95f6043da57a6267d52cfb0301e0da7a89c2d9f935cbcf87ed7ffeaff09
MAT-000768,MATERIAL,"Skripsi Tiara Wahyuningtyas, 2017File","[""Fakultas Ilmu Sosial & Ilmu Politik, Universitas Indonesia""]","Stratifikasi, Mobilitas dan  Kebijakan Sosial",Universitas Indonesia,2023,id,OCW_UI,171,2928971,READY_FOR_INDEXING,data\raw\material\Fakultas_Ilmu_Sosial___Ilmu_Politik\Skripsi_Tiara_Wahyuningtyas__2.pdf,e801121ae4e752ea9b77d8b854bc03b262db954b0a6411cdc4bb1c80699bac0a
MAT-000769,MATERIAL,Skripsi Mery Yalestri SariFile,"[""Fakultas Ilmu Sosial & Ilmu Politik, Universitas Indonesia""]","Stratifikasi, Mobilitas dan  Kebijakan Sosial",Universitas Indonesia,2023,id,OCW_UI,359,5363145,READY_FOR_INDEXING,data\raw\material\Fakultas_Ilmu_Sosial___Ilmu_Politik\Skripsi_Mery_Yalestri_SariFile.pdf,0480addbd38526555bbbc1086e80f310770d9f9e5849b5722421179a93887813
MAT-000770,MATERIAL,Lampiran Program Mapping - Cecep Hidayat - Pengantar Ilmu PolitikFile,"[""Fakultas Ilmu Sosial & Ilmu Politik, Universitas Indonesia""]",Pengantar Ilmu Politik,Universitas Indonesia,2023,id,OCW_UI,1,58726,READY_FOR_INDEXING,data\raw\material\Fakultas_Ilmu_Sosial___Ilmu_Politik\Lampiran_Program_Mapping_-_Cec.pdf,cf5c2ce939f596fbaed92c0467c4b7ff3462c8e3eb9125586d9451dea4274e8e
MAT-000771,MATERIAL,BRP - Cecep Hidayat - Pengantar Ilmu PolitikFile,"[""Fakultas Ilmu Sosial & Ilmu Politik, Universitas Indonesia""]",Pengantar Ilmu Politik,Universitas Indonesia,2023,id,OCW_UI,17,221968,READY_FOR_INDEXING,data\raw\material\Fakultas_Ilmu_Sosial___Ilmu_Politik\BRP_-_Cecep_Hidayat_-_Penganta.pdf,e3520811002fd11a147549468cba810aea2d8236befa0114c629759764e9b225
MAT-000772,MATERIAL,OCW 2013 - PIP 01 Pengantar PerkuliahanFile,"[""Fakultas Ilmu Sosial & Ilmu Politik, Universitas Indonesia""]",Pengantar Ilmu Politik,Universitas Indonesia,2023,id,OCW_UI,9,471473,READY_FOR_INDEXING,data\raw\material\Fakultas_Ilmu_Sosial___Ilmu_Politik\OCW_2013_-_PIP_01_Pengantar_Pe.pdf,7db60a823df0c94409e3f71c9c57860bafec0c09e3316167c1251e52eb5f93b7
MAT-000773,MATERIAL,OCW 2013 - PIP 02 Konsep-Konsep Dasar dalam Ilmu PolitikFile,"[""Fakultas Ilmu Sosial & Ilmu Politik, Universitas Indonesia""]",Pengantar Ilmu Politik,Universitas Indonesia,2023,id,OCW_UI,33,535368,READY_FOR_INDEXING,data\raw\material\Fakultas_Ilmu_Sosial___Ilmu_Politik\OCW_2013_-_PIP_02_Konsep-Konse.pdf,606080aa4b07bbf59c458b218c8ba8311afcd579ff6003d680efff81996aada4
MAT-000774,MATERIAL,OCW 2013 - PIP 03 Pendekatan-Pendekatan dalam Ilmu PolitikFile,"[""Fakultas Ilmu Sosial & Ilmu Politik, Universitas Indonesia""]",Pengantar Ilmu Politik,Universitas Indonesia,2023,id,OCW_UI,19,507801,READY_FOR_INDEXING,data\raw\material\Fakultas_Ilmu_Sosial___Ilmu_Politik\OCW_2013_-_PIP_03_Pendekatan-P.pdf,19ce0b36e105ee13e506ee03ede9746adf0e343b389dc9724a4c5bcccbc76a57
MAT-000775,MATERIAL,OCW 2013 - PIP 04 Lembaga EksekutifFile,"[""Fakultas Ilmu Sosial & Ilmu Politik, Universitas Indonesia""]",Pengantar Ilmu Politik,Universitas Indonesia,2023,id,OCW_UI,11,477085,READY_FOR_INDEXING,data\raw\material\Fakultas_Ilmu_Sosial___Ilmu_Politik\OCW_2013_-_PIP_04_Lembaga_Ekse.pdf,12615607959e5cbcf2192fb6ef4bb5d2c04cc1bcfcc9fe028f8f7fabea92b84d
MAT-000776,MATERIAL,OCW 2013 - PIP 05 Lembaga LegislatifFile,"[""Fakultas Ilmu Sosial & Ilmu Politik, Universitas Indonesia""]",Pengantar Ilmu Politik,Universitas Indonesia,2023,id,OCW_UI,15,496139,READY_FOR_INDEXING,data\raw\material\Fakultas_Ilmu_Sosial___Ilmu_Politik\OCW_2013_-_PIP_05_Lembaga_Legi.pdf,189f71049ea682d48ec3530572ac82563d1b71c6960612f50ea67d9d18fd15c7
MAT-000777,MATERIAL,OCW 2013 - PIP 06 Lembaga YudikatifFile,"[""Fakultas Ilmu Sosial & Ilmu Politik, Universitas Indonesia""]",Pengantar Ilmu Politik,Universitas Indonesia,2023,id,OCW_UI,17,499227,READY_FOR_INDEXING,data\raw\material\Fakultas_Ilmu_Sosial___Ilmu_Politik\OCW_2013_-_PIP_06_Lembaga_Yudi.pdf,24909306155d74771ee7c425e7f702c9f155e08b840d6bfd6945968d9e814af3
MAT-000778,MATERIAL,OCW 2013 - PIP 07 Budaya dan Sosialisasi PolitikFile,"[""Fakultas Ilmu Sosial & Ilmu Politik, Universitas Indonesia""]",Pengantar Ilmu Politik,Universitas Indonesia,2023,id,OCW_UI,13,481271,READY_FOR_INDEXING,data\raw\material\Fakultas_Ilmu_Sosial___Ilmu_Politik\OCW_2013_-_PIP_07_Budaya_dan_S.pdf,55a29e97ff8de9a852b7e75f22a99f3c00237016b7dac4fa128c725fa0d52be3
MAT-000779,MATERIAL,OCW 2013 - PIP 08 Komunikasi Politik dan Opini PublikFile,"[""Fakultas Ilmu Sosial & Ilmu Politik, Universitas Indonesia""]",Pengantar Ilmu Politik,Universitas Indonesia,2023,id,OCW_UI,17,486228,READY_FOR_INDEXING,data\raw\material\Fakultas_Ilmu_Sosial___Ilmu_Politik\OCW_2013_-_PIP_08_Komunikasi_P.pdf,b341e24858b60ee1b075eadbb3f3503f1c7550ce12daa4ceeabee6eab4e6debf
MAT-000780,MATERIAL,OCW 2013 - PIP 09 Partai PolitikFile,"[""Fakultas Ilmu Sosial & Ilmu Politik, Universitas Indonesia""]",Pengantar Ilmu Politik,Universitas Indonesia,2023,id,OCW_UI,17,506069,READY_FOR_INDEXING,data\raw\material\Fakultas_Ilmu_Sosial___Ilmu_Politik\OCW_2013_-_PIP_09_Partai_Polit.pdf,89816c044fdb76350ceb44b5d95fdd038b4827b8689dd3a53d250bad32740163
MAT-000781,MATERIAL,OCW 2013 - PIP 10 Partisipasi Politik dan Pemilihan UmumFile,"[""Fakultas Ilmu Sosial & Ilmu Politik, Universitas Indonesia""]",Pengantar Ilmu Politik,Universitas Indonesia,2023,id,OCW_UI,21,502600,READY_FOR_INDEXING,data\raw\material\Fakultas_Ilmu_Sosial___Ilmu_Politik\OCW_2013_-_PIP_10_Partisipasi.pdf,20da2d91266a42918cb8b620ef6d4c9b1cd2ea17fab5440bc857f650d25f0abf
MAT-000782,MATERIAL,OCW 2013 - PIP 11 Ideologi PolitikFile,"[""Fakultas Ilmu Sosial & Ilmu Politik, Universitas Indonesia""]",Pengantar Ilmu Politik,Universitas Indonesia,2023,id,OCW_UI,18,491839,READY_FOR_INDEXING,data\raw\material\Fakultas_Ilmu_Sosial___Ilmu_Politik\OCW_2013_-_PIP_11_Ideologi_Pol.pdf,ade81600980cd2ebf82764349c45dc9c311854b82a4399b20701f7cb807a0b32
MAT-000783,MATERIAL,OCW 2013 - PIP 12 DemokrasiFile,"[""Fakultas Ilmu Sosial & Ilmu Politik, Universitas Indonesia""]",Pengantar Ilmu Politik,Universitas Indonesia,2023,id,OCW_UI,16,484893,READY_FOR_INDEXING,data\raw\material\Fakultas_Ilmu_Sosial___Ilmu_Politik\OCW_2013_-_PIP_12_DemokrasiFil.pdf,306413137bcdf6d731805d45bd6015de81e6c2cf5f502684fd89c93ad9de9e96
MAT-000784,MATERIAL,OCW 2013 - PIP 13 Hak Asasi ManusiaFile,"[""Fakultas Ilmu Sosial & Ilmu Politik, Universitas Indonesia""]",Pengantar Ilmu Politik,Universitas Indonesia,2023,id,OCW_UI,19,516852,READY_FOR_INDEXING,data\raw\material\Fakultas_Ilmu_Sosial___Ilmu_Politik\OCW_2013_-_PIP_13_Hak_Asasi_Ma.pdf,1e759110938129e516fe289e986acea15ac30eeaf3505c9b5c62f0a0a501d9f1
MAT-000785,MATERIAL,OCW 2013 - PIP 14 Evaluasi PerkuliahanFile,"[""Fakultas Ilmu Sosial & Ilmu Politik, Universitas Indonesia""]",Pengantar Ilmu Politik,Universitas Indonesia,2023,id,OCW_UI,4,448810,READY_FOR_INDEXING,data\raw\material\Fakultas_Ilmu_Sosial___Ilmu_Politik\OCW_2013_-_PIP_14_Evaluasi_Per.pdf,6f282a44835d49e88220d3d527d93fe577d4f13609a2283191f3a1acf060bad2
MAT-000786,MATERIAL,Sesi 1File,"[""Fakultas Kesehatan Masyarakat, Universitas Indonesia""]",Manajemen Risiko,Universitas Indonesia,2023,en,OCW_UI,14,1844873,READY_FOR_INDEXING,data\raw\material\Fakultas_Kesehatan_Masyarakat\Sesi_1File.pptx,29a74a5eb6279eff457bb160a9bb6b02f5a4149065acb775e2d3a5b0d076b0bd
MAT-000787,MATERIAL,Sesi 2File,"[""Fakultas Kesehatan Masyarakat, Universitas Indonesia""]",Manajemen Risiko,Universitas Indonesia,2023,en,OCW_UI,17,1614453,READY_FOR_INDEXING,data\raw\material\Fakultas_Kesehatan_Masyarakat\Sesi_2File.pptx,e2582741ecc9f8392a81d64b42638f91c7bb2319a4e449f7c07fecb3a51d45f8
MAT-000788,MATERIAL,Sesi 3File,"[""Fakultas Kesehatan Masyarakat, Universitas Indonesia""]",Manajemen Risiko,Universitas Indonesia,2023,id,OCW_UI,10,1761911,READY_FOR_INDEXING,data\raw\material\Fakultas_Kesehatan_Masyarakat\Sesi_3File.pptx,35bf3c3f591224a5a34ba2f1fb9c41fb1467d5541333626994545b9a4f296da9
MAT-000789,MATERIAL,Sesi 4File,"[""Fakultas Kesehatan Masyarakat, Universitas Indonesia""]",Manajemen Risiko,Universitas Indonesia,2023,id,OCW_UI,17,2000988,READY_FOR_INDEXING,data\raw\material\Fakultas_Kesehatan_Masyarakat\Sesi_4File.pptx,4ea2e78df8cda50623772f18bd710800a88d40cea811e9c8c79b8cfb49c4560e
MAT-000790,MATERIAL,Sesi 5File,"[""Fakultas Kesehatan Masyarakat, Universitas Indonesia""]",Manajemen Risiko,Universitas Indonesia,2023,en,OCW_UI,13,1157252,READY_FOR_INDEXING,data\raw\material\Fakultas_Kesehatan_Masyarakat\Sesi_5File.pptx,9f12817403dab1d89378c149b84b0d013a4ebf783ff38f48aeaebde1196eac48
MAT-000791,MATERIAL,Sesi 6File,"[""Fakultas Kesehatan Masyarakat, Universitas Indonesia""]",Manajemen Risiko,Universitas Indonesia,2023,en,OCW_UI,18,864860,READY_FOR_INDEXING,data\raw\material\Fakultas_Kesehatan_Masyarakat\Sesi_6File.pptx,b0b068fd9c182ff922ece73f518f708cbab93c7c20e5aac4f7b169435d4c1386
MAT-000792,MATERIAL,Sesi 7File,"[""Fakultas Kesehatan Masyarakat, Universitas Indonesia""]",Manajemen Risiko,Universitas Indonesia,2023,id,OCW_UI,28,2096765,READY_FOR_INDEXING,data\raw\material\Fakultas_Kesehatan_Masyarakat\Sesi_7File.pptx,5f6eeebf78847f4f772305e92c7bf776cab7934a47e4dda3124a5c5fecff83cb
MAT-000793,MATERIAL,Sesi 8File,"[""Fakultas Kesehatan Masyarakat, Universitas Indonesia""]",Manajemen Risiko,Universitas Indonesia,2023,id,OCW_UI,19,1488806,READY_FOR_INDEXING,data\raw\material\Fakultas_Kesehatan_Masyarakat\Sesi_8File.pptx,1a3484417de8387228aa236279afe215df24c7f3bb73d182d87249ca7d74d1f2
MAT-000794,MATERIAL,Sesi 9File,"[""Fakultas Kesehatan Masyarakat, Universitas Indonesia""]",Manajemen Risiko,Universitas Indonesia,2023,en,OCW_UI,11,3739157,READY_FOR_INDEXING,data\raw\material\Fakultas_Kesehatan_Masyarakat\Sesi_9File.pptx,f7c0dfb69be6dda6f0b4b33913aac951b4287d56865bee062b5dfe846cc5ff44
MAT-000795,MATERIAL,Sesi 10File,"[""Fakultas Kesehatan Masyarakat, Universitas Indonesia""]",Manajemen Risiko,Universitas Indonesia,2023,en,OCW_UI,14,3686612,READY_FOR_INDEXING,data\raw\material\Fakultas_Kesehatan_Masyarakat\Sesi_10File.pptx,e0b4c2e295e53d93c85f98a55c3d10560f5f6d7aaf0efdbb0ef3a87458458a1b
MAT-000796,MATERIAL,Sesi 11File,"[""Fakultas Kesehatan Masyarakat, Universitas Indonesia""]",Manajemen Risiko,Universitas Indonesia,2023,en,OCW_UI,20,754800,READY_FOR_INDEXING,data\raw\material\Fakultas_Kesehatan_Masyarakat\Sesi_11File.pptx,56ba8d0b424d85ff6f26a3782baf7f7367ec22f7521ced23bbb93f1550a4937a
MAT-000797,MATERIAL,Sesi 12File,"[""Fakultas Kesehatan Masyarakat, Universitas Indonesia""]",Manajemen Risiko,Universitas Indonesia,2023,en,OCW_UI,19,395627,READY_FOR_INDEXING,data\raw\material\Fakultas_Kesehatan_Masyarakat\Sesi_12File.pptx,a0b4b317aadd812ef6dbb5e97b75a1cf2b4a0c7a1e59cdec948b322747a36748
MAT-000798,MATERIAL,Sesi 13 dan 14File,"[""Fakultas Kesehatan Masyarakat, Universitas Indonesia""]",Manajemen Risiko,Universitas Indonesia,2023,en,OCW_UI,54,2357427,READY_FOR_INDEXING,data\raw\material\Fakultas_Kesehatan_Masyarakat\Sesi_13_dan_14File.pptx,adad5963ea7c1abc4c27cb4d23c951f4a6546d8e75544cc2e52a6757637ff1f6
MAT-000799,MATERIAL,1. Introduction of Environmental HealthFile,"[""Fakultas Kesehatan Masyarakat, Universitas Indonesia""]",Dasar Kesehatan Lingkungan (BASIC ENVIRONMENTAL HEALTH),Universitas Indonesia,2023,en,OCW_UI,9,1009997,READY_FOR_INDEXING,data\raw\material\Fakultas_Kesehatan_Masyarakat\1__Introduction_of_Environment.pdf,01222a483bf3bf44bc60bc687b15d6baf457609d5f8e3769a187cc3351f8dfc3
MAT-000800,MATERIAL,2. Overview of Environmental HealthFile,"[""Fakultas Kesehatan Masyarakat, Universitas Indonesia""]",Dasar Kesehatan Lingkungan (BASIC ENVIRONMENTAL HEALTH),Universitas Indonesia,2023,en,OCW_UI,12,1550202,READY_FOR_INDEXING,data\raw\material\Fakultas_Kesehatan_Masyarakat\2__Overview_of_Environmental_H.pdf,4a8a4da9880ff25180ae12ce8d1fe83803f1733ebd101c48b68098d09648f33b
MAT-000801,MATERIAL,3. Introduction of Ecology and EcosystemFile,"[""Fakultas Kesehatan Masyarakat, Universitas Indonesia""]",Dasar Kesehatan Lingkungan (BASIC ENVIRONMENTAL HEALTH),Universitas Indonesia,2023,en,OCW_UI,13,1859828,READY_FOR_INDEXING,data\raw\material\Fakultas_Kesehatan_Masyarakat\3__Introduction_of_Ecology_and.pdf,7fcd72e977e319dce37ae1f08ec7e0fc35573503258944ab8f46e49fe5a0d423
MAT-000802,MATERIAL,4. Disease-Causing Agents in the EnvironmentFile,"[""Fakultas Kesehatan Masyarakat, Universitas Indonesia""]",Dasar Kesehatan Lingkungan (BASIC ENVIRONMENTAL HEALTH),Universitas Indonesia,2023,en,OCW_UI,13,748188,READY_FOR_INDEXING,data\raw\material\Fakultas_Kesehatan_Masyarakat\4__Disease-Causing_Agents_in_t.pdf,3eb34a07a850ca97a9f3d33a942b0e7b925ff1e5c43e930bd8bb598484136588
MAT-000803,MATERIAL,5. Introduction of Air PollutionFile,"[""Fakultas Kesehatan Masyarakat, Universitas Indonesia""]",Dasar Kesehatan Lingkungan (BASIC ENVIRONMENTAL HEALTH),Universitas Indonesia,2023,en,OCW_UI,16,1363380,READY_FOR_INDEXING,data\raw\material\Fakultas_Kesehatan_Masyarakat\5__Introduction_of_Air_Polluti.pdf,34b15878aef4b656483d4f826d1a3118bb6569955959e38ea95df2fcd0bd63ba
MAT-000804,MATERIAL,6. Introduction of Water PollutionFile,"[""Fakultas Kesehatan Masyarakat, Universitas Indonesia""]",Dasar Kesehatan Lingkungan (BASIC ENVIRONMENTAL HEALTH),Universitas Indonesia,2023,en,OCW_UI,14,1030429,READY_FOR_INDEXING,data\raw\material\Fakultas_Kesehatan_Masyarakat\6__Introduction_of_Water_Pollu.pdf,7a10513c1a55e2f3d82566dbbc48882bd0e83e3a9100e2ba1aac5a808b62e98a
MAT-000805,MATERIAL,7. Introduction of Food ContaminationFile,"[""Fakultas Kesehatan Masyarakat, Universitas Indonesia""]",Dasar Kesehatan Lingkungan (BASIC ENVIRONMENTAL HEALTH),Universitas Indonesia,2023,en,OCW_UI,12,971164,READY_FOR_INDEXING,data\raw\material\Fakultas_Kesehatan_Masyarakat\7__Introduction_of_Food_Contam.pdf,d5f6957879a1b583d92a5c00843b3ed04e10ba254368d8e793ffabde3cdf733c
MAT-000806,MATERIAL,9. Vectors and Disease-Carrying AnimalsFile,"[""Fakultas Kesehatan Masyarakat, Universitas Indonesia""]",Dasar Kesehatan Lingkungan (BASIC ENVIRONMENTAL HEALTH),Universitas Indonesia,2023,en,OCW_UI,14,1221622,READY_FOR_INDEXING,data\raw\material\Fakultas_Kesehatan_Masyarakat\9__Vectors_and_Disease-Carryin.pdf,61f4b95c321e5e896ceea451b40be7f1f7cbc58848efe139eff8f6ad64225e85
MAT-000807,MATERIAL,10. Solid and WastewaterFile,"[""Fakultas Kesehatan Masyarakat, Universitas Indonesia""]",Dasar Kesehatan Lingkungan (BASIC ENVIRONMENTAL HEALTH),Universitas Indonesia,2023,en,OCW_UI,10,1744915,READY_FOR_INDEXING,data\raw\material\Fakultas_Kesehatan_Masyarakat\10__Solid_and_WastewaterFile.pdf,c777e2237cf8d793387c1a3e0f1cd14a8d92ecf68273c6aac937f8651a5f3be9
MAT-000808,MATERIAL,11. Environmental Health in Settlements and HousingFile,"[""Fakultas Kesehatan Masyarakat, Universitas Indonesia""]",Dasar Kesehatan Lingkungan (BASIC ENVIRONMENTAL HEALTH),Universitas Indonesia,2023,en,OCW_UI,13,1126021,READY_FOR_INDEXING,data\raw\material\Fakultas_Kesehatan_Masyarakat\11__Environmental_Health_in_Se.pdf,28c5981b5ec0dcb96128d44d845cde937498757327471553da95131e7801a484
MAT-000809,MATERIAL,12. Environmental Health in the IndustryFile,"[""Fakultas Kesehatan Masyarakat, Universitas Indonesia""]",Dasar Kesehatan Lingkungan (BASIC ENVIRONMENTAL HEALTH),Universitas Indonesia,2023,en,OCW_UI,12,1216456,READY_FOR_INDEXING,data\raw\material\Fakultas_Kesehatan_Masyarakat\12__Environmental_Health_in_th.pdf,823c9d26bf6d6975c560c78c3544b418ce53ddb846c9df30afdea2d3e5b506b3
MAT-000810,MATERIAL,"13. Environmental Health in Public Places, Tourism and TransportationFile","[""Fakultas Kesehatan Masyarakat, Universitas Indonesia""]",Dasar Kesehatan Lingkungan (BASIC ENVIRONMENTAL HEALTH),Universitas Indonesia,2023,en,OCW_UI,11,1406882,READY_FOR_INDEXING,data\raw\material\Fakultas_Kesehatan_Masyarakat\13__Environmental_Health_in_Pu.pdf,a87d3d7ddc5cbf506e06be107168d5d2f10ea4c021b3fb4eaec7c42f10444f28
MAT-000811,MATERIAL,14. Environmental Health in Agriculture and LivestockFile,"[""Fakultas Kesehatan Masyarakat, Universitas Indonesia""]",Dasar Kesehatan Lingkungan (BASIC ENVIRONMENTAL HEALTH),Universitas Indonesia,2023,en,OCW_UI,11,1680734,READY_FOR_INDEXING,data\raw\material\Fakultas_Kesehatan_Masyarakat\14__Environmental_Health_in_Ag.pdf,a2145b78719dd163090f023ac982e69d85dc73377531fbd42a5dec935644d8de
MAT-000812,MATERIAL,15. Global Environmental Health and Climate ChangeFile,"[""Fakultas Kesehatan Masyarakat, Universitas Indonesia""]",Dasar Kesehatan Lingkungan (BASIC ENVIRONMENTAL HEALTH),Universitas Indonesia,2023,en,OCW_UI,15,1632335,READY_FOR_INDEXING,data\raw\material\Fakultas_Kesehatan_Masyarakat\15__Global_Environmental_Healt.pdf,050f553f91463659ba25df7ce5829eabd6161a00da5526611bc450e539ec5f7a
MAT-000813,MATERIAL,Materi Perkuliahan Sesi 1File,"[""Fakultas Kesehatan Masyarakat, Universitas Indonesia""]","Kependudukan, lingkungan dan kesehatan",Universitas Indonesia,2023,id,OCW_UI,43,3934274,READY_FOR_INDEXING,data\raw\material\Fakultas_Kesehatan_Masyarakat\Materi_Perkuliahan_Sesi_1File.pdf,7230a1eea95df9f5241d18cdc0b4e74b625b2bc3208ac93dc4e7356feceb5b7b
MAT-000814,MATERIAL,Materi Perkuliahan Sesi 2File,"[""Fakultas Kesehatan Masyarakat, Universitas Indonesia""]","Kependudukan, lingkungan dan kesehatan",Universitas Indonesia,2023,id,OCW_UI,46,1515828,READY_FOR_INDEXING,data\raw\material\Fakultas_Kesehatan_Masyarakat\Materi_Perkuliahan_Sesi_2File.pdf,9b0198a3e70415db75db17babdd8e96cdce6d55ba89693664a05c4681667b8ca
MAT-000815,MATERIAL,Materi Perkuliahan Sesi 3File,"[""Fakultas Kesehatan Masyarakat, Universitas Indonesia""]","Kependudukan, lingkungan dan kesehatan",Universitas Indonesia,2023,id,OCW_UI,45,1785313,READY_FOR_INDEXING,data\raw\material\Fakultas_Kesehatan_Masyarakat\Materi_Perkuliahan_Sesi_3File.pdf,e4b8f19dccbd409a2129b581fb5ee9daa12954954809e0099edf886a787a4956
MAT-000816,MATERIAL,Sesi 7 : Population GeneticFile,"[""Fakultas Kesehatan Masyarakat, Universitas Indonesia""]","Kependudukan, lingkungan dan kesehatan",Universitas Indonesia,2023,id,OCW_UI,16,286872,READY_FOR_INDEXING,data\raw\material\Fakultas_Kesehatan_Masyarakat\Sesi_7___Population_GeneticFil.pptx,b7a76e6d551cc73aa18a594f375a0824f031cff763c5121e63637f45b98ccca5
MAT-000817,MATERIAL,Materi Perkuliahan Sesi 8 : Sumber Daya Alam (Kealutan)File,"[""Fakultas Kesehatan Masyarakat, Universitas Indonesia""]","Kependudukan, lingkungan dan kesehatan",Universitas Indonesia,2023,id,OCW_UI,11,535823,READY_FOR_INDEXING,data\raw\material\Fakultas_Kesehatan_Masyarakat\Materi_Perkuliahan_Sesi_8___Su.pdf,13e84031c9a2c999dc463d69528b17f108c81bd16965e71ad227cb83cb710ae0
MAT-000818,MATERIAL,Materi Perkuliahan Sesi 9 : Sumber Daya Alam (Kebakaran Hutan)File,"[""Fakultas Kesehatan Masyarakat, Universitas Indonesia""]","Kependudukan, lingkungan dan kesehatan",Universitas Indonesia,2023,id,OCW_UI,9,431760,READY_FOR_INDEXING,data\raw\material\Fakultas_Kesehatan_Masyarakat\Materi_Perkuliahan_Sesi_9___Su.pdf,25e09a24f5092c3adc5083baf9be18606cf0d362d270a24db681498cc98420e0
MAT-000819,MATERIAL,Materi Sesi 1File,"[""Fakultas Kesehatan Masyarakat, Universitas Indonesia""]",Kesehatan Lingkungan dalam bencana,Universitas Indonesia,2023,id,OCW_UI,12,1052502,READY_FOR_INDEXING,data\raw\material\Fakultas_Kesehatan_Masyarakat\Materi_Sesi_1File.pdf,5b0b62233807cefd3d286af4c0d797c10f763142885ed9f7805b7a6791e2a7af
MAT-000820,MATERIAL,Materi  Sesi 2File,"[""Fakultas Kesehatan Masyarakat, Universitas Indonesia""]",Kesehatan Lingkungan dalam bencana,Universitas Indonesia,2023,id,OCW_UI,8,363735,READY_FOR_INDEXING,data\raw\material\Fakultas_Kesehatan_Masyarakat\Materi__Sesi_2File.pdf,5451a714552c71771603fe0a9594f8ac2cf66f294fcbacdcc2c5f800cb6d7133
MAT-000821,MATERIAL,Materi Sesi 3File,"[""Fakultas Kesehatan Masyarakat, Universitas Indonesia""]",Kesehatan Lingkungan dalam bencana,Universitas Indonesia,2023,id,OCW_UI,16,928125,READY_FOR_INDEXING,data\raw\material\Fakultas_Kesehatan_Masyarakat\Materi_Sesi_3File.pdf,25b50a8d39eaf6e0ca900864741ff1ae449e0250749a41bf653ada6a95bf8906
MAT-000822,MATERIAL,Materi Sesi 4File,"[""Fakultas Kesehatan Masyarakat, Universitas Indonesia""]",Kesehatan Lingkungan dalam bencana,Universitas Indonesia,2023,id,OCW_UI,11,728205,READY_FOR_INDEXING,data\raw\material\Fakultas_Kesehatan_Masyarakat\Materi_Sesi_4File.pdf,e57689f31aecb32815e13fc13fa6e64a80885d9af99a45b0bb3b9878471439cf
MAT-000823,MATERIAL,Materi Sesi 5File,"[""Fakultas Kesehatan Masyarakat, Universitas Indonesia""]",Kesehatan Lingkungan dalam bencana,Universitas Indonesia,2023,id,OCW_UI,15,1054907,READY_FOR_INDEXING,data\raw\material\Fakultas_Kesehatan_Masyarakat\Materi_Sesi_5File.pdf,514cc999075c74946d9f2e7ade42add0edd66ccd4d65a811394e0f4ba5462669
MAT-000824,MATERIAL,Materi Sesi 6File,"[""Fakultas Kesehatan Masyarakat, Universitas Indonesia""]",Kesehatan Lingkungan dalam bencana,Universitas Indonesia,2023,id,OCW_UI,15,586258,READY_FOR_INDEXING,data\raw\material\Fakultas_Kesehatan_Masyarakat\Materi_Sesi_6File.pdf,3fc5591c6415ac5a3d202746173956e68f14ca6ed99b3d9b165c5cccf8da3638
MAT-000825,MATERIAL,Materi Sesi 7File,"[""Fakultas Kesehatan Masyarakat, Universitas Indonesia""]",Kesehatan Lingkungan dalam bencana,Universitas Indonesia,2023,id,OCW_UI,14,806181,READY_FOR_INDEXING,data\raw\material\Fakultas_Kesehatan_Masyarakat\Materi_Sesi_7File.pdf,e681778115090a82f3d668256dadd69cc93ec36530c4fc974092e7ed64b1b585
MAT-000826,MATERIAL,manajemen laktasi,"[""Fakultas Kesehatan Masyarakat, Universitas Indonesia""]",Dasar-dasar ilmu gizi,Universitas Indonesia,2023,id,OCW_UI,12,3140129,READY_FOR_INDEXING,data\raw\material\Fakultas_Kesehatan_Masyarakat\manajemen_laktasi.pptx,1db094552bc517c7d469c577d4f7f16f5d607e218160bf6fce4ff0ff1ed9c1c7
MAT-000827,MATERIAL,gizi bayi,"[""Fakultas Kesehatan Masyarakat, Universitas Indonesia""]",Dasar-dasar ilmu gizi,Universitas Indonesia,2023,id,OCW_UI,15,623937,READY_FOR_INDEXING,data\raw\material\Fakultas_Kesehatan_Masyarakat\gizi_bayi.pptx,7a94ac11a4497606ededeb24d591a0353e94100e8995833f8dd119211bd5d9db
MAT-000828,MATERIAL,BRP Dasar Ilmu GiziFile,"[""Fakultas Kesehatan Masyarakat, Universitas Indonesia""]",Dasar-dasar ilmu gizi,Universitas Indonesia,2023,id,OCW_UI,29,1235711,READY_FOR_INDEXING,data\raw\material\Fakultas_Kesehatan_Masyarakat\BRP_Dasar_Ilmu_GiziFile.pdf,5a615e4c533cb9424c887f5ec624371db3ec30c9a402c8d1dbcbda5ba95875e5
MAT-000829,MATERIAL,Fisiologi KehamilanFile,"[""Fakultas Kesehatan Masyarakat, Universitas Indonesia""]",Dasar-dasar ilmu gizi,Universitas Indonesia,2023,id,OCW_UI,43,3065433,READY_FOR_INDEXING,data\raw\material\Fakultas_Kesehatan_Masyarakat\Fisiologi_KehamilanFile.pdf,0ec4a70fd87687d4eaf73f1c5b1d72bbc8303ac1468b0fac42cd2e61ef4bd99f
MAT-000830,MATERIAL,Gizi Ibu HamilFile,"[""Fakultas Kesehatan Masyarakat, Universitas Indonesia""]",Dasar-dasar ilmu gizi,Universitas Indonesia,2023,id,OCW_UI,44,1360644,READY_FOR_INDEXING,data\raw\material\Fakultas_Kesehatan_Masyarakat\Gizi_Ibu_HamilFile.pdf,b9060d9f2a60136b53aca641706f09181aecde5ebb3820350be978d432f35675
MAT-000831,MATERIAL,Kuliah Umum Gizi Ibu Hamil (Gizi 1000 HPK)File,"[""Fakultas Kesehatan Masyarakat, Universitas Indonesia""]",Dasar-dasar ilmu gizi,Universitas Indonesia,2023,id,OCW_UI,46,2072407,READY_FOR_INDEXING,data\raw\material\Fakultas_Kesehatan_Masyarakat\Kuliah_Umum_Gizi_Ibu_Hamil__Gi.pdf,81a269e2d8c6b2278db8af99777f0a60125850739fcbcb82af909fe7ae80d728
MAT-000832,MATERIAL,Kebutuhan Fe dan CaFile,"[""Fakultas Kesehatan Masyarakat, Universitas Indonesia""]",Dasar-dasar ilmu gizi,Universitas Indonesia,2023,id,OCW_UI,38,861174,READY_FOR_INDEXING,data\raw\material\Fakultas_Kesehatan_Masyarakat\Kebutuhan_Fe_dan_CaFile.pdf,3c661b367d3d1de686e596c07fd5c04e5bddad8483fc3e565a529401d28f7a20
MAT-000833,MATERIAL,Pola Pertambahan BB Selama HamilFile,"[""Fakultas Kesehatan Masyarakat, Universitas Indonesia""]",Dasar-dasar ilmu gizi,Universitas Indonesia,2023,id,OCW_UI,22,897336,READY_FOR_INDEXING,data\raw\material\Fakultas_Kesehatan_Masyarakat\Pola_Pertambahan_BB_Selama_Ham.pdf,ff5133254525de45293206ce05581f5889bb23585c35982f5a9da718f9478623
MAT-000834,MATERIAL,Kuliah Umum Gizi Ibu MenyusuiFile,"[""Fakultas Kesehatan Masyarakat, Universitas Indonesia""]",Dasar-dasar ilmu gizi,Universitas Indonesia,2023,id,OCW_UI,40,5577299,READY_FOR_INDEXING,data\raw\material\Fakultas_Kesehatan_Masyarakat\Kuliah_Umum_Gizi_Ibu_MenyusuiF.pdf,603d8abd14f7b7978f2ecc65ed7b9fcdd1e52d67840a6c04afa51bf73839aa7c
MAT-000835,MATERIAL,Anatomi & Fisiologi LaktasiFile,"[""Fakultas Kesehatan Masyarakat, Universitas Indonesia""]",Dasar-dasar ilmu gizi,Universitas Indonesia,2023,id,OCW_UI,14,3868103,READY_FOR_INDEXING,data\raw\material\Fakultas_Kesehatan_Masyarakat\Anatomi___Fisiologi_LaktasiFil.pptx,48f2c8b484168ea9999fa29a3fcaf87878c5e5d521935253ac43e35f58494f35
MAT-000836,MATERIAL,Gizi Ibu LaktasiFile,"[""Fakultas Kesehatan Masyarakat, Universitas Indonesia""]",Dasar-dasar ilmu gizi,Universitas Indonesia,2023,id,OCW_UI,13,427135,READY_FOR_INDEXING,data\raw\material\Fakultas_Kesehatan_Masyarakat\Gizi_Ibu_LaktasiFile.pptx,264c77861c23a61ac77a154ca5fc883cb719417ea8dcf0f09b924b03bb1da32d
MAT-000837,MATERIAL,Komposisi ASIFile,"[""Fakultas Kesehatan Masyarakat, Universitas Indonesia""]",Dasar-dasar ilmu gizi,Universitas Indonesia,2023,id,OCW_UI,12,331089,READY_FOR_INDEXING,data\raw\material\Fakultas_Kesehatan_Masyarakat\Komposisi_ASIFile.pptx,cbdcd72d94e9d713a19b853aff94536bfe315ae0e5c1f88e37bd656cd1efdaca
MAT-000838,MATERIAL,IMD dan ASI EksklusifFile,"[""Fakultas Kesehatan Masyarakat, Universitas Indonesia""]",Dasar-dasar ilmu gizi,Universitas Indonesia,2023,id,OCW_UI,13,944956,READY_FOR_INDEXING,data\raw\material\Fakultas_Kesehatan_Masyarakat\IMD_dan_ASI_EksklusifFile.pptx,0ffde1ab225442f2661473505cab95b20f978aac0c035c96c7c0d72900233fba
MAT-000839,MATERIAL,Kuliah Umum Gizi BayiFile,"[""Fakultas Kesehatan Masyarakat, Universitas Indonesia""]",Dasar-dasar ilmu gizi,Universitas Indonesia,2023,id,OCW_UI,35,4923601,READY_FOR_INDEXING,data\raw\material\Fakultas_Kesehatan_Masyarakat\Kuliah_Umum_Gizi_BayiFile.pdf,a5c52e6289c75e47eabf32ed99f0ed66a038be7447acd68f470f937b5524de24
MAT-000840,MATERIAL,Pertumbuhan BayiFile,"[""Fakultas Kesehatan Masyarakat, Universitas Indonesia""]",Dasar-dasar ilmu gizi,Universitas Indonesia,2023,id,OCW_UI,9,3648510,READY_FOR_INDEXING,data\raw\material\Fakultas_Kesehatan_Masyarakat\Pertumbuhan_BayiFile.pptx,94bd4210d668df94de80a3a640ab090c93d92bc34d9bddb6c977581856322ed8
MAT-000841,MATERIAL,Perkembangan BayiFile,"[""Fakultas Kesehatan Masyarakat, Universitas Indonesia""]",Dasar-dasar ilmu gizi,Universitas Indonesia,2023,id,OCW_UI,16,2546853,READY_FOR_INDEXING,data\raw\material\Fakultas_Kesehatan_Masyarakat\Perkembangan_BayiFile.pptx,143a58821a5c20f58daa1d6475ed3701da8e6c7a05946e1f1352d2b3d6683c88
MAT-000842,MATERIAL,Masalah Gizi dan Kesehatan pada BayiFile,"[""Fakultas Kesehatan Masyarakat, Universitas Indonesia""]",Dasar-dasar ilmu gizi,Universitas Indonesia,2023,id,OCW_UI,26,795159,READY_FOR_INDEXING,data\raw\material\Fakultas_Kesehatan_Masyarakat\Masalah_Gizi_dan_Kesehatan_pad.pdf,b52a3d902093121b4a68cfcdb46bf21f323d136f816ea4baba393bb6b5741a0d
MAT-000843,MATERIAL,sejarah positive deviance,"[""Fakultas Kesehatan Masyarakat, Universitas Indonesia""]",Positive Deviance dalam bidang gizi,Universitas Indonesia,2023,id,OCW_UI,25,89917,READY_FOR_INDEXING,data\raw\material\Fakultas_Kesehatan_Masyarakat\sejarah_positive_deviance.pptx,9030afe63a97ad73d12274ae6ca2cb1191bd8011ccddd802c9846cd30af43348
MAT-000844,MATERIAL,tahapan positive deviance,"[""Fakultas Kesehatan Masyarakat, Universitas Indonesia""]",Positive Deviance dalam bidang gizi,Universitas Indonesia,2023,id,OCW_UI,24,396323,READY_FOR_INDEXING,data\raw\material\Fakultas_Kesehatan_Masyarakat\tahapan_positive_deviance.pptx,94713b4445dfe54f5d01e2fd455838426f791b7e1f5338401e077a14ee4e47a5
MAT-000845,MATERIAL,Skenario Modul Positive DevianceFile,"[""Fakultas Kesehatan Masyarakat, Universitas Indonesia""]",Positive Deviance dalam bidang gizi,Universitas Indonesia,2023,id,OCW_UI,2,99028,READY_FOR_INDEXING,data\raw\material\Fakultas_Kesehatan_Masyarakat\Skenario_Modul_Positive_Devian.pdf,15217682bfe73e85186c76b29e766a4cc4ea84b343bd717b9b7d93d1d73746eb
MAT-000846,MATERIAL,Pengantar Posiitive DevianceFile,"[""Fakultas Kesehatan Masyarakat, Universitas Indonesia""]",Positive Deviance dalam bidang gizi,Universitas Indonesia,2023,id,OCW_UI,29,826503,READY_FOR_INDEXING,data\raw\material\Fakultas_Kesehatan_Masyarakat\Pengantar_Posiitive_DevianceFi.pptx,1969a5945aab75d7e535494c6f70241aacb878b3a72320136b9e190032881cda
MAT-000847,MATERIAL,Sesi 1 Falsafah PDFile,"[""Fakultas Kesehatan Masyarakat, Universitas Indonesia""]",Positive Deviance dalam bidang gizi,Universitas Indonesia,2023,en,OCW_UI,11,13371300,READY_FOR_INDEXING,data\raw\material\Fakultas_Kesehatan_Masyarakat\Sesi_1_Falsafah_PDFile.pptx,be32246a36698e2f04702e7b5b5e216d075db29f3162cf61f703b8e41d4f42b8
MAT-000848,MATERIAL,Materi Sesi 2File,"[""Fakultas Kesehatan Masyarakat, Universitas Indonesia""]",Positive Deviance dalam bidang gizi,Universitas Indonesia,2023,en,OCW_UI,11,5835365,READY_FOR_INDEXING,data\raw\material\Fakultas_Kesehatan_Masyarakat\Materi_Sesi_2File.pptx,533a68434cddd1722dd0e811025647893935ad3b48c42616e7f5b48cd4842263
MAT-000849,MATERIAL,Materi Sesi 3File,"[""Fakultas Kesehatan Masyarakat, Universitas Indonesia""]",Positive Deviance dalam bidang gizi,Universitas Indonesia,2023,en,OCW_UI,11,6885863,READY_FOR_INDEXING,data\raw\material\Fakultas_Kesehatan_Masyarakat\Materi_Sesi_3File.pptx,1de3e569b658220c4baf9e8b1573722c509d46c80be46ac2f73b6b78dbb2d706
MAT-000850,MATERIAL,Materi Sesi 4File,"[""Fakultas Kesehatan Masyarakat, Universitas Indonesia""]",Positive Deviance dalam bidang gizi,Universitas Indonesia,2023,en,OCW_UI,10,6987400,READY_FOR_INDEXING,data\raw\material\Fakultas_Kesehatan_Masyarakat\Materi_Sesi_4File.pptx,2705e5c20aeba7957b23c975037fd9b12f3c6346fb429e5c10512f0b28e16dfa
MAT-000851,MATERIAL,Materi Sesi 5File,"[""Fakultas Kesehatan Masyarakat, Universitas Indonesia""]",Positive Deviance dalam bidang gizi,Universitas Indonesia,2023,en,OCW_UI,11,7148854,READY_FOR_INDEXING,data\raw\material\Fakultas_Kesehatan_Masyarakat\Materi_Sesi_5File.pptx,c89b59eadb3d7c8c99e678aad7e54a51dbbda089e3eeaeee09dd203d3315f207
MAT-000852,MATERIAL,Materi Sesi 6File,"[""Fakultas Kesehatan Masyarakat, Universitas Indonesia""]",Positive Deviance dalam bidang gizi,Universitas Indonesia,2023,en,OCW_UI,9,8219114,READY_FOR_INDEXING,data\raw\material\Fakultas_Kesehatan_Masyarakat\Materi_Sesi_6File.pptx,a879a14657217ae9b96ee8f89dffc7c39f94a09c79b7bb6db5ee9e1ea4b8ed8f
MAT-000853,MATERIAL,Materi Sesi 7File,"[""Fakultas Kesehatan Masyarakat, Universitas Indonesia""]",Positive Deviance dalam bidang gizi,Universitas Indonesia,2023,en,OCW_UI,12,9657460,READY_FOR_INDEXING,data\raw\material\Fakultas_Kesehatan_Masyarakat\Materi_Sesi_7File.pptx,eaf2a41b6db7621f6fab8c4ce565d86e55540454b69bd6f2fbf0e64d531e0101
MAT-000854,MATERIAL,Materi Sesi 8File,"[""Fakultas Kesehatan Masyarakat, Universitas Indonesia""]",Positive Deviance dalam bidang gizi,Universitas Indonesia,2023,en,OCW_UI,9,3854372,READY_FOR_INDEXING,data\raw\material\Fakultas_Kesehatan_Masyarakat\Materi_Sesi_8File.pptx,2b6430561fd82923eb2617354e120e91a6eb938e98821b7026fd40abf4104f91
MAT-000855,MATERIAL,Materi Sesi 9File,"[""Fakultas Kesehatan Masyarakat, Universitas Indonesia""]",Positive Deviance dalam bidang gizi,Universitas Indonesia,2023,en,OCW_UI,11,3622909,READY_FOR_INDEXING,data\raw\material\Fakultas_Kesehatan_Masyarakat\Materi_Sesi_9File.pptx,ec90aa00449dc77a49872941a5ec288a7b2221579d13cf0a6fe1f9e95ade8070
MAT-000856,MATERIAL,Materi Sesi 10File,"[""Fakultas Kesehatan Masyarakat, Universitas Indonesia""]",Positive Deviance dalam bidang gizi,Universitas Indonesia,2023,en,OCW_UI,12,2069610,READY_FOR_INDEXING,data\raw\material\Fakultas_Kesehatan_Masyarakat\Materi_Sesi_10File.pptx,8bb35a195885c53e54c4103ff824399de645c610ea458542625dfa73d392f000
MAT-000857,MATERIAL,Materi Sesi 11File,"[""Fakultas Kesehatan Masyarakat, Universitas Indonesia""]",Positive Deviance dalam bidang gizi,Universitas Indonesia,2023,en,OCW_UI,11,3929605,READY_FOR_INDEXING,data\raw\material\Fakultas_Kesehatan_Masyarakat\Materi_Sesi_11File.pptx,3ba8205dd6402355a04b24c515cc7a42cbc30fed131553fd37cc46028462bdc1
MAT-000858,MATERIAL,Materi Sesi 12File,"[""Fakultas Kesehatan Masyarakat, Universitas Indonesia""]",Positive Deviance dalam bidang gizi,Universitas Indonesia,2023,en,OCW_UI,11,7181181,READY_FOR_INDEXING,data\raw\material\Fakultas_Kesehatan_Masyarakat\Materi_Sesi_12File.pptx,8ebe84e512e78fc66445ec354d571b40039d2d79bcdc99089546e56171895e39
MAT-000859,MATERIAL,Materi Sesi 13File,"[""Fakultas Kesehatan Masyarakat, Universitas Indonesia""]",Positive Deviance dalam bidang gizi,Universitas Indonesia,2023,en,OCW_UI,11,8200568,READY_FOR_INDEXING,data\raw\material\Fakultas_Kesehatan_Masyarakat\Materi_Sesi_13File.pptx,68a3e426269705c08af09bb372ee86ee1283992146e92bf14ed41a2917073834
MAT-000860,MATERIAL,Materi Sesi 14File,"[""Fakultas Kesehatan Masyarakat, Universitas Indonesia""]",Positive Deviance dalam bidang gizi,Universitas Indonesia,2023,en,OCW_UI,8,7251480,READY_FOR_INDEXING,data\raw\material\Fakultas_Kesehatan_Masyarakat\Materi_Sesi_14File.pptx,49f5b2ea49932b608b709f176c3a7154441bbb634cc68026b8f0a85574f8186a
MAT-000861,MATERIAL,BRP Dasar Gizi Kesehatan MasyarakatFile,"[""Fakultas Kesehatan Masyarakat, Universitas Indonesia""]",Dasar gizi kesehatan masyarakat,Universitas Indonesia,2023,id,OCW_UI,24,295517,READY_FOR_INDEXING,data\raw\material\Fakultas_Kesehatan_Masyarakat\BRP_Dasar_Gizi_Kesehatan_Masya.pdf,0a4bb66ba4613068b815d3ec65c5496bb8ced0985ae4670ae594946bda8b18a8
MAT-000862,MATERIAL,Introduction to Nutrition and MetabolismFile,"[""Fakultas Kesehatan Masyarakat, Universitas Indonesia""]",Dasar gizi kesehatan masyarakat,Universitas Indonesia,2023,en,OCW_UI,465,9201778,READY_FOR_INDEXING,data\raw\material\Fakultas_Kesehatan_Masyarakat\Introduction_to_Nutrition_and.pdf,75740a004310e0fcd778395c7a2cd270f7739ef31cecc1af7a93be28943eabe0
MAT-000863,MATERIAL,Principles of Human NutritionFile,"[""Fakultas Kesehatan Masyarakat, Universitas Indonesia""]",Dasar gizi kesehatan masyarakat,Universitas Indonesia,2023,en,OCW_UI,688,8658893,READY_FOR_INDEXING,data\raw\material\Fakultas_Kesehatan_Masyarakat\Principles_of_Human_NutritionF.pdf,f117d2e2c48c3869aff1247f0f679cf4a85879c38531932642b4e1d67e5264b5
MAT-000864,MATERIAL,Nutrition Through the LifecycleFile,"[""Fakultas Kesehatan Masyarakat, Universitas Indonesia""]",Dasar gizi kesehatan masyarakat,Universitas Indonesia,2023,en,OCW_UI,610,40821291,READY_FOR_INDEXING,data\raw\material\Fakultas_Kesehatan_Masyarakat\Nutrition_Through_the_Lifecycl.pdf,bccf56cd766f6d8b06dab74f992df4b80bd0ee5b7aae8ecf625ca5e07ea6fd71
MAT-000865,MATERIAL,Pedoman Umum Gizi SeimbangFile,"[""Fakultas Kesehatan Masyarakat, Universitas Indonesia""]",Dasar gizi kesehatan masyarakat,Universitas Indonesia,2023,id,OCW_UI,99,15015888,READY_FOR_INDEXING,data\raw\material\Fakultas_Kesehatan_Masyarakat\Pedoman_Umum_Gizi_SeimbangFile.pdf,4e2dcc06a15b97bf035d08e342fc74dc875f7da8aed6d713f2c6dcfc7a83194c
MAT-000866,MATERIAL,PPT PengantarFile,"[""Fakultas Kesehatan Masyarakat, Universitas Indonesia""]",Dasar gizi kesehatan masyarakat,Universitas Indonesia,2023,en,OCW_UI,32,4778934,READY_FOR_INDEXING,data\raw\material\Fakultas_Kesehatan_Masyarakat\PPT_PengantarFile.pptx,ff88c9014a853161d57e67f4c22503a1ab3c9ecfb14deb0300e3c75a620c9c74
MAT-000867,MATERIAL,"PPT Pertemuan 1: Zat Gizi Makro (Karbohidrat, Protein, Lemak)File","[""Fakultas Kesehatan Masyarakat, Universitas Indonesia""]",Dasar gizi kesehatan masyarakat,Universitas Indonesia,2023,id,OCW_UI,58,11593683,READY_FOR_INDEXING,data\raw\material\Fakultas_Kesehatan_Masyarakat\PPT_Pertemuan_1__Zat_Gizi_Makr.pptx,63d0d8d60ba8caf6ca4c4cc43f5a9b2c7d2cf53c1280e055521b241fb54f16fb
MAT-000868,MATERIAL,PPT Zat Gizi MakroFile,"[""Fakultas Kesehatan Masyarakat, Universitas Indonesia""]",Dasar gizi kesehatan masyarakat,Universitas Indonesia,2023,id,OCW_UI,58,11595329,READY_FOR_INDEXING,data\raw\material\Fakultas_Kesehatan_Masyarakat\PPT_Zat_Gizi_MakroFile.pptx,4ec1fb1bc4f5625349935862c975f286dcbf48b8acbff21e8a0504cc11eb6c76
MAT-000869,MATERIAL,PPT Pertemuan 2: Gizi MikroFile,"[""Fakultas Kesehatan Masyarakat, Universitas Indonesia""]",Dasar gizi kesehatan masyarakat,Universitas Indonesia,2023,id,OCW_UI,58,3464940,READY_FOR_INDEXING,data\raw\material\Fakultas_Kesehatan_Masyarakat\PPT_Pertemuan_2__Gizi_MikroFil.pptx,36f8edd48a3c75c26c2c2c2c8275fc1d85b2a1d8c96de05dcc2a391012edc0eb
MAT-000870,MATERIAL,PPT Zat Gizi MikroFile,"[""Fakultas Kesehatan Masyarakat, Universitas Indonesia""]",Dasar gizi kesehatan masyarakat,Universitas Indonesia,2023,id,OCW_UI,58,3464122,READY_FOR_INDEXING,data\raw\material\Fakultas_Kesehatan_Masyarakat\PPT_Zat_Gizi_MikroFile.pptx,586da795987f9b7293e40027f7a350293012b175ebe19547fb364c1a75e55f16
MAT-000871,MATERIAL,PPT Pertemuan 3: AKG dan PUGSFile,"[""Fakultas Kesehatan Masyarakat, Universitas Indonesia""]",Dasar gizi kesehatan masyarakat,Universitas Indonesia,2023,id,OCW_UI,69,22288157,READY_FOR_INDEXING,data\raw\material\Fakultas_Kesehatan_Masyarakat\PPT_Pertemuan_3__AKG_dan_PUGSF.pptx,306145c9d93961db87bd0a13ae165a1002447b918a5cd6043f781b1902b80b89
MAT-000872,MATERIAL,PPT AKG dan PSGFile,"[""Fakultas Kesehatan Masyarakat, Universitas Indonesia""]",Dasar gizi kesehatan masyarakat,Universitas Indonesia,2023,id,OCW_UI,69,22346546,READY_FOR_INDEXING,data\raw\material\Fakultas_Kesehatan_Masyarakat\PPT_AKG_dan_PSGFile.pptx,8755fbf3673f24a885f2b4476ea331e9deb3fabdd7c7060316656424a1a0e9a1
MAT-000873,MATERIAL,PPT Pertemuan 4: PSGFile,"[""Fakultas Kesehatan Masyarakat, Universitas Indonesia""]",Dasar gizi kesehatan masyarakat,Universitas Indonesia,2023,id,OCW_UI,49,2448196,READY_FOR_INDEXING,data\raw\material\Fakultas_Kesehatan_Masyarakat\PPT_Pertemuan_4__PSGFile.pdf,12237e16507e79f20a294f033d45ede99dd9cce8119dfd618e520792a5737ebe
MAT-000874,MATERIAL,PPT PSGFile,"[""Fakultas Kesehatan Masyarakat, Universitas Indonesia""]",Dasar gizi kesehatan masyarakat,Universitas Indonesia,2023,id,OCW_UI,49,4653998,READY_FOR_INDEXING,data\raw\material\Fakultas_Kesehatan_Masyarakat\PPT_PSGFile.pptx,52d7cd33a8f15b6867ff7dd1c3c9b80ef1f477f9c748732621a94395bf76d778
MAT-000875,MATERIAL,PPT Pertemuan 5: Gizi Ibu Hamil dan MenyusuiFile,"[""Fakultas Kesehatan Masyarakat, Universitas Indonesia""]",Dasar gizi kesehatan masyarakat,Universitas Indonesia,2023,id,OCW_UI,63,3605834,READY_FOR_INDEXING,data\raw\material\Fakultas_Kesehatan_Masyarakat\PPT_Pertemuan_5__Gizi_Ibu_Hami.pptx,a4a1dfb5868b69d2966f1c076d59447b9d09e1720ac16eb0ca74b20cffea0be9
MAT-000876,MATERIAL,PPT 1000 HPKFile,"[""Fakultas Kesehatan Masyarakat, Universitas Indonesia""]",Dasar gizi kesehatan masyarakat,Universitas Indonesia,2023,id,OCW_UI,13,631752,READY_FOR_INDEXING,data\raw\material\Fakultas_Kesehatan_Masyarakat\PPT_1000_HPKFile.pptx,5224aa2aa022508bca0ff130c3095ffb851ed5873ca9e361e92828fef831aac5
MAT-000877,MATERIAL,"PPT Bayi, Balita, dan Anak SekolahFile","[""Fakultas Kesehatan Masyarakat, Universitas Indonesia""]",Dasar gizi kesehatan masyarakat,Universitas Indonesia,2023,id,OCW_UI,56,10921005,READY_FOR_INDEXING,data\raw\material\Fakultas_Kesehatan_Masyarakat\PPT_Bayi__Balita__dan_Anak_Sek.pptx,c2d299d5c94907061d3638026ba959907f62e82c6d1c2bb649761a6a5afed668
MAT-000878,MATERIAL,"PPT Remaja, Dewasa, dan LansiaFile","[""Fakultas Kesehatan Masyarakat, Universitas Indonesia""]",Dasar gizi kesehatan masyarakat,Universitas Indonesia,2023,id,OCW_UI,50,8847801,READY_FOR_INDEXING,data\raw\material\Fakultas_Kesehatan_Masyarakat\PPT_Remaja__Dewasa__dan_Lansia.pptx,e4d5e676b2b0e37d9dac9ac5f679b90c57749bb706b667e1e8c0b75697634cfd
MAT-000879,MATERIAL,PPT AnemiaFile,"[""Fakultas Kesehatan Masyarakat, Universitas Indonesia""]",Dasar gizi kesehatan masyarakat,Universitas Indonesia,2023,id,OCW_UI,56,4846480,READY_FOR_INDEXING,data\raw\material\Fakultas_Kesehatan_Masyarakat\PPT_AnemiaFile.pptx,98e7b71aa66e9c8b4b54772f07adf6989ca448f3057ab95f290c301041274842
MAT-000880,MATERIAL,PPt GAKYFile,"[""Fakultas Kesehatan Masyarakat, Universitas Indonesia""]",Dasar gizi kesehatan masyarakat,Universitas Indonesia,2023,id,OCW_UI,49,5315502,READY_FOR_INDEXING,data\raw\material\Fakultas_Kesehatan_Masyarakat\PPt_GAKYFile.pptx,959999f1ac0aeb8b0fea1ed5f5fe9e983599231edcb774e4aa89f16637e0bc55
MAT-000881,MATERIAL,PPT KVAFile,"[""Fakultas Kesehatan Masyarakat, Universitas Indonesia""]",Dasar gizi kesehatan masyarakat,Universitas Indonesia,2023,id,OCW_UI,41,13005116,READY_FOR_INDEXING,data\raw\material\Fakultas_Kesehatan_Masyarakat\PPT_KVAFile.pptx,b6435c2a70ae64305cfef57ffe03bd18aedcb0e7b607135caf379676120a7cf4
MAT-000882,MATERIAL,PPT Gizi Bayi dan Pra SekolahFile,"[""Fakultas Kesehatan Masyarakat, Universitas Indonesia""]",Dasar gizi kesehatan masyarakat,Universitas Indonesia,2023,id,OCW_UI,57,11654507,READY_FOR_INDEXING,data\raw\material\Fakultas_Kesehatan_Masyarakat\PPT_Gizi_Bayi_dan_Pra_SekolahF.pptx,2f2581650aed5a2ace83e5fa8c7899ffba7f7a6d549add82274fab5fcee12677
MAT-000883,MATERIAL,"PPT Remaja, Dewasa dan LansiaFile","[""Fakultas Kesehatan Masyarakat, Universitas Indonesia""]",Dasar gizi kesehatan masyarakat,Universitas Indonesia,2023,id,OCW_UI,48,8588388,READY_FOR_INDEXING,data\raw\material\Fakultas_Kesehatan_Masyarakat\PPT_Remaja__Dewasa_dan_LansiaF.pptx,f34988319ce729501913c292f5b3468d9742a6178dfd6e87e684263487799ef8
MAT-000884,MATERIAL,PPT ObesitasFile,"[""Fakultas Kesehatan Masyarakat, Universitas Indonesia""]",Dasar gizi kesehatan masyarakat,Universitas Indonesia,2023,id,OCW_UI,57,10626610,READY_FOR_INDEXING,data\raw\material\Fakultas_Kesehatan_Masyarakat\PPT_ObesitasFile.pptx,ec89d57704001c9ddb246c11f96376f9f65f70ed5347bdafe77fb1a9ca1720c7
MAT-000885,MATERIAL,PPT Perencanaan Gizi dan Surveilans giziFile,"[""Fakultas Kesehatan Masyarakat, Universitas Indonesia""]",Dasar gizi kesehatan masyarakat,Universitas Indonesia,2023,id,OCW_UI,46,2683161,READY_FOR_INDEXING,data\raw\material\Fakultas_Kesehatan_Masyarakat\PPT_Perencanaan_Gizi_dan_Surve.pptx,2f367201a8edd987f76d848997db9d2727bc9848960a796e11047f616d034d2b
MAT-000886,MATERIAL,Public Health 101File,"[""Fakultas Kesehatan Masyarakat, Universitas Indonesia""]",Dasar Kesehatan Masyarakat,Universitas Indonesia,2023,en,OCW_UI,731,12347849,READY_FOR_INDEXING,data\raw\material\Fakultas_Kesehatan_Masyarakat\Public_Health_101File.pdf,bf923b2a67157a0409c2d76590fa41a340c7395b7eefb74a80030a256c000d43
MAT-000887,MATERIAL,Materi Sesi 1File,"[""Fakultas Kesehatan Masyarakat, Universitas Indonesia""]",Dasar Kesehatan Masyarakat,Universitas Indonesia,2023,id,OCW_UI,41,8838753,READY_FOR_INDEXING,data\raw\material\Fakultas_Kesehatan_Masyarakat\Materi_Sesi_1File.pptx,8d1e4ffe570048a69692a91e29cafe713060d33fa37ec6a5d0fcf646b04bb7a3
MAT-000888,MATERIAL,Materi singkat Sesi 2File,"[""Fakultas Kesehatan Masyarakat, Universitas Indonesia""]",Dasar Kesehatan Masyarakat,Universitas Indonesia,2023,id,OCW_UI,23,549073,READY_FOR_INDEXING,data\raw\material\Fakultas_Kesehatan_Masyarakat\Materi_singkat_Sesi_2File.pptx,1b2778ff11e2a78498ee3efe76e3368db51e3e9283e406240be03478b50ba8cb
MAT-000889,MATERIAL,Materi Kesehatan Masyarakat Berdasarkan EvidenFile,"[""Fakultas Kesehatan Masyarakat, Universitas Indonesia""]",Dasar Kesehatan Masyarakat,Universitas Indonesia,2023,id,OCW_UI,37,696676,READY_FOR_INDEXING,data\raw\material\Fakultas_Kesehatan_Masyarakat\Materi_Kesehatan_Masyarakat_Be.pptx,99d65e51082aac5dc5b684538b15beb0ae34d47da64eaa5a3fa18341fcd3bac3
MAT-000890,MATERIAL,Materi Komunikasi dan Informasi KesehatanFile,"[""Fakultas Kesehatan Masyarakat, Universitas Indonesia""]",Dasar Kesehatan Masyarakat,Universitas Indonesia,2023,id,OCW_UI,30,508438,READY_FOR_INDEXING,data\raw\material\Fakultas_Kesehatan_Masyarakat\Materi_Komunikasi_dan_Informas.pptx,d8faf865c679bdda51e4a7418aee4107848941f630a25207d6a70fa5803032d8
MAT-000891,MATERIAL,"Ilmu Sosial, Perilaku, dan Kesehatan MasyarakatFile","[""Fakultas Kesehatan Masyarakat, Universitas Indonesia""]",Dasar Kesehatan Masyarakat,Universitas Indonesia,2023,id,OCW_UI,40,5660535,READY_FOR_INDEXING,data\raw\material\Fakultas_Kesehatan_Masyarakat\Ilmu_Sosial__Perilaku__dan_Kes.pptx,c7ec3cff4c92dacbf305876c580d46ed35f840ad09d932885e206c1c4cafc183
MAT-000892,MATERIAL,"Materi Hukum (peraturan perundang-undangan), kebijakan, dan etika kesehatanFile","[""Fakultas Kesehatan Masyarakat, Universitas Indonesia""]",Dasar Kesehatan Masyarakat,Universitas Indonesia,2023,id,OCW_UI,21,2605946,READY_FOR_INDEXING,data\raw\material\Fakultas_Kesehatan_Masyarakat\Materi_Hukum__peraturan_perund.pptx,bf72cb32521f5d45bf7bd21bc6769e45d3fb2d91bd49787ef3cd277884f787de
MAT-000893,MATERIAL,Sesi 6-Daskesmas Penyakit Tidak MenularFile,"[""Fakultas Kesehatan Masyarakat, Universitas Indonesia""]",Dasar Kesehatan Masyarakat,Universitas Indonesia,2023,id,OCW_UI,19,677387,READY_FOR_INDEXING,data\raw\material\Fakultas_Kesehatan_Masyarakat\Sesi_6-Daskesmas_Penyakit_Tida.pptx,96ea2d1f5db44e681534f33a7f961ceaabd20799dd55394eb506a4a76339fbee
MAT-000894,MATERIAL,Sesi 7-Daskesmas Penyakit MenularFile,"[""Fakultas Kesehatan Masyarakat, Universitas Indonesia""]",Dasar Kesehatan Masyarakat,Universitas Indonesia,2023,id,OCW_UI,16,1271626,READY_FOR_INDEXING,data\raw\material\Fakultas_Kesehatan_Masyarakat\Sesi_7-Daskesmas_Penyakit_Menu.pptx,8eadf9931820398e7c0516ce21fbe8491c3b1a1a51c46585b7d3902aa64308eb
MAT-000895,MATERIAL,Sesi 9 - Kesehatan LingkunganFile,"[""Fakultas Kesehatan Masyarakat, Universitas Indonesia""]",Dasar Kesehatan Masyarakat,Universitas Indonesia,2023,id,OCW_UI,26,3320333,READY_FOR_INDEXING,data\raw\material\Fakultas_Kesehatan_Masyarakat\Sesi_9_-_Kesehatan_LingkunganF.pptx,a5fa3f577f3c88968efda285e53596264e32e83a86cc50b336961b642bc79651
MAT-000896,MATERIAL,Materi Kesehatan dan Keselamatan KerjaFile,"[""Fakultas Kesehatan Masyarakat, Universitas Indonesia""]",Dasar Kesehatan Masyarakat,Universitas Indonesia,2023,id,OCW_UI,52,3730061,READY_FOR_INDEXING,data\raw\material\Fakultas_Kesehatan_Masyarakat\Materi_Kesehatan_dan_Keselamat.pdf,1b6110d4c496bb84e8e4a0e146b2f28be7d5d49fbeaf690fad3f5e48153acf9a
MAT-000897,MATERIAL,Sesi 11 - Gizi Kesehatan MasyarakatFile,"[""Fakultas Kesehatan Masyarakat, Universitas Indonesia""]",Dasar Kesehatan Masyarakat,Universitas Indonesia,2023,id,OCW_UI,20,2620703,READY_FOR_INDEXING,data\raw\material\Fakultas_Kesehatan_Masyarakat\Sesi_11_-_Gizi_Kesehatan_Masya.pptx,df4e14b81d6b018beaf00ad435943b39986cdb86c385106b3ca645cb3ff24044
MAT-000898,MATERIAL,Sesi 12 - Sistem dan Institusi Pelayanan KesehatanFile,"[""Fakultas Kesehatan Masyarakat, Universitas Indonesia""]",Dasar Kesehatan Masyarakat,Universitas Indonesia,2023,id,OCW_UI,39,4585191,READY_FOR_INDEXING,data\raw\material\Fakultas_Kesehatan_Masyarakat\Sesi_12_-_Sistem_dan_Institusi.pptx,da8efe5afe9c92c48ef7046f57fba1b2dafd89531d052375fe426accdd03ebf1
MAT-000899,MATERIAL,Sesi 13 - Obat dan Makanan dalam Perspektif Kesehatan MasyarakatFile,"[""Fakultas Kesehatan Masyarakat, Universitas Indonesia""]",Dasar Kesehatan Masyarakat,Universitas Indonesia,2023,id,OCW_UI,34,14891884,READY_FOR_INDEXING,data\raw\material\Fakultas_Kesehatan_Masyarakat\Sesi_13_-_Obat_dan_Makanan_dal.pptx,54621ddbfc1c6b1a9e419df52a2e9ccb36274ab7b4df13a0206335f47cdce8d3
MAT-000900,MATERIAL,Sesi 14 - Profesi Kesehatan dan Tenaga KesehatanFile,"[""Fakultas Kesehatan Masyarakat, Universitas Indonesia""]",Dasar Kesehatan Masyarakat,Universitas Indonesia,2023,id,OCW_UI,21,1181890,READY_FOR_INDEXING,data\raw\material\Fakultas_Kesehatan_Masyarakat\Sesi_14_-_Profesi_Kesehatan_da.pptx,c625f71ea48b6606af2ee5c034531a8ff5f2495eb12c45025cd600b46328298f
MAT-000901,MATERIAL,Sesi 15 - Tantangan Kesehatan Masyarakat di Masa DepanFile,"[""Fakultas Kesehatan Masyarakat, Universitas Indonesia""]",Dasar Kesehatan Masyarakat,Universitas Indonesia,2023,id,OCW_UI,29,834494,READY_FOR_INDEXING,data\raw\material\Fakultas_Kesehatan_Masyarakat\Sesi_15_-_Tantangan_Kesehatan.pptx,84354f3630a025e7a5c375948aafac628c7cba6e740485b038bd848d0bf6132b
MAT-000902,MATERIAL,Materi Topik 1: Pengantar OPBSFile,"[""Fakultas Kesehatan Masyarakat, Universitas Indonesia""]",Organisasi Pembelajar dan Berpikir Sistem,Universitas Indonesia,2023,id,OCW_UI,63,2900556,READY_FOR_INDEXING,data\raw\material\Fakultas_Kesehatan_Masyarakat\Materi_Topik_1__Pengantar_OPBS.pdf,ba58b75b48a69cf15d02ca6a7807a7e779304f30034313149e465f7cea156afd
MAT-000903,MATERIAL,Silabus OPBSFile,"[""Fakultas Kesehatan Masyarakat, Universitas Indonesia""]",Organisasi Pembelajar dan Berpikir Sistem,Universitas Indonesia,2023,id,OCW_UI,7,356828,READY_FOR_INDEXING,data\raw\material\Fakultas_Kesehatan_Masyarakat\Silabus_OPBSFile.pdf,3766e5cdc58a9948ef079a0ec34d06d1e4ee158fd718b31cdb6c030abbc6a42b
MAT-000904,MATERIAL,Materi 2: Berpikir Sistem IFile,"[""Fakultas Kesehatan Masyarakat, Universitas Indonesia""]",Organisasi Pembelajar dan Berpikir Sistem,Universitas Indonesia,2023,id,OCW_UI,63,11637858,READY_FOR_INDEXING,data\raw\material\Fakultas_Kesehatan_Masyarakat\Materi_2__Berpikir_Sistem_IFil.pdf,25a5a5d279937203d30801b3d8916d9ede6fc71bea2ba8e8fd32ad4bdfc4e6ef
MAT-000905,MATERIAL,Materi 3: Penjelasan ProjectFile,"[""Fakultas Kesehatan Masyarakat, Universitas Indonesia""]",Organisasi Pembelajar dan Berpikir Sistem,Universitas Indonesia,2023,id,OCW_UI,23,1868394,READY_FOR_INDEXING,data\raw\material\Fakultas_Kesehatan_Masyarakat\Materi_3__Penjelasan_ProjectFi.pdf,7986834dce6f6eb729612de6e57cb14c41575fcf3348d9dba045ceefd57ea392
MAT-000906,MATERIAL,Materi 4: System Thinking IIFile,"[""Fakultas Kesehatan Masyarakat, Universitas Indonesia""]",Organisasi Pembelajar dan Berpikir Sistem,Universitas Indonesia,2023,id,OCW_UI,59,8143088,READY_FOR_INDEXING,data\raw\material\Fakultas_Kesehatan_Masyarakat\Materi_4__System_Thinking_IIFi.pdf,1fca19638014e86bfa7c77ab6cf0eb6bcf750d99927e2e647e60b2b5b96f66ee
MAT-000907,MATERIAL,Materi 5: Penerapan Knowledge Management di HondaFile,"[""Fakultas Kesehatan Masyarakat, Universitas Indonesia""]",Organisasi Pembelajar dan Berpikir Sistem,Universitas Indonesia,2023,id,OCW_UI,24,576834,READY_FOR_INDEXING,data\raw\material\Fakultas_Kesehatan_Masyarakat\Materi_5__Penerapan_Knowledge.pdf,e1bb2b6f41bfafb059ea26c08c34ebf6b7c7bd3228ced16fa35206f987a4bceb
MAT-000908,MATERIAL,Materi 5: EI & AQFile,"[""Fakultas Kesehatan Masyarakat, Universitas Indonesia""]",Organisasi Pembelajar dan Berpikir Sistem,Universitas Indonesia,2023,id,OCW_UI,11,692089,READY_FOR_INDEXING,data\raw\material\Fakultas_Kesehatan_Masyarakat\Materi_5__EI___AQFile.pdf,712eb8d662aad5e7fe2defb0104bddd68e8cb30097492a25f25165f08a51c81f
MAT-000909,MATERIAL,Materi 5: Knowledge ManagementFile,"[""Fakultas Kesehatan Masyarakat, Universitas Indonesia""]",Organisasi Pembelajar dan Berpikir Sistem,Universitas Indonesia,2023,id,OCW_UI,5,998922,READY_FOR_INDEXING,data\raw\material\Fakultas_Kesehatan_Masyarakat\Materi_5__Knowledge_Management.pdf,a459f29833352d00986971508d2b0f7565267c91ef2a7bc376fe2ce35f77dc5b
MAT-000910,MATERIAL,Materi 6: Mental Model IFile,"[""Fakultas Kesehatan Masyarakat, Universitas Indonesia""]",Organisasi Pembelajar dan Berpikir Sistem,Universitas Indonesia,2023,id,OCW_UI,50,3177248,READY_FOR_INDEXING,data\raw\material\Fakultas_Kesehatan_Masyarakat\Materi_6__Mental_Model_IFile.pdf,caacef366020c64b25b765308b509a7a0d6146646532ac0c06876db53feaabf7
MAT-000911,MATERIAL,EbookFile,"[""Fakultas Kesehatan Masyarakat, Universitas Indonesia""]",Organisasi Pembelajar dan Berpikir Sistem,Universitas Indonesia,2023,en,OCW_UI,5,436925,READY_FOR_INDEXING,data\raw\material\Fakultas_Kesehatan_Masyarakat\EbookFile.pdf,3384355d29e98fcea13fea947b83bcf80761a43f6ce428904664fa3f76ffb2fd
MAT-000912,MATERIAL,Materi 7: Belajar (Learning)File,"[""Fakultas Kesehatan Masyarakat, Universitas Indonesia""]",Organisasi Pembelajar dan Berpikir Sistem,Universitas Indonesia,2023,id,OCW_UI,14,267418,READY_FOR_INDEXING,data\raw\material\Fakultas_Kesehatan_Masyarakat\Materi_7__Belajar__Learning_Fi.pdf,792cccd0d8e26f614c48f65cb21388412c370ef0dab545d07f37e149aedb4027
MAT-000913,MATERIAL,Materi 7: Change Management 7S Mc KinseyFile,"[""Fakultas Kesehatan Masyarakat, Universitas Indonesia""]",Organisasi Pembelajar dan Berpikir Sistem,Universitas Indonesia,2023,id,OCW_UI,12,902512,READY_FOR_INDEXING,data\raw\material\Fakultas_Kesehatan_Masyarakat\Materi_7__Change_Management_7S.pdf,1f390fdcf1b86eb2512049a515bb027ae4c5f5fa066004f0168a901e5db5cb00
MAT-000914,MATERIAL,Materi 7: Learning OrganizationFile,"[""Fakultas Kesehatan Masyarakat, Universitas Indonesia""]",Organisasi Pembelajar dan Berpikir Sistem,Universitas Indonesia,2023,id,OCW_UI,13,982244,READY_FOR_INDEXING,data\raw\material\Fakultas_Kesehatan_Masyarakat\Materi_7__Learning_Organizatio.pdf,c093834c36c0f4209f134243fd488248b2b58ba56e85275175d750f5ff848df4
MAT-000915,MATERIAL,Materi 8: Mental Model II dan DialogFile,"[""Fakultas Kesehatan Masyarakat, Universitas Indonesia""]",Organisasi Pembelajar dan Berpikir Sistem,Universitas Indonesia,2023,id,OCW_UI,35,10406487,READY_FOR_INDEXING,data\raw\material\Fakultas_Kesehatan_Masyarakat\Materi_8__Mental_Model_II_dan.pdf,ded830b710db45e6c656bd781e00c6d40c216e56955a6bad879866083f4c598d
MAT-000916,MATERIAL,Materi 10: Learning Organization & Team Learning IIFile,"[""Fakultas Kesehatan Masyarakat, Universitas Indonesia""]",Organisasi Pembelajar dan Berpikir Sistem,Universitas Indonesia,2023,id,OCW_UI,39,7540275,READY_FOR_INDEXING,data\raw\material\Fakultas_Kesehatan_Masyarakat\Materi_10__Learning_Organizati.pdf,2a59b51b83bfa7dd9c0a05712d2962f1e76ce167c805a9344b434e8f5f655a76
MAT-000917,MATERIAL,Materi 11: Shared VisionFile,"[""Fakultas Kesehatan Masyarakat, Universitas Indonesia""]",Organisasi Pembelajar dan Berpikir Sistem,Universitas Indonesia,2023,id,OCW_UI,93,16579994,READY_FOR_INDEXING,data\raw\material\Fakultas_Kesehatan_Masyarakat\Materi_11__Shared_VisionFile.pdf,16f6e07ff3491f7004cd3adb2b5854606a47b2f7d5820d20f57c6aceae1e13af
MAT-000918,MATERIAL,Materi 14: Personal MasteryFile,"[""Fakultas Kesehatan Masyarakat, Universitas Indonesia""]",Organisasi Pembelajar dan Berpikir Sistem,Universitas Indonesia,2023,id,OCW_UI,113,10647520,READY_FOR_INDEXING,data\raw\material\Fakultas_Kesehatan_Masyarakat\Materi_14__Personal_MasteryFil.pdf,66f57f53cced29388b3f2961052632d71f1510f80f34b9c80983c24380fe83e0
MAT-000919,MATERIAL,Materi 15: Review OPBSFile,"[""Fakultas Kesehatan Masyarakat, Universitas Indonesia""]",Organisasi Pembelajar dan Berpikir Sistem,Universitas Indonesia,2023,id,OCW_UI,22,364259,READY_FOR_INDEXING,data\raw\material\Fakultas_Kesehatan_Masyarakat\Materi_15__Review_OPBSFile.pdf,dbf39daff494830fda98280bfb9acf0bdb89825dd14298fc3e905bf829df9047
MAT-000920,MATERIAL,Materi Sesi 2 Dasar K3File,"[""Fakultas Kesehatan Masyarakat, Universitas Indonesia""]",Dasar Keselamatan dan Kesehatan Kerja,Universitas Indonesia,2023,en,OCW_UI,18,2109248,READY_FOR_INDEXING,data\raw\material\Fakultas_Kesehatan_Masyarakat\Materi_Sesi_2_Dasar_K3File.pdf,1014cd60dbf81928339ff16191a6f082ba2665d991078e7802f86797d2cbfed6
MAT-000921,MATERIAL,Materi Manajemen Risiko K3File,"[""Fakultas Kesehatan Masyarakat, Universitas Indonesia""]",Dasar Keselamatan dan Kesehatan Kerja,Universitas Indonesia,2023,en,OCW_UI,12,1003065,READY_FOR_INDEXING,data\raw\material\Fakultas_Kesehatan_Masyarakat\Materi_Manajemen_Risiko_K3File.pdf,c8638cadab179128923daefb4629846c1dd38ada1b7cf1098567ee1080114623
MAT-000922,MATERIAL,Materi Keselamatan KerjaFile,"[""Fakultas Kesehatan Masyarakat, Universitas Indonesia""]",Dasar Keselamatan dan Kesehatan Kerja,Universitas Indonesia,2023,en,OCW_UI,22,1448948,READY_FOR_INDEXING,data\raw\material\Fakultas_Kesehatan_Masyarakat\Materi_Keselamatan_KerjaFile.pdf,9b21d87449eb09414a6b3381b82543a0d64efc8686737131be70c833c18badeb
MAT-000923,MATERIAL,Buku Panduan Kegiatan Mahasiswa Kesehatan KerjaFile,"[""Fakultas Kesehatan Masyarakat, Universitas Indonesia""]",Kesehatan Kerja,Universitas Indonesia,2023,id,OCW_UI,12,159977,READY_FOR_INDEXING,data\raw\material\Fakultas_Kesehatan_Masyarakat\Buku_Panduan_Kegiatan_Mahasisw.pdf,2ffc583f952f84adb41ad0024b295cd02366928a29902752316effe2c0e12bb4
MAT-000924,MATERIAL,Sesi 12 - Pelarut OrganikFile,"[""Fakultas Kesehatan Masyarakat, Universitas Indonesia""]",Toksikologi Industri,Universitas Indonesia,2023,en,OCW_UI,44,10019876,READY_FOR_INDEXING,data\raw\material\Fakultas_Kesehatan_Masyarakat\Sesi_12_-_Pelarut_OrganikFile.pptx,9718fb8801780a9e6a3bfbbf378808ca75c2647b48ae9dc89da585b95245f229
MAT-000925,MATERIAL,Jamshid - Systems Thinking.pdf,"[""Fakultas Kesehatan Masyarakat, Universitas Indonesia""]",Kepemimpinan Strategis dan Berpikir Sistem,Universitas Indonesia,2023,en,OCW_UI,374,4455891,READY_FOR_INDEXING,data\raw\material\Fakultas_Kesehatan_Masyarakat\Jamshid_-_Systems_Thinking_pdf.pdf,e67a8c1b62c0474ac4c26994744a50c431b79b9e443fb9cf0f0d6310794db43f
MAT-000926,MATERIAL,Slide Kepemimpinan dan Organisasi PembelajaranFile,"[""Fakultas Kesehatan Masyarakat, Universitas Indonesia""]",Kepemimpinan Strategis dan Berpikir Sistem,Universitas Indonesia,2023,id,OCW_UI,62,5316311,READY_FOR_INDEXING,data\raw\material\Fakultas_Kesehatan_Masyarakat\Slide_Kepemimpinan_dan_Organis.pdf,2a96ecfd6a12ba9b5741b6b0f0e8a2c39ed693dc3019205e57ce3197ac2f4007
MAT-000927,MATERIAL,slide Kepemimpinan dan 7 kebutaanFile,"[""Fakultas Kesehatan Masyarakat, Universitas Indonesia""]",Kepemimpinan Strategis dan Berpikir Sistem,Universitas Indonesia,2023,id,OCW_UI,39,2695261,READY_FOR_INDEXING,data\raw\material\Fakultas_Kesehatan_Masyarakat\slide_Kepemimpinan_dan_7_kebut.pdf,1afe92ba6b3f615ecb6f2d993fa8bf73b61afa1d8624f93251cb5617e65ac7fc
MAT-000928,MATERIAL,Slide Sesi Mengenal SistemFile,"[""Fakultas Kesehatan Masyarakat, Universitas Indonesia""]",Kepemimpinan Strategis dan Berpikir Sistem,Universitas Indonesia,2023,id,OCW_UI,28,5100526,READY_FOR_INDEXING,data\raw\material\Fakultas_Kesehatan_Masyarakat\Slide_Sesi_Mengenal_SistemFile.pdf,3f81b3bc96ce32ed0d3863d22ad23b05ce7880be9c0c83a14211edefbec92007
MAT-000929,MATERIAL,Slide sesi berpikir sistemFile,"[""Fakultas Kesehatan Masyarakat, Universitas Indonesia""]",Kepemimpinan Strategis dan Berpikir Sistem,Universitas Indonesia,2023,en,OCW_UI,39,6903013,READY_FOR_INDEXING,data\raw\material\Fakultas_Kesehatan_Masyarakat\Slide_sesi_berpikir_sistemFile.pdf,c50ff9564ca303073643efec45ce64b1fdf056629b90b6291d06fb94449343b2
MAT-000930,MATERIAL,slide sesi ArchetypeFile,"[""Fakultas Kesehatan Masyarakat, Universitas Indonesia""]",Kepemimpinan Strategis dan Berpikir Sistem,Universitas Indonesia,2023,id,OCW_UI,43,5976594,READY_FOR_INDEXING,data\raw\material\Fakultas_Kesehatan_Masyarakat\slide_sesi_ArchetypeFile.pdf,a70113b596d2e63a39a4781e34362f978f0b3156da9f9d25f6b1b7e1e8a52d63
MAT-000931,MATERIAL,Slide Sesi Kepemimpinan dan Personal MasteryFile,"[""Fakultas Kesehatan Masyarakat, Universitas Indonesia""]",Kepemimpinan Strategis dan Berpikir Sistem,Universitas Indonesia,2023,id,OCW_UI,32,6742642,READY_FOR_INDEXING,data\raw\material\Fakultas_Kesehatan_Masyarakat\Slide_Sesi_Kepemimpinan_dan_Pe.pdf,c6055908fbc28d9a52492838ab50742eedf6eef8eb464d14a2796a5a2b999218
MAT-000932,MATERIAL,Slide sesi Pendalaman Personal MasteryFile,"[""Fakultas Kesehatan Masyarakat, Universitas Indonesia""]",Kepemimpinan Strategis dan Berpikir Sistem,Universitas Indonesia,2023,en,OCW_UI,17,5322289,READY_FOR_INDEXING,data\raw\material\Fakultas_Kesehatan_Masyarakat\Slide_sesi_Pendalaman_Personal.pdf,2837aa26411b138747783d88258504c3f8eaa90a3864000737f552cae47bd8d1
MAT-000933,MATERIAL,Slide Sesi Kepemimpinan dan Team LearningFile,"[""Fakultas Kesehatan Masyarakat, Universitas Indonesia""]",Kepemimpinan Strategis dan Berpikir Sistem,Universitas Indonesia,2023,en,OCW_UI,38,6619045,READY_FOR_INDEXING,data\raw\material\Fakultas_Kesehatan_Masyarakat\Slide_Sesi_Kepemimpinan_dan_Te.pdf,248da9f2110ad12d0df7c1d6d169a827a8bbbb088a67b8463b9ecc87223914fa
MAT-000934,MATERIAL,Slide Sesi Pendalaman Team LearningFile,"[""Fakultas Kesehatan Masyarakat, Universitas Indonesia""]",Kepemimpinan Strategis dan Berpikir Sistem,Universitas Indonesia,2023,en,OCW_UI,34,3185229,READY_FOR_INDEXING,data\raw\material\Fakultas_Kesehatan_Masyarakat\Slide_Sesi_Pendalaman_Team_Lea.pdf,1e31a8da0a0299a23bc270c973afc33daed286400696aa589b193ef0e1774afe
MAT-000935,MATERIAL,slide sesi Kepemimpinan dan Mental ModelFile,"[""Fakultas Kesehatan Masyarakat, Universitas Indonesia""]",Kepemimpinan Strategis dan Berpikir Sistem,Universitas Indonesia,2023,id,OCW_UI,49,4466071,READY_FOR_INDEXING,data\raw\material\Fakultas_Kesehatan_Masyarakat\slide_sesi_Kepemimpinan_dan_Me.pdf,dc5675577c8eb171f0fa123c55941de35fbee73f0167839b7b41d789f3d18b60
MAT-000936,MATERIAL,Slide sesi Pendalaman Mental ModelFile,"[""Fakultas Kesehatan Masyarakat, Universitas Indonesia""]",Kepemimpinan Strategis dan Berpikir Sistem,Universitas Indonesia,2023,id,OCW_UI,35,2577782,READY_FOR_INDEXING,data\raw\material\Fakultas_Kesehatan_Masyarakat\Slide_sesi_Pendalaman_Mental_M.pdf,d7e8f856519d55ed233fcac0c4ea5f06011a31a07bc549a57fbd56f127d94513
MAT-000937,MATERIAL,Slide Sesi Kepemimpinan dan Shared VisionFile,"[""Fakultas Kesehatan Masyarakat, Universitas Indonesia""]",Kepemimpinan Strategis dan Berpikir Sistem,Universitas Indonesia,2023,en,OCW_UI,45,1027889,READY_FOR_INDEXING,data\raw\material\Fakultas_Kesehatan_Masyarakat\Slide_Sesi_Kepemimpinan_dan_Sh.pdf,2b606cc94e0eb7ac136692d70fa774157b24615bbc0fefbeec10b5db8e573990
MAT-000938,MATERIAL,Slide Sesi Pendalaman Shared VisionFile,"[""Fakultas Kesehatan Masyarakat, Universitas Indonesia""]",Kepemimpinan Strategis dan Berpikir Sistem,Universitas Indonesia,2023,en,OCW_UI,42,1810991,READY_FOR_INDEXING,data\raw\material\Fakultas_Kesehatan_Masyarakat\Slide_Sesi_Pendalaman_Shared_V.pdf,df9d3d5e00535e3b182e89afda4ba35db7552cac645c16b8faa716296b58e6cb
MAT-000939,MATERIAL,sesi 1-Silabus MA Manajemen Lingkungan RS Semester Ganjil 2013File,"[""Fakultas Kesehatan Masyarakat, Universitas Indonesia""]",Manajemen Lingkungan Rumah Sakit,Universitas Indonesia,2023,id,OCW_UI,3,46452,READY_FOR_INDEXING,data\raw\material\Fakultas_Kesehatan_Masyarakat\sesi_1-Silabus_MA_Manajemen_Li.pdf,9e1bcb8fc988f382aff9d98f12b8669b463521e568a83ca94dc2e7549760f70e
MAT-000940,MATERIAL,Pengantar-Penelusuran Referensi dan Penulisan IlmiahFile,"[""Fakultas Kesehatan Masyarakat, Universitas Indonesia""]",Manajemen Lingkungan Rumah Sakit,Universitas Indonesia,2023,id,OCW_UI,109,9183158,READY_FOR_INDEXING,data\raw\material\Fakultas_Kesehatan_Masyarakat\Pengantar-Penelusuran_Referens.pdf,0dadf9e8cb8888c7d82489fbb87761686383fb5805a55ca8526c1ff711164a73
MAT-000941,MATERIAL,bahan 1-UU 2009 32PPLH 1File,"[""Fakultas Kesehatan Masyarakat, Universitas Indonesia""]",Manajemen Lingkungan Rumah Sakit,Universitas Indonesia,2023,id,OCW_UI,69,234193,READY_FOR_INDEXING,data\raw\material\Fakultas_Kesehatan_Masyarakat\bahan_1-UU_2009_32PPLH_1File.pdf,53a80becee801afff1028fe4ca3135a375a4abc27f2bf8332ce6cab977bc1b5d
MAT-000942,MATERIAL,Pedoman Tugas Analisis Artikel JurnalFile,"[""Fakultas Kesehatan Masyarakat, Universitas Indonesia""]",Manajemen Lingkungan Rumah Sakit,Universitas Indonesia,2023,id,OCW_UI,1,83162,READY_FOR_INDEXING,data\raw\material\Fakultas_Kesehatan_Masyarakat\Pedoman_Tugas_Analisis_Artikel.pdf,b0116e513732dedf29b37c4474598ec51f620a114c96e54f02b80b81a0403d8d
MAT-000943,MATERIAL,bahan 2-Persyaratan Petunjuk Teknis Tata Cara Penyehatan Lingkungan Rumah SakitFile,"[""Fakultas Kesehatan Masyarakat, Universitas Indonesia""]",Manajemen Lingkungan Rumah Sakit,Universitas Indonesia,2023,id,OCW_UI,38,311110,READY_FOR_INDEXING,data\raw\material\Fakultas_Kesehatan_Masyarakat\bahan_2-Persyaratan_Petunjuk_T.pdf,f731c50f4ef3e090f4a394e149e616646fbfeb03b6c64a596303fcbc3d3db740
MAT-000944,MATERIAL,sesi 2-Lingkungan Hidup  SMLRSFile,"[""Fakultas Kesehatan Masyarakat, Universitas Indonesia""]",Manajemen Lingkungan Rumah Sakit,Universitas Indonesia,2023,id,OCW_UI,45,3164079,READY_FOR_INDEXING,data\raw\material\Fakultas_Kesehatan_Masyarakat\sesi_2-Lingkungan_Hidup__SMLRS.pdf,8c939e487dd2b741a008c95fd2c5b5f7a852bed7666a5b90fa4da8d353bb81ec
MAT-000945,MATERIAL,naskah sesi 2-LHSMLRSFile,"[""Fakultas Kesehatan Masyarakat, Universitas Indonesia""]",Manajemen Lingkungan Rumah Sakit,Universitas Indonesia,2023,id,OCW_UI,7,89239,READY_FOR_INDEXING,data\raw\material\Fakultas_Kesehatan_Masyarakat\naskah_sesi_2-LHSMLRSFile.pdf,5f88fbd9980517926247588626a8ebf43a25fa57d3ab8a1274fe75df2795e4d0
MAT-000946,MATERIAL,sesi 3-Audit Lingkungan 1File,"[""Fakultas Kesehatan Masyarakat, Universitas Indonesia""]",Manajemen Lingkungan Rumah Sakit,Universitas Indonesia,2023,id,OCW_UI,20,1651306,READY_FOR_INDEXING,data\raw\material\Fakultas_Kesehatan_Masyarakat\sesi_3-Audit_Lingkungan_1File.pdf,c90bf2c10bc9182bd5cd2d9efbce79b093cac43302d7fc19d1ae787b55ba40c5
MAT-000947,MATERIAL,naskah sesi 34-audit LHFile,"[""Fakultas Kesehatan Masyarakat, Universitas Indonesia""]",Manajemen Lingkungan Rumah Sakit,Universitas Indonesia,2023,id,OCW_UI,32,209933,READY_FOR_INDEXING,data\raw\material\Fakultas_Kesehatan_Masyarakat\naskah_sesi_34-audit_LHFile.pdf,2a129aae046153209d6474119f55d27aaf57bb69dcecd552e2e0180a16bb7c99
MAT-000948,MATERIAL,bahan 1-protokol audit lingkunganFile,"[""Fakultas Kesehatan Masyarakat, Universitas Indonesia""]",Manajemen Lingkungan Rumah Sakit,Universitas Indonesia,2023,id,OCW_UI,39,367419,READY_FOR_INDEXING,data\raw\material\Fakultas_Kesehatan_Masyarakat\bahan_1-protokol_audit_lingkun.pdf,a957e184528e16b75e5145b91deecb5dfcf7feb6986f2e1b0c33f3489fcf7f4c
MAT-000949,MATERIAL,Tugas MLRS IFile,"[""Fakultas Kesehatan Masyarakat, Universitas Indonesia""]",Manajemen Lingkungan Rumah Sakit,Universitas Indonesia,2023,id,OCW_UI,1,67347,READY_FOR_INDEXING,data\raw\material\Fakultas_Kesehatan_Masyarakat\Tugas_MLRS_IFile.pdf,60002bf610e13110fd4d77166c192d82ee330997fe46ab3548b6cf860e55fa8b
MAT-000950,MATERIAL,bahan 2-KEP MLH 42 1994 INDFile,"[""Fakultas Kesehatan Masyarakat, Universitas Indonesia""]",Manajemen Lingkungan Rumah Sakit,Universitas Indonesia,2023,id,OCW_UI,10,27809,READY_FOR_INDEXING,data\raw\material\Fakultas_Kesehatan_Masyarakat\bahan_2-KEP_MLH_42_1994_INDFil.pdf,0c459177e7cf7bd070c3697adc7cd7fcf941c1218c62d668c2dd1917aeba9b49
MAT-000951,MATERIAL,bahan 1-case study auditFile,"[""Fakultas Kesehatan Masyarakat, Universitas Indonesia""]",Manajemen Lingkungan Rumah Sakit,Universitas Indonesia,2023,id,OCW_UI,13,200666,READY_FOR_INDEXING,data\raw\material\Fakultas_Kesehatan_Masyarakat\bahan_1-case_study_auditFile.pdf,a9e331c9abf8c65a3dfac68b03b2c5cfd6eb4c778aa49bfd8157ea4f2121e31f
MAT-000952,MATERIAL,sesi 4-Audit Lingkungan 2File,"[""Fakultas Kesehatan Masyarakat, Universitas Indonesia""]",Manajemen Lingkungan Rumah Sakit,Universitas Indonesia,2023,id,OCW_UI,22,1912837,READY_FOR_INDEXING,data\raw\material\Fakultas_Kesehatan_Masyarakat\sesi_4-Audit_Lingkungan_2File.pdf,c2f82eefa8a3e834a1ef21f15ac5748c16cc2e75a3881395d00a8991652893e9
MAT-000953,MATERIAL,bahan 3-Peraturan Pemerintah Republik Indonesia No 18 Thn 1999File,"[""Fakultas Kesehatan Masyarakat, Universitas Indonesia""]",Manajemen Lingkungan Rumah Sakit,Universitas Indonesia,2023,id,OCW_UI,62,440834,READY_FOR_INDEXING,data\raw\material\Fakultas_Kesehatan_Masyarakat\bahan_3-Peraturan_Pemerintah_R.pdf,81fa01068564be6e565dc34c086f2244e0c99c7e4b09f1fba4d50e34fa9cab7f
MAT-000954,MATERIAL,bahan 2-Keputusan Menteri Negara Lingkungan Hidup No 58 Thn 1995File,"[""Fakultas Kesehatan Masyarakat, Universitas Indonesia""]",Manajemen Lingkungan Rumah Sakit,Universitas Indonesia,2023,id,OCW_UI,10,242322,READY_FOR_INDEXING,data\raw\material\Fakultas_Kesehatan_Masyarakat\bahan_2-Keputusan_Menteri_Nega.pdf,2b0bde89c20370249ea324a57c4c145080afc6ce1b038b0551f93b423edac0ba
MAT-000955,MATERIAL,bahan 1-tabel 2 daftar limbah B3 dari sumber yg spesifikFile,"[""Fakultas Kesehatan Masyarakat, Universitas Indonesia""]",Manajemen Lingkungan Rumah Sakit,Universitas Indonesia,2023,id,OCW_UI,29,308418,READY_FOR_INDEXING,data\raw\material\Fakultas_Kesehatan_Masyarakat\bahan_1-tabel_2_daftar_limbah.pdf,d6d81cc86c90b942d884c8d7af8d34f27904890a06ec64ff8a2a9e5f4c36dab3
MAT-000956,MATERIAL,naskah sesi 5-Teknologi Limbah Cair RSFile,"[""Fakultas Kesehatan Masyarakat, Universitas Indonesia""]",Manajemen Lingkungan Rumah Sakit,Universitas Indonesia,2023,id,OCW_UI,8,69663,READY_FOR_INDEXING,data\raw\material\Fakultas_Kesehatan_Masyarakat\naskah_sesi_5-Teknologi_Limbah.pdf,2587684c765ca2cd5e5f2f44107708901c2cfe281942c1812b89a6642f691401
MAT-000957,MATERIAL,sesi 5-Teknologi  Manajemen Limbah Cair RSFile,"[""Fakultas Kesehatan Masyarakat, Universitas Indonesia""]",Manajemen Lingkungan Rumah Sakit,Universitas Indonesia,2023,id,OCW_UI,20,432579,READY_FOR_INDEXING,data\raw\material\Fakultas_Kesehatan_Masyarakat\sesi_5-Teknologi__Manajemen_Li.pdf,82874916bc9f866926a34f3d8c1bd3496d9311578c906831e1f092fb0b2cf195
MAT-000958,MATERIAL,sesi 6-Teknologi dan Pengelolaan Sampah Padat  Infeksius RSFile,"[""Fakultas Kesehatan Masyarakat, Universitas Indonesia""]",Manajemen Lingkungan Rumah Sakit,Universitas Indonesia,2023,id,OCW_UI,28,3019246,READY_FOR_INDEXING,data\raw\material\Fakultas_Kesehatan_Masyarakat\sesi_6-Teknologi_dan_Pengelola.pdf,7152e43d1129cfef069745732273d753331744c29c089607c2ca9c08dd7f878c
MAT-000959,MATERIAL,naskah sesi 6-Teknologi dan Pengelolaan Sampah PadatFile,"[""Fakultas Kesehatan Masyarakat, Universitas Indonesia""]",Manajemen Lingkungan Rumah Sakit,Universitas Indonesia,2023,id,OCW_UI,4,42538,READY_FOR_INDEXING,data\raw\material\Fakultas_Kesehatan_Masyarakat\naskah_sesi_6-Teknologi_dan_Pe.pdf,b7cd9ac3e67514a2c3840b78ed3a001d18a59b71d40bf5cff9ba04a4b3e4230f
MAT-000960,MATERIAL,sesi 7-Manajemen Pencegahan  Surveilans Untuk Infeksi NosokomialFile,"[""Fakultas Kesehatan Masyarakat, Universitas Indonesia""]",Manajemen Lingkungan Rumah Sakit,Universitas Indonesia,2023,id,OCW_UI,14,105990,READY_FOR_INDEXING,data\raw\material\Fakultas_Kesehatan_Masyarakat\sesi_7-Manajemen_Pencegahan__S.pdf,7fbe98b2f8df9730d316c07101797214b9b24986fe1ced418013bf91cdc4a0ca
MAT-000961,MATERIAL,naskah sesi 7-manajemen pencegahan  surveilans infeksi nosokomialFile,"[""Fakultas Kesehatan Masyarakat, Universitas Indonesia""]",Manajemen Lingkungan Rumah Sakit,Universitas Indonesia,2023,id,OCW_UI,5,170190,READY_FOR_INDEXING,data\raw\material\Fakultas_Kesehatan_Masyarakat\naskah_sesi_7-manajemen_penceg.pdf,d46d244b68e5a315b0986dbc7a75caf3fb5e9fff02e7de4b3094a286ac18577c
MAT-000962,MATERIAL,KUIS 1 MANAJEMEN LINGKUNGANFile,"[""Fakultas Kesehatan Masyarakat, Universitas Indonesia""]",Manajemen Lingkungan Rumah Sakit,Universitas Indonesia,2023,id,OCW_UI,1,90592,READY_FOR_INDEXING,data\raw\material\Fakultas_Kesehatan_Masyarakat\KUIS_1_MANAJEMEN_LINGKUNGANFil.pdf,6b8967e22f9224fc6cca101b92d9cfd0425baa3343b6fcccc84870170b480b51
MAT-000963,MATERIAL,soal UTSFile,"[""Fakultas Kesehatan Masyarakat, Universitas Indonesia""]",Manajemen Lingkungan Rumah Sakit,Universitas Indonesia,2023,id,OCW_UI,6,182239,READY_FOR_INDEXING,data\raw\material\Fakultas_Kesehatan_Masyarakat\soal_UTSFile.pdf,721acb47174b0fc00ff769736419ac828fd15594ea712119b05e9113bb08dced
MAT-000964,MATERIAL,naskah sesi 910-AMDALFile,"[""Fakultas Kesehatan Masyarakat, Universitas Indonesia""]",Manajemen Lingkungan Rumah Sakit,Universitas Indonesia,2023,id,OCW_UI,15,135543,READY_FOR_INDEXING,data\raw\material\Fakultas_Kesehatan_Masyarakat\naskah_sesi_910-AMDALFile.pdf,7a8e79a0aba91bdc025e8432081e274503dcdb4c30f066f6d1ec57272a009ca7
MAT-000965,MATERIAL,bahan 1-Peraturan Pemerintah Republik Indonesia No 27 Thn 1999File,"[""Fakultas Kesehatan Masyarakat, Universitas Indonesia""]",Manajemen Lingkungan Rumah Sakit,Universitas Indonesia,2023,id,OCW_UI,36,201025,READY_FOR_INDEXING,data\raw\material\Fakultas_Kesehatan_Masyarakat\bahan_1-Peraturan_Pemerintah_R.pdf,d85711bc0f94b6a1d64381cbc19ccfaca380e1d053f6332e0990ddb4a5973fdc
MAT-000966,MATERIAL,sesi 9-AMDAL IFile,"[""Fakultas Kesehatan Masyarakat, Universitas Indonesia""]",Manajemen Lingkungan Rumah Sakit,Universitas Indonesia,2023,id,OCW_UI,23,2337450,READY_FOR_INDEXING,data\raw\material\Fakultas_Kesehatan_Masyarakat\sesi_9-AMDAL_IFile.pdf,f06745ccde263d3951775834775e8ed42fdbeafca90a1e29e3357fcf31091732
MAT-000967,MATERIAL,sesi 10-AMDAL IIFile,"[""Fakultas Kesehatan Masyarakat, Universitas Indonesia""]",Manajemen Lingkungan Rumah Sakit,Universitas Indonesia,2023,id,OCW_UI,17,3083311,READY_FOR_INDEXING,data\raw\material\Fakultas_Kesehatan_Masyarakat\sesi_10-AMDAL_IIFile.pdf,0dabc0850c005b353630441f82aa43876b381f7c15b5216ce3912df268631eb4
MAT-000968,MATERIAL,bahan 1-KMK No. 876 ttg Pedoman Teknis Analisis Dampak Kesehatan LingkunganFile,"[""Fakultas Kesehatan Masyarakat, Universitas Indonesia""]",Manajemen Lingkungan Rumah Sakit,Universitas Indonesia,2023,id,OCW_UI,17,136447,READY_FOR_INDEXING,data\raw\material\Fakultas_Kesehatan_Masyarakat\bahan_1-KMK_No__876_ttg_Pedoma.pdf,7667cde0538710406c4f53ac1815fb1a69f3100d2bca9fec156dbe411f22858f
MAT-000969,MATERIAL,bahan 2-Jenis Kegiatan Usaha Wajib Amdal PerMen no 11 th 2006File,"[""Fakultas Kesehatan Masyarakat, Universitas Indonesia""]",Manajemen Lingkungan Rumah Sakit,Universitas Indonesia,2023,id,OCW_UI,25,397574,READY_FOR_INDEXING,data\raw\material\Fakultas_Kesehatan_Masyarakat\bahan_2-Jenis_Kegiatan_Usaha_W.pdf,4f8cd1ed8914a6a2769906fdfe071d466e7d2fa77cda7ca8106b6ced074f67ea
MAT-000970,MATERIAL,Tugas MLRS IIFile,"[""Fakultas Kesehatan Masyarakat, Universitas Indonesia""]",Manajemen Lingkungan Rumah Sakit,Universitas Indonesia,2023,id,OCW_UI,1,61675,READY_FOR_INDEXING,data\raw\material\Fakultas_Kesehatan_Masyarakat\Tugas_MLRS_IIFile.pdf,5d59b25da9417df284dde757c876cfa6920ac39525512c35fe9705e5d0dc1b68
MAT-000971,MATERIAL,sesi 11-Pencegahan Pencemaran IFile,"[""Fakultas Kesehatan Masyarakat, Universitas Indonesia""]",Manajemen Lingkungan Rumah Sakit,Universitas Indonesia,2023,id,OCW_UI,33,3965707,READY_FOR_INDEXING,data\raw\material\Fakultas_Kesehatan_Masyarakat\sesi_11-Pencegahan_Pencemaran.pdf,890dd7cd79f2f8f420aa151809a86da97e55573cf081736b147155c15928d688
MAT-000972,MATERIAL,bahan 1-Pedoman Sanitasi Rumah Sakit di IndonesiaFile,"[""Fakultas Kesehatan Masyarakat, Universitas Indonesia""]",Manajemen Lingkungan Rumah Sakit,Universitas Indonesia,2023,id,OCW_UI,49,373418,READY_FOR_INDEXING,data\raw\material\Fakultas_Kesehatan_Masyarakat\bahan_1-Pedoman_Sanitasi_Rumah.pdf,bde1a1ae69d818b37252d80903e0ac3cf7bb526d0e1fd4efe7151e002193e96a
MAT-000973,MATERIAL,naskah sesi 1112-PENCEGAHAN PENCEMARANFile,"[""Fakultas Kesehatan Masyarakat, Universitas Indonesia""]",Manajemen Lingkungan Rumah Sakit,Universitas Indonesia,2023,id,OCW_UI,72,669792,READY_FOR_INDEXING,data\raw\material\Fakultas_Kesehatan_Masyarakat\naskah_sesi_1112-PENCEGAHAN_PE.pdf,3b1e41dab9e8bf4dee9b3636c98749aa4a603def319828f829438231d430f81a
MAT-000974,MATERIAL,Pedoman Teknis Pengelolaan Lingkungan Rumah SakitFile,"[""Fakultas Kesehatan Masyarakat, Universitas Indonesia""]",Manajemen Lingkungan Rumah Sakit,Universitas Indonesia,2023,id,OCW_UI,14,282929,READY_FOR_INDEXING,data\raw\material\Fakultas_Kesehatan_Masyarakat\Pedoman_Teknis_Pengelolaan_Lin.pdf,53f17a5d710137adb466ff24bfc2df2dcd84e65e2692726ee78cafafe92b7b61
MAT-000975,MATERIAL,sesi 12-Pencegahan Pencemaran IIFile,"[""Fakultas Kesehatan Masyarakat, Universitas Indonesia""]",Manajemen Lingkungan Rumah Sakit,Universitas Indonesia,2023,id,OCW_UI,32,3017102,READY_FOR_INDEXING,data\raw\material\Fakultas_Kesehatan_Masyarakat\sesi_12-Pencegahan_Pencemaran.pdf,83b310393c42465807a01bc89a5c214af552cdec145dd4a81f436fba8327a44f
MAT-000976,MATERIAL,sesi 13-Risk AssessmentFile,"[""Fakultas Kesehatan Masyarakat, Universitas Indonesia""]",Manajemen Lingkungan Rumah Sakit,Universitas Indonesia,2023,id,OCW_UI,11,606260,READY_FOR_INDEXING,data\raw\material\Fakultas_Kesehatan_Masyarakat\sesi_13-Risk_AssessmentFile.pdf,b8f02a60c95d6361889be8ec02ac9f89862962acfdb86f4f8328d2b73123c346
MAT-000977,MATERIAL,naskah sesi 13-risk assessmentFile,"[""Fakultas Kesehatan Masyarakat, Universitas Indonesia""]",Manajemen Lingkungan Rumah Sakit,Universitas Indonesia,2023,id,OCW_UI,3,29205,READY_FOR_INDEXING,data\raw\material\Fakultas_Kesehatan_Masyarakat\naskah_sesi_13-risk_assessment.pdf,06a33151bfd98fd16c005193b32a8eb86030cb1d24924f04dfd21cbd2b8faf9b
MAT-000978,MATERIAL,contoh RAFile,"[""Fakultas Kesehatan Masyarakat, Universitas Indonesia""]",Manajemen Lingkungan Rumah Sakit,Universitas Indonesia,2023,id,OCW_UI,1,278240,READY_FOR_INDEXING,data\raw\material\Fakultas_Kesehatan_Masyarakat\contoh_RAFile.pdf,17d6f7f2d4bd9cec5b092426266b34a477cc5319ad5aa4c9b8c3340b1bdaca8b
MAT-000979,MATERIAL,sesi 14-Biaya Lingkungan RSFile,"[""Fakultas Kesehatan Masyarakat, Universitas Indonesia""]",Manajemen Lingkungan Rumah Sakit,Universitas Indonesia,2023,id,OCW_UI,6,281435,READY_FOR_INDEXING,data\raw\material\Fakultas_Kesehatan_Masyarakat\sesi_14-Biaya_Lingkungan_RSFil.pdf,2e29538cbed2eb46e173f2a0e212bf211bf58649267e4c9e0380ef8db321b6f3
MAT-000980,MATERIAL,naskah sesi 14-biaya lingkungan RSFile,"[""Fakultas Kesehatan Masyarakat, Universitas Indonesia""]",Manajemen Lingkungan Rumah Sakit,Universitas Indonesia,2023,id,OCW_UI,4,170717,READY_FOR_INDEXING,data\raw\material\Fakultas_Kesehatan_Masyarakat\naskah_sesi_14-biaya_lingkunga.pdf,7e2f4b8cb42da40d371277d6212a02dc35d23328c7b07b07df38015cd082753b
MAT-000981,MATERIAL,"bahan 1-Keputusan Dirjen Kualifikasi Peserta, Kurikulum dan Penyelenggara Pelatihan Tenaga Bidang KLRSFile","[""Fakultas Kesehatan Masyarakat, Universitas Indonesia""]",Manajemen Lingkungan Rumah Sakit,Universitas Indonesia,2023,id,OCW_UI,7,154769,READY_FOR_INDEXING,data\raw\material\Fakultas_Kesehatan_Masyarakat\bahan_1-Keputusan_Dirjen_Kuali.pdf,52e63f7b55002fe32adaa62b234c278f93da27dd318d248ead6b2d6ac91e53d4
MAT-000982,MATERIAL,KUIS 2 MANAJEMEN LINGKUNGANFile,"[""Fakultas Kesehatan Masyarakat, Universitas Indonesia""]",Manajemen Lingkungan Rumah Sakit,Universitas Indonesia,2023,id,OCW_UI,1,90492,READY_FOR_INDEXING,data\raw\material\Fakultas_Kesehatan_Masyarakat\KUIS_2_MANAJEMEN_LINGKUNGANFil.pdf,db514d895bf9f1a507f1c89e7ed4f8f4be4a1b646a496a4d455a564f5c72a829
MAT-000983,MATERIAL,naskah sesi 15-KAPITA SELEKTA-reviewFile,"[""Fakultas Kesehatan Masyarakat, Universitas Indonesia""]",Manajemen Lingkungan Rumah Sakit,Universitas Indonesia,2023,id,OCW_UI,4,98563,READY_FOR_INDEXING,data\raw\material\Fakultas_Kesehatan_Masyarakat\naskah_sesi_15-KAPITA_SELEKTA-.pdf,ad5145cec013688a3ac335b0d356431047b145c6420ea01a683e5c45aad8e725
MAT-000984,MATERIAL,KAPITA SELEKTA (review)File,"[""Fakultas Kesehatan Masyarakat, Universitas Indonesia""]",Manajemen Lingkungan Rumah Sakit,Universitas Indonesia,2023,id,OCW_UI,14,1632110,READY_FOR_INDEXING,data\raw\material\Fakultas_Kesehatan_Masyarakat\KAPITA_SELEKTA__review_File.pdf,8d78acd7407a008d8642353710cb363e3d9cace22fd9237ebd2f57c8d4f5f9a9
MAT-000985,MATERIAL,soal UASFile,"[""Fakultas Kesehatan Masyarakat, Universitas Indonesia""]",Manajemen Lingkungan Rumah Sakit,Universitas Indonesia,2023,id,OCW_UI,2,90570,READY_FOR_INDEXING,data\raw\material\Fakultas_Kesehatan_Masyarakat\soal_UASFile.pdf,e207d5c3f5070af24147b4b00c987d00edad33f14d722fa91d05425bb80231be
MAT-000986,MATERIAL,BRP Advokasi Kesehatan Hadi PratomoFile,"[""Fakultas Kesehatan Masyarakat, Universitas Indonesia""]",Advokasi Kesehatan,Universitas Indonesia,2023,id,OCW_UI,36,482557,READY_FOR_INDEXING,data\raw\material\Fakultas_Kesehatan_Masyarakat\BRP_Advokasi_Kesehatan_Hadi_Pr.pdf,347760e3b7da9be625a91e16231324c32a25c45dfe86d0601326bd3327ca0bfd
MAT-000987,MATERIAL,Sesi 1 Sejarah dan Perkembangan advokesFile,"[""Fakultas Kesehatan Masyarakat, Universitas Indonesia""]",Advokasi Kesehatan,Universitas Indonesia,2023,id,OCW_UI,10,459865,READY_FOR_INDEXING,data\raw\material\Fakultas_Kesehatan_Masyarakat\Sesi_1_Sejarah_dan_Perkembanga.pdf,f06d7805338e0324ccde006da9fd4acbc38245d42a9b29d77077e650ecf0157e
MAT-000988,MATERIAL,sesi 2 Teori  Konsep advokasiFile,"[""Fakultas Kesehatan Masyarakat, Universitas Indonesia""]",Advokasi Kesehatan,Universitas Indonesia,2023,id,OCW_UI,34,776144,READY_FOR_INDEXING,data\raw\material\Fakultas_Kesehatan_Masyarakat\sesi_2_Teori__Konsep_advokasiF.pdf,9a2dd86225b010dbb0598f9801f635f51c7d6566b5c583c8fdaf213de991f664
MAT-000989,MATERIAL,Sesi 3 Perencanaan AdvokasiFile,"[""Fakultas Kesehatan Masyarakat, Universitas Indonesia""]",Advokasi Kesehatan,Universitas Indonesia,2023,id,OCW_UI,33,2241865,READY_FOR_INDEXING,data\raw\material\Fakultas_Kesehatan_Masyarakat\Sesi_3_Perencanaan_AdvokasiFil.pdf,7fbf3076b55cba6fa4cc6a2b900caae35344f63c92800df98b557d3686afdbc7
MAT-000990,MATERIAL,Sesi 4 Analisis Kebijakan PublikFile,"[""Fakultas Kesehatan Masyarakat, Universitas Indonesia""]",Advokasi Kesehatan,Universitas Indonesia,2023,id,OCW_UI,37,778530,READY_FOR_INDEXING,data\raw\material\Fakultas_Kesehatan_Masyarakat\Sesi_4_Analisis_Kebijakan_Publ.pdf,d3f114d5505ac9d9eefe5be9eb050521a4fad077323a10f91fb64b206bbb5c2b
MAT-000991,MATERIAL,Sesi 5 Proses Perencanaan advokasi 2File,"[""Fakultas Kesehatan Masyarakat, Universitas Indonesia""]",Advokasi Kesehatan,Universitas Indonesia,2023,id,OCW_UI,35,5825657,READY_FOR_INDEXING,data\raw\material\Fakultas_Kesehatan_Masyarakat\Sesi_5_Proses_Perencanaan_advo.pdf,5f7cbc0320f8c50b0ae6394017e45cf32dc83cf17c3a44bfd2e4805221c3f48b
MAT-000992,MATERIAL,Sesi 6 Pendekatan  Strategi AdvokasiFile,"[""Fakultas Kesehatan Masyarakat, Universitas Indonesia""]",Advokasi Kesehatan,Universitas Indonesia,2023,id,OCW_UI,28,1466265,READY_FOR_INDEXING,data\raw\material\Fakultas_Kesehatan_Masyarakat\Sesi_6_Pendekatan__Strategi_Ad.pdf,3a07fbc5251513ada86b263ced7aa2de0df306c3916543384cadbffc8fa80bdb
MAT-000993,MATERIAL,UTS ADVOKASI KESEHATANFile,"[""Fakultas Kesehatan Masyarakat, Universitas Indonesia""]",Advokasi Kesehatan,Universitas Indonesia,2023,id,OCW_UI,13,64774,READY_FOR_INDEXING,data\raw\material\Fakultas_Kesehatan_Masyarakat\UTS_ADVOKASI_KESEHATANFile.pdf,d0a6eb1622c412df67f0f383d263c47f2468935ac7b843b5ecaa4fae4d470840
MAT-000994,MATERIAL,Sesi 7 Proses Penyusunan UU dan PerdaFile,"[""Fakultas Kesehatan Masyarakat, Universitas Indonesia""]",Advokasi Kesehatan,Universitas Indonesia,2023,id,OCW_UI,17,626140,READY_FOR_INDEXING,data\raw\material\Fakultas_Kesehatan_Masyarakat\Sesi_7_Proses_Penyusunan_UU_da.pdf,56fe7ffe362646695e19194028051e5625b37684bfecfe617597c565d4d6ea91
MAT-000995,MATERIAL,Sesi 8 Sasaran dan indikator petunjukFile,"[""Fakultas Kesehatan Masyarakat, Universitas Indonesia""]",Advokasi Kesehatan,Universitas Indonesia,2023,id,OCW_UI,24,427328,READY_FOR_INDEXING,data\raw\material\Fakultas_Kesehatan_Masyarakat\Sesi_8_Sasaran_dan_indikator_p.pdf,318a06960c3be8b92fd7bb73873d7d04715cc5d09540389a7df3f841a4bf4d52
MAT-000996,MATERIAL,Sesi 9 Advokasi MediaFile,"[""Fakultas Kesehatan Masyarakat, Universitas Indonesia""]",Advokasi Kesehatan,Universitas Indonesia,2023,id,OCW_UI,13,254346,READY_FOR_INDEXING,data\raw\material\Fakultas_Kesehatan_Masyarakat\Sesi_9_Advokasi_MediaFile.pdf,c7aed9d4a15577a8cb89dd61557cb0219992d24e3f52820eb2ef85c534ede4d4
MAT-000997,MATERIAL,Sesi 10 Pengalam Advo Airbersih DPRD Garut  Hadi P FINALFile,"[""Fakultas Kesehatan Masyarakat, Universitas Indonesia""]",Advokasi Kesehatan,Universitas Indonesia,2023,en,OCW_UI,11,1097137,READY_FOR_INDEXING,data\raw\material\Fakultas_Kesehatan_Masyarakat\Sesi_10_Pengalam_Advo_Airbersi.pdf,a7b350b33bf9abb5f79d8bcf8b4c3feaafaf2d9dec3a8bf8513c550557b5e862
MAT-000998,MATERIAL,Sesi 11 Jejaring Koalisi dan kemitraan advokasiFile,"[""Fakultas Kesehatan Masyarakat, Universitas Indonesia""]",Advokasi Kesehatan,Universitas Indonesia,2023,id,OCW_UI,31,678106,READY_FOR_INDEXING,data\raw\material\Fakultas_Kesehatan_Masyarakat\Sesi_11_Jejaring_Koalisi_dan_k.pdf,0dda83e0a1d1687e712745ee0245393483f49a1f7930873d5ef36e5f30b5cd45
MAT-000999,MATERIAL,Sesi 12 Panduan Pemantauan LegislasiFile,"[""Fakultas Kesehatan Masyarakat, Universitas Indonesia""]",Advokasi Kesehatan,Universitas Indonesia,2023,id,OCW_UI,24,685666,READY_FOR_INDEXING,data\raw\material\Fakultas_Kesehatan_Masyarakat\Sesi_12_Panduan_Pemantauan_Leg.pdf,76b80d06676fd7650c900794cc166777d25fc847ef2d1e53b70af76087a510e8
MAT-001000,MATERIAL,Sesi 13 bag1 Rpt Dengar Pendp DPR Mhs ext 2012File,"[""Fakultas Kesehatan Masyarakat, Universitas Indonesia""]",Advokasi Kesehatan,Universitas Indonesia,2023,id,OCW_UI,22,3166751,READY_FOR_INDEXING,data\raw\material\Fakultas_Kesehatan_Masyarakat\Sesi_13_bag1_Rpt_Dengar_Pendp.pdf,9489495dfb5276494e15a9ef09bdc28ef4ac6a87b374f157b477e056edee6a5b
MAT-001001,MATERIAL,Soal UjianFile,"[""Fakultas Kesehatan Masyarakat, Universitas Indonesia""]",Advokasi Kesehatan,Universitas Indonesia,2023,id,OCW_UI,5,159356,READY_FOR_INDEXING,data\raw\material\Fakultas_Kesehatan_Masyarakat\Soal_UjianFile.pdf,3b205b387b7c380237bc67a28447150c6be5330dd40a9e30128f5d56a1becac7
MAT-001002,MATERIAL,BRP Gizi Daur KehidupanFile,"[""Fakultas Kesehatan Masyarakat, Universitas Indonesia""]",Gizi dalam daur kehidupan,Universitas Indonesia,2023,id,OCW_UI,41,561142,READY_FOR_INDEXING,data\raw\material\Fakultas_Kesehatan_Masyarakat\BRP_Gizi_Daur_KehidupanFile.pdf,ee5e1ffa9594f910f3d56f7955b2324cc68d2582fc1a8cc5716b0a8a66075709
MAT-001003,MATERIAL,Kuliah Umum Gizi Anak Pra-sekolahFile,"[""Fakultas Kesehatan Masyarakat, Universitas Indonesia""]",Gizi dalam daur kehidupan,Universitas Indonesia,2023,id,OCW_UI,31,2503566,READY_FOR_INDEXING,data\raw\material\Fakultas_Kesehatan_Masyarakat\Kuliah_Umum_Gizi_Anak_Pra-seko.pptx,7e3200f1caeb1ea4a66013eb2321ea3af164840c10ecb0d5b7786b5b35d2f8f1
MAT-001004,MATERIAL,Pertumbuhan dan Perkembangan BalitaFile,"[""Fakultas Kesehatan Masyarakat, Universitas Indonesia""]",Gizi dalam daur kehidupan,Universitas Indonesia,2023,id,OCW_UI,12,1419732,READY_FOR_INDEXING,data\raw\material\Fakultas_Kesehatan_Masyarakat\Pertumbuhan_dan_Perkembangan_B.pptx,57e285fde34d4f02dfe7f4510cce3e7757f8161deb342f726987d993fdd68909
MAT-001005,MATERIAL,Kuliah Umum Gizi Anak SekolahFile,"[""Fakultas Kesehatan Masyarakat, Universitas Indonesia""]",Gizi dalam daur kehidupan,Universitas Indonesia,2023,id,OCW_UI,44,9102371,READY_FOR_INDEXING,data\raw\material\Fakultas_Kesehatan_Masyarakat\Kuliah_Umum_Gizi_Anak_SekolahF.pptx,831fe999f953ad4ff7c1a06738c5e59c0d90793345eef103649ee75d03266da6
MAT-001006,MATERIAL,PSG Anak SekolahFile,"[""Fakultas Kesehatan Masyarakat, Universitas Indonesia""]",Gizi dalam daur kehidupan,Universitas Indonesia,2023,id,OCW_UI,8,500345,READY_FOR_INDEXING,data\raw\material\Fakultas_Kesehatan_Masyarakat\PSG_Anak_SekolahFile.pptx,f2fe15529f61ad278111c0118d54e2efb8fbe3fa4aa7f1a42622ffe72612cdcf
MAT-001007,MATERIAL,Kuliah Umum Gizi RemajaFile,"[""Fakultas Kesehatan Masyarakat, Universitas Indonesia""]",Gizi dalam daur kehidupan,Universitas Indonesia,2023,id,OCW_UI,35,1275771,READY_FOR_INDEXING,data\raw\material\Fakultas_Kesehatan_Masyarakat\Kuliah_Umum_Gizi_RemajaFile.pdf,f81770aad3a936c0c3aa75a48db6667ffc32f1f614b1075b52fbab970225adfa
MAT-001008,MATERIAL,Gizi RemajaFile,"[""Fakultas Kesehatan Masyarakat, Universitas Indonesia""]",Gizi dalam daur kehidupan,Universitas Indonesia,2023,id,OCW_UI,12,1503546,READY_FOR_INDEXING,data\raw\material\Fakultas_Kesehatan_Masyarakat\Gizi_RemajaFile.pptx,a2b92b479b513c015b31865951ef1f5ce90c67a83d0db7b755bd0f2b1fa6a6b0
MAT-001009,MATERIAL,Gizi LansiaFile,"[""Fakultas Kesehatan Masyarakat, Universitas Indonesia""]",Gizi dalam daur kehidupan,Universitas Indonesia,2023,id,OCW_UI,11,363564,READY_FOR_INDEXING,data\raw\material\Fakultas_Kesehatan_Masyarakat\Gizi_LansiaFile.pptx,e04cb863054e9430365d02a3b16582d97fb1fab552f2ffb492cf81555183d12a
MAT-001010,MATERIAL,teori dan teori keperawatan,"[""Fakultas Ilmu Keperawatan, Universitas Indonesia""]",PARADIGMA DAN TEORI KEPERAWATAN,Universitas Indonesia,2023,id,OCW_UI,14,297742,READY_FOR_INDEXING,data\raw\material\Fakultas_Ilmu_Keperawatan\teori_dan_teori_keperawatan.pdf,27a1f35da06c97503353ca6025d6d2e4162eee48292dffcbabc6113323884cb7
MAT-001011,MATERIAL,BRP MK Paradigma dan Teori KeperawatanFile,"[""Fakultas Ilmu Keperawatan, Universitas Indonesia""]",PARADIGMA DAN TEORI KEPERAWATAN,Universitas Indonesia,2023,id,OCW_UI,27,321969,READY_FOR_INDEXING,data\raw\material\Fakultas_Ilmu_Keperawatan\BRP_MK_Paradigma_dan_Teori_Kep.pdf,594ab2d0aaaf8634e7b1b9bcc992ff4d69e3db08962aa5d6c0c25342e72afe08
MAT-001012,MATERIAL,ORIENTASI MATA KULIAHFile,"[""Fakultas Ilmu Keperawatan, Universitas Indonesia""]",PARADIGMA DAN TEORI KEPERAWATAN,Universitas Indonesia,2023,id,OCW_UI,11,5679618,READY_FOR_INDEXING,data\raw\material\Fakultas_Ilmu_Keperawatan\ORIENTASI_MATA_KULIAHFile.pdf,1f9cf58de9f8c1ac730727287a4d81c687c14cbe0911a64e8270e5b06553c5e4
MAT-001013,MATERIAL,Materi Pengembangan Ilmu Pengetahuan KeperawatanFile,"[""Fakultas Ilmu Keperawatan, Universitas Indonesia""]",PARADIGMA DAN TEORI KEPERAWATAN,Universitas Indonesia,2023,id,OCW_UI,27,813117,READY_FOR_INDEXING,data\raw\material\Fakultas_Ilmu_Keperawatan\Materi_Pengembangan_Ilmu_Penge.pdf,ec2512632ac097058422a5e946a299f38f21fddd3db4ce43084dc8d56cc1b194
MAT-001014,MATERIAL,Materi Paradigma dan Filosofi KeperawatanFile,"[""Fakultas Ilmu Keperawatan, Universitas Indonesia""]",PARADIGMA DAN TEORI KEPERAWATAN,Universitas Indonesia,2023,id,OCW_UI,51,4447212,READY_FOR_INDEXING,data\raw\material\Fakultas_Ilmu_Keperawatan\Materi_Paradigma_dan_Filosofi.pdf,dc9dbc64785e3b9ac62b1e3e9e8baadf74996a348edd7e4b6ea8ae16ad511a15
MAT-001015,MATERIAL,Materi Tingkatan Pengetahuan dan Teori KeperawatanFile,"[""Fakultas Ilmu Keperawatan, Universitas Indonesia""]",PARADIGMA DAN TEORI KEPERAWATAN,Universitas Indonesia,2023,id,OCW_UI,16,7006393,READY_FOR_INDEXING,data\raw\material\Fakultas_Ilmu_Keperawatan\Materi_Tingkatan_Pengetahuan_d.pdf,c17ce9121ec386d64c8b2f5dee6bb485804ea14d87a312141707e232b96a51b1
MAT-001016,MATERIAL,Pengantar Penugasan Eksplorasi Tokoh Filosofi KeperawatanFile,"[""Fakultas Ilmu Keperawatan, Universitas Indonesia""]",PARADIGMA DAN TEORI KEPERAWATAN,Universitas Indonesia,2023,id,OCW_UI,9,5307193,READY_FOR_INDEXING,data\raw\material\Fakultas_Ilmu_Keperawatan\Pengantar_Penugasan_Eksplorasi.pdf,e5b8a35f5577fe2b94ec3c128c08a6dd8b02cde5aa2bf0876b054e4692215a10
MAT-001017,MATERIAL,Pengantar Penugasan Eksplorasi Grand NursingTheoryFile,"[""Fakultas Ilmu Keperawatan, Universitas Indonesia""]",PARADIGMA DAN TEORI KEPERAWATAN,Universitas Indonesia,2023,id,OCW_UI,18,25705775,READY_FOR_INDEXING,data\raw\material\Fakultas_Ilmu_Keperawatan\Pengantar_Penugasan_Eksplorasi.pdf,2644f4642338a7ec8f81b74ba22466639969639b14b5e92cc5a73c806b52e156
MAT-001018,MATERIAL,Pengantar Penugasan Eksplorasi Middle Range Nursing TheoryFile,"[""Fakultas Ilmu Keperawatan, Universitas Indonesia""]",PARADIGMA DAN TEORI KEPERAWATAN,Universitas Indonesia,2023,id,OCW_UI,18,28808044,READY_FOR_INDEXING,data\raw\material\Fakultas_Ilmu_Keperawatan\Pengantar_Penugasan_Eksplorasi.pdf,f8e57ba52fd8bf463de99fe091ad60d91ab3f2a3595100f125153d2f395ac8aa
MAT-001019,MATERIAL,BRP Praktikum Kep. Gerontik 2020.pdf,"[""Fakultas Ilmu Keperawatan, Universitas Indonesia""]",PRAKTIKUM KEPERAWATAN GERONTIK,Universitas Indonesia,2023,id,OCW_UI,29,1446953,READY_FOR_INDEXING,data\raw\material\Fakultas_Ilmu_Keperawatan\BRP_Praktikum_Kep__Gerontik_20.pdf,c5a978bb838d4ad2b8e7c33d0cff3ca27dc42b8c2bb3a846066c6173c507f15a
MAT-001020,MATERIAL,"Gloria M. Bulechek, Howard K. Butcher, Joanne M. McCloskey Dochterman, Cheryl Wagner-Nursing Interventions Classification-Mosby (2012).pdf","[""Fakultas Ilmu Keperawatan, Universitas Indonesia""]",PRAKTIKUM KEPERAWATAN GERONTIK,Universitas Indonesia,2023,en,OCW_UI,638,15859590,READY_FOR_INDEXING,data\raw\material\Fakultas_Ilmu_Keperawatan\Gloria_M__Bulechek__Howard_K.pdf,7c51a3e760d60337c3a5261e7c127fdc2af6a3afb8256de4e8d9e9bb22641a4c
MAT-001021,MATERIAL,"miller, Nursing for Wellness in older adult.pdf","[""Fakultas Ilmu Keperawatan, Universitas Indonesia""]",PRAKTIKUM KEPERAWATAN GERONTIK,Universitas Indonesia,2023,en,OCW_UI,636,11009635,READY_FOR_INDEXING,data\raw\material\Fakultas_Ilmu_Keperawatan\miller__Nursing_for_Wellness_i.pdf,f0453976c1e9543aea30c164f345dbaffda557f63db7f7fb1429ec9d32ef9f62
MAT-001022,MATERIAL,NANDA 2018-2020-3.pdf,"[""Fakultas Ilmu Keperawatan, Universitas Indonesia""]",PRAKTIKUM KEPERAWATAN GERONTIK,Universitas Indonesia,2023,en,OCW_UI,567,4753902,READY_FOR_INDEXING,data\raw\material\Fakultas_Ilmu_Keperawatan\NANDA_2018-2020-3_pdf.pdf,bfb996e046100dbe0a0a73d100e0c1a70f6ffe5b9c645a37df247d8423351276
MAT-001023,MATERIAL,Nursing Outcomes Classification 5th Ed (2013).pdf,"[""Fakultas Ilmu Keperawatan, Universitas Indonesia""]",PRAKTIKUM KEPERAWATAN GERONTIK,Universitas Indonesia,2023,en,OCW_UI,778,46673477,READY_FOR_INDEXING,data\raw\material\Fakultas_Ilmu_Keperawatan\Nursing_Outcomes_Classificatio.pdf,0be4d2f00d5c7e8ad30d9e84730e654291cbe8cd556bd54219b91a0bd76859a5
MAT-001024,MATERIAL,Jurnal Terkait Topik IFile,"[""Fakultas Ilmu Keperawatan, Universitas Indonesia""]",PRAKTIKUM KEPERAWATAN GERONTIK,Universitas Indonesia,2023,en,OCW_UI,12,319426,READY_FOR_INDEXING,data\raw\material\Fakultas_Ilmu_Keperawatan\Jurnal_Terkait_Topik_IFile.pdf,865b924f295e629aca275ab5c7e8e129b50c3b88add953680a60d7a3014e3fcc
MAT-001025,MATERIAL,Form Pengkajian dan ScreeningFile,"[""Fakultas Ilmu Keperawatan, Universitas Indonesia""]",PRAKTIKUM KEPERAWATAN GERONTIK,Universitas Indonesia,2023,id,OCW_UI,9,734223,READY_FOR_INDEXING,data\raw\material\Fakultas_Ilmu_Keperawatan\Form_Pengkajian_dan_ScreeningF.pdf,8d0ed1788c9d7b5850d6cf1724ad14a3abd4d5a7cb16d44d15bb51523045ef22
MAT-001026,MATERIAL,Enabling_Heart_Self-Monitoring.pdf,"[""Fakultas Ilmu Keperawatan, Universitas Indonesia""]",PRAKTIKUM KEPERAWATAN GERONTIK,Universitas Indonesia,2023,en,OCW_UI,24,5081175,READY_FOR_INDEXING,data\raw\material\Fakultas_Ilmu_Keperawatan\Enabling_Heart_Self-Monitoring.pdf,657d45a7c19d718124b1a7f5a00fb16e216fd14b1010cd9e9a3128eacdc5b0cf
MAT-001027,MATERIAL,Screening_and_treatment_of_hyp.pdf,"[""Fakultas Ilmu Keperawatan, Universitas Indonesia""]",PRAKTIKUM KEPERAWATAN GERONTIK,Universitas Indonesia,2023,en,OCW_UI,17,825614,READY_FOR_INDEXING,data\raw\material\Fakultas_Ilmu_Keperawatan\Screening_and_treatment_of_hyp.pdf,a0d9b712551964565a014e6080e7e297c03d7fe83f5bc3348f14777826aed8dd
MAT-001028,MATERIAL,BPKM Farmasi FisikaFile,"[""Fakultas Farmasi, Universitas Indonesia""]",Farmasi Fisik,Universitas Indonesia,2023,id,OCW_UI,22,309628,READY_FOR_INDEXING,data\raw\material\Fakultas_Farmasi\BPKM_Farmasi_FisikaFile.pdf,4c2613728759dd736b67d17a689ef141b7da2e200db7a87d913a01951340f7cf
MAT-001029,MATERIAL,UAS 2020File,"[""Fakultas Farmasi, Universitas Indonesia""]",Kimia Organik,Universitas Indonesia,2023,id,OCW_UI,2,139506,READY_FOR_INDEXING,data\raw\material\Fakultas_Farmasi\UAS_2020File.pdf,da48cc31fa72fdcd947a82cb3d9f6e2e3057eb19a3bd2b9d894669697d342049
MAT-001030,MATERIAL,BPKM Farmakologi DasarFile,"[""Fakultas Farmasi, Universitas Indonesia""]",Farmakologi Dasar,Universitas Indonesia,2023,id,OCW_UI,23,354623,READY_FOR_INDEXING,data\raw\material\Fakultas_Farmasi\BPKM_Farmakologi_DasarFile.pdf,a5e44a301594ba4d7beb64f5eb7ccac57bb893c3790a2b4a316f19bcf47bb63f
MAT-001031,MATERIAL,Materi penunjang FarmakokinetikaFile,"[""Fakultas Farmasi, Universitas Indonesia""]",Farmakologi Dasar,Universitas Indonesia,2023,en,OCW_UI,19,5134105,READY_FOR_INDEXING,data\raw\material\Fakultas_Farmasi\Materi_penunjang_Farmakokineti.pdf,585c07151db47c5d04ddf33697f619bccf43faecefb8f6b64b5d5cbc77ec2a68
MAT-001032,MATERIAL,Ikatan Obat dengan ReseptorFile,"[""Fakultas Farmasi, Universitas Indonesia""]",Farmakologi Dasar,Universitas Indonesia,2023,id,OCW_UI,17,2297754,READY_FOR_INDEXING,data\raw\material\Fakultas_Farmasi\Ikatan_Obat_dengan_ReseptorFil.pdf,849119191007f6a2096278b0296d8c7731aafc2497125303186c229a84103f24
MAT-001033,MATERIAL,BRP Sistem Pemotongan dan Pemungutan PPhFile,"[""Fakultas Ilmu Administrasi, Universitas Indonesia""]",Sistem Pemotongan dan Pemungutan Pajak,Universitas Indonesia,2023,id,OCW_UI,39,525205,READY_FOR_INDEXING,data\raw\material\Fakultas_Ilmu_Administrasi\BRP_Sistem_Pemotongan_dan_Pemu.pdf,da150d8772005a5d41015b14987e7304230a3d0a1caaa8337fd5a69f96574a56
MAT-001034,MATERIAL,PPT 1: Konsep Withholding TaxFile,"[""Fakultas Ilmu Administrasi, Universitas Indonesia""]",Sistem Pemotongan dan Pemungutan Pajak,Universitas Indonesia,2023,id,OCW_UI,14,823425,READY_FOR_INDEXING,data\raw\material\Fakultas_Ilmu_Administrasi\PPT_1__Konsep_Withholding_TaxF.pdf,3690bcc8aa4064a8995ba5f3b090d18adb7afce0bae90e892e16abc510d19db2
MAT-001035,MATERIAL,PPT 2 : PPh Pasal 21File,"[""Fakultas Ilmu Administrasi, Universitas Indonesia""]",Sistem Pemotongan dan Pemungutan Pajak,Universitas Indonesia,2023,id,OCW_UI,19,1762349,READY_FOR_INDEXING,data\raw\material\Fakultas_Ilmu_Administrasi\PPT_2___PPh_Pasal_21File.pdf,3abf5871d140be56b2ea958c9b7bab07ee345c970753f958212f85efdaa9c613
MAT-001036,MATERIAL,PPT 2: PPh 21 Pegawai TetapFile,"[""Fakultas Ilmu Administrasi, Universitas Indonesia""]",Sistem Pemotongan dan Pemungutan Pajak,Universitas Indonesia,2023,id,OCW_UI,24,3162546,READY_FOR_INDEXING,data\raw\material\Fakultas_Ilmu_Administrasi\PPT_2__PPh_21_Pegawai_TetapFil.pdf,be5c2aef4a8abd6dc17842987392d50866001011d958de43037dbd3477888054
MAT-001037,MATERIAL,Lampiran PER 16/PJ/2016File,"[""Fakultas Ilmu Administrasi, Universitas Indonesia""]",Sistem Pemotongan dan Pemungutan Pajak,Universitas Indonesia,2023,id,OCW_UI,30,247628,READY_FOR_INDEXING,data\raw\material\Fakultas_Ilmu_Administrasi\Lampiran_PER_16_PJ_2016File.pdf,4c0ee5fa2ecc0277a47ee56f5eb2922981c686e3ba7efc15b742c0eb2c94c400
MAT-001038,MATERIAL,PPT 3: PPh 21 untuk Pegawai Tidak TetapFile,"[""Fakultas Ilmu Administrasi, Universitas Indonesia""]",Sistem Pemotongan dan Pemungutan Pajak,Universitas Indonesia,2023,id,OCW_UI,12,1190417,READY_FOR_INDEXING,data\raw\material\Fakultas_Ilmu_Administrasi\PPT_3__PPh_21_untuk_Pegawai_Ti.pdf,a5175df63ec7154bd1707af42bb747ab31a8c0809b338a8dc315e6f53382d7d1
MAT-001039,MATERIAL,Soal Latihan PPh Pasal 21 Pegawai Tetap dan Tidak TetapFile,"[""Fakultas Ilmu Administrasi, Universitas Indonesia""]",Sistem Pemotongan dan Pemungutan Pajak,Universitas Indonesia,2023,id,OCW_UI,2,32137,READY_FOR_INDEXING,data\raw\material\Fakultas_Ilmu_Administrasi\Soal_Latihan_PPh_Pasal_21_Pega.pdf,31684007dead0caad810065a6386f9e3be47795fe239b05290937704ddd032d8
MAT-001040,MATERIAL,PPT PPh 21 Bukan PegawaiFile,"[""Fakultas Ilmu Administrasi, Universitas Indonesia""]",Sistem Pemotongan dan Pemungutan Pajak,Universitas Indonesia,2023,id,OCW_UI,22,1258407,READY_FOR_INDEXING,data\raw\material\Fakultas_Ilmu_Administrasi\PPT_PPh_21_Bukan_PegawaiFile.pdf,09fb58eebf4da79528579553d4cb8870bc37e4dd590e75ac80e7804a86fc40f6
MAT-001041,MATERIAL,PMK No. 16/PMK.03/2010File,"[""Fakultas Ilmu Administrasi, Universitas Indonesia""]",Sistem Pemotongan dan Pemungutan Pajak,Universitas Indonesia,2023,id,OCW_UI,8,62544,READY_FOR_INDEXING,data\raw\material\Fakultas_Ilmu_Administrasi\PMK_No__16_PMK_03_2010File.pdf,fe2e71ce8064e1e478cda40fe78ed4b41df4fd7b6aca73f8345a956b6ab76c61
MAT-001042,MATERIAL,PPT 5: PPh 21 Peserta KegiatanFile,"[""Fakultas Ilmu Administrasi, Universitas Indonesia""]",Sistem Pemotongan dan Pemungutan Pajak,Universitas Indonesia,2023,id,OCW_UI,20,1211443,READY_FOR_INDEXING,data\raw\material\Fakultas_Ilmu_Administrasi\PPT_5__PPh_21_Peserta_Kegiatan.pdf,acb48bc6def378b8ddbe5c374774ec1fa73bebe71f0d09da7ea3f9e16786e621
MAT-001043,MATERIAL,PPT 6 PPh 21 Final dan PPh 26File,"[""Fakultas Ilmu Administrasi, Universitas Indonesia""]",Sistem Pemotongan dan Pemungutan Pajak,Universitas Indonesia,2023,id,OCW_UI,17,1390640,READY_FOR_INDEXING,data\raw\material\Fakultas_Ilmu_Administrasi\PPT_6_PPh_21_Final_dan_PPh_26F.pdf,7445c6db2c9a8902f2ff938058feaa2df30ec5bf4a291cd5fd042bd60a0ec082
MAT-001044,MATERIAL,PPh FinalFile,"[""Fakultas Ilmu Administrasi, Universitas Indonesia""]",Sistem Pemotongan dan Pemungutan Pajak,Universitas Indonesia,2023,id,OCW_UI,18,1087713,READY_FOR_INDEXING,data\raw\material\Fakultas_Ilmu_Administrasi\PPh_FinalFile.pdf,0ce5455908921f96a32d5083560e2b3b2ecd9c2d58937f86595d64621c140eee
MAT-001045,MATERIAL,Soal UTSFile,"[""Fakultas Ilmu Administrasi, Universitas Indonesia""]",Sistem Pemotongan dan Pemungutan Pajak,Universitas Indonesia,2023,id,OCW_UI,2,28995,READY_FOR_INDEXING,data\raw\material\Fakultas_Ilmu_Administrasi\Soal_UTSFile.pdf,b2a602ff4c213e74951e3e41319be64e19e1d3665cfc9a809ca82f8339a7f8a2
MAT-001046,MATERIAL,PPT 9: PPh Pasal 22File,"[""Fakultas Ilmu Administrasi, Universitas Indonesia""]",Sistem Pemotongan dan Pemungutan Pajak,Universitas Indonesia,2023,id,OCW_UI,22,515065,READY_FOR_INDEXING,data\raw\material\Fakultas_Ilmu_Administrasi\PPT_9__PPh_Pasal_22File.pdf,03e717e1fd5524ae4e65e4c88646c10c0fb161b4b6c55c3110813ffd70a81995
MAT-001047,MATERIAL,PPT 10: PPh Pasal 23File,"[""Fakultas Ilmu Administrasi, Universitas Indonesia""]",Sistem Pemotongan dan Pemungutan Pajak,Universitas Indonesia,2023,id,OCW_UI,24,587213,READY_FOR_INDEXING,data\raw\material\Fakultas_Ilmu_Administrasi\PPT_10__PPh_Pasal_23File.pdf,a198d8346d001abd55e73f9613b7842003cd2b9bea0d4698ce6f94a5da33f575
MAT-001048,MATERIAL,PMK 141 Tahun 2015File,"[""Fakultas Ilmu Administrasi, Universitas Indonesia""]",Sistem Pemotongan dan Pemungutan Pajak,Universitas Indonesia,2023,id,OCW_UI,13,574269,READY_FOR_INDEXING,data\raw\material\Fakultas_Ilmu_Administrasi\PMK_141_Tahun_2015File.pdf,727e454817f68bc0129f0cef3c48e4bb118624fa107f49bca7fa5cffc669f422
MAT-001049,MATERIAL,PPT 11: PPh Pasal 26File,"[""Fakultas Ilmu Administrasi, Universitas Indonesia""]",Sistem Pemotongan dan Pemungutan Pajak,Universitas Indonesia,2023,id,OCW_UI,21,395280,READY_FOR_INDEXING,data\raw\material\Fakultas_Ilmu_Administrasi\PPT_11__PPh_Pasal_26File.pdf,ca92627daf1e3a1d7fb3929283fa8bc6e255490f6c9b035ab4c1eb4a65b87fdc
MAT-001050,MATERIAL,PPT 13: PPh Pasal 4 ayat (2)File,"[""Fakultas Ilmu Administrasi, Universitas Indonesia""]",Sistem Pemotongan dan Pemungutan Pajak,Universitas Indonesia,2023,id,OCW_UI,24,1955706,READY_FOR_INDEXING,data\raw\material\Fakultas_Ilmu_Administrasi\PPT_13__PPh_Pasal_4_ayat__2_Fi.pdf,da70292a4abbc4e63f2d1bf070371f223e737110e05fe10b241f35ffb964168f
MAT-001051,MATERIAL,PPT 14: PPh Pasal 15File,"[""Fakultas Ilmu Administrasi, Universitas Indonesia""]",Sistem Pemotongan dan Pemungutan Pajak,Universitas Indonesia,2023,id,OCW_UI,31,2214350,READY_FOR_INDEXING,data\raw\material\Fakultas_Ilmu_Administrasi\PPT_14__PPh_Pasal_15File.pdf,137c421de14e612161a73008c3b3f324d1a32305d082bab2010264751ec027b9
MAT-001052,MATERIAL,Bahan BacaanFile,"[""Fakultas Ilmu Administrasi, Universitas Indonesia""]",Sistem Pemotongan dan Pemungutan Pajak,Universitas Indonesia,2023,en,OCW_UI,414,2343267,READY_FOR_INDEXING,data\raw\material\Fakultas_Ilmu_Administrasi\Bahan_BacaanFile.pdf,ebeb8634cd605ebc2eb37c72bea409bbf5ecf531da38d285a324b2028313f27d
MAT-001053,MATERIAL,SAP Pajak Daerah dan Retribusi DaerahFile,"[""Fakultas Ilmu Administrasi, Universitas Indonesia""]",Pajak Daerah dan Retribusi Daerah,Universitas Indonesia,2023,id,OCW_UI,4,339580,READY_FOR_INDEXING,data\raw\material\Fakultas_Ilmu_Administrasi\SAP_Pajak_Daerah_dan_Retribusi.pdf,0795a45a4d81b2e78b85b8696fb56c883dd01020e887dfdf48dca878524974ba
MAT-001054,MATERIAL,Desentralisasi FiskalFile,"[""Fakultas Ilmu Administrasi, Universitas Indonesia""]",Pajak Daerah dan Retribusi Daerah,Universitas Indonesia,2023,en,OCW_UI,16,64408,READY_FOR_INDEXING,data\raw\material\Fakultas_Ilmu_Administrasi\Desentralisasi_FiskalFile.pptx,21646dd655bce3f22ab708d701b20c72cfff48ad3f27212b09ab3390c16c6710
MAT-001055,MATERIAL,Teori dan Konsep Keuangan DaerahFile,"[""Fakultas Ilmu Administrasi, Universitas Indonesia""]",Pajak Daerah dan Retribusi Daerah,Universitas Indonesia,2023,id,OCW_UI,21,84345,READY_FOR_INDEXING,data\raw\material\Fakultas_Ilmu_Administrasi\Teori_dan_Konsep_Keuangan_Daer.pptx,c89e809d3e852fd0a124ee8f60f286cf8f9c4505d3e4ceb3299e4389657b9737
MAT-001056,MATERIAL,Ketentuan Formal dan Material Pajak Daerah dan Retribusi DaerahFile,"[""Fakultas Ilmu Administrasi, Universitas Indonesia""]",Pajak Daerah dan Retribusi Daerah,Universitas Indonesia,2023,id,OCW_UI,68,157878,READY_FOR_INDEXING,data\raw\material\Fakultas_Ilmu_Administrasi\Ketentuan_Formal_dan_Material.pptx,89ce230222a83a3bdb65d86a90ca76a96f2eb096d025caa15588ce1285bd78c7
MAT-001057,MATERIAL,Konsep dan Teori Pajak DaerahFile,"[""Fakultas Ilmu Administrasi, Universitas Indonesia""]",Pajak Daerah dan Retribusi Daerah,Universitas Indonesia,2023,id,OCW_UI,21,88055,READY_FOR_INDEXING,data\raw\material\Fakultas_Ilmu_Administrasi\Konsep_dan_Teori_Pajak_DaerahF.pptx,fa6badeb3f7329168aca1d662297d7187be289061b93b3f5384066b8f13b75c0
MAT-001058,MATERIAL,Konsep dan Teori Retribusi DaerahFile,"[""Fakultas Ilmu Administrasi, Universitas Indonesia""]",Pajak Daerah dan Retribusi Daerah,Universitas Indonesia,2023,id,OCW_UI,17,86220,READY_FOR_INDEXING,data\raw\material\Fakultas_Ilmu_Administrasi\Konsep_dan_Teori_Retribusi_Dae.pptx,9d883df9e1ab47cc9667c8b8ed96c6218f43ffb9b2d6e517c99cd5ecb201013e
MAT-001059,MATERIAL,Undang-Undang No 23 Tahun 2014File,"[""Fakultas Ilmu Administrasi, Universitas Indonesia""]",Pajak Daerah dan Retribusi Daerah,Universitas Indonesia,2023,id,OCW_UI,460,1914927,READY_FOR_INDEXING,data\raw\material\Fakultas_Ilmu_Administrasi\Undang-Undang_No_23_Tahun_2014.pdf,f16d07073798e79d4d7751828b8bf6dd689226a6b3b9c3b520da3d63c98ebd88
MAT-001060,MATERIAL,Undang-Undang Nomer 33 Tahun 2004File,"[""Fakultas Ilmu Administrasi, Universitas Indonesia""]",Pajak Daerah dan Retribusi Daerah,Universitas Indonesia,2023,id,OCW_UI,68,205231,READY_FOR_INDEXING,data\raw\material\Fakultas_Ilmu_Administrasi\Undang-Undang_Nomer_33_Tahun_2.pdf,272e6cd77ca06ca9caa514430f853ccfd09fac13da9cced4b99f8b8b87f7c1d0
MAT-001061,MATERIAL,Undang-Undang Nomer 28 Tahun 2009File,"[""Fakultas Ilmu Administrasi, Universitas Indonesia""]",Pajak Daerah dan Retribusi Daerah,Universitas Indonesia,2023,id,OCW_UI,124,410785,READY_FOR_INDEXING,data\raw\material\Fakultas_Ilmu_Administrasi\Undang-Undang_Nomer_28_Tahun_2.pdf,b8c395b521cd67b641f6f0e5975f53f3c93450e7a80dd80ff6ccc5e4d7a20ce0
MAT-001062,MATERIAL,Pajak Kendaraan BermotorFile,"[""Fakultas Ilmu Administrasi, Universitas Indonesia""]",Pajak Daerah dan Retribusi Daerah,Universitas Indonesia,2023,id,OCW_UI,41,1279413,READY_FOR_INDEXING,data\raw\material\Fakultas_Ilmu_Administrasi\Pajak_Kendaraan_BermotorFile.pptx,d17a6611413630fb06b4b97184a97353d0f656750e9bb11ebdd9728f83eb4460
MAT-001063,MATERIAL,Urban Public Finance in Developing CountriesFile,"[""Fakultas Ilmu Administrasi, Universitas Indonesia""]",Pajak Daerah dan Retribusi Daerah,Universitas Indonesia,2023,en,OCW_UI,574,30643954,READY_FOR_INDEXING,data\raw\material\Fakultas_Ilmu_Administrasi\Urban_Public_Finance_in_Develo.pdf,ba009137b554ad14dc387136bc1d48016149deb79c730bc5e6fb6d3c085f38ef
MAT-001064,MATERIAL,Pajak Bahan Bakar Kendaraan BermotorFile,"[""Fakultas Ilmu Administrasi, Universitas Indonesia""]",Pajak Daerah dan Retribusi Daerah,Universitas Indonesia,2023,id,OCW_UI,27,229121,READY_FOR_INDEXING,data\raw\material\Fakultas_Ilmu_Administrasi\Pajak_Bahan_Bakar_Kendaraan_Be.pptx,8a7dfce3de26844ab5a43ca6b356d6fa511f05184f724966606b56c2a9036e84
MAT-001065,MATERIAL,Pajak HiburanFile,"[""Fakultas Ilmu Administrasi, Universitas Indonesia""]",Pajak Daerah dan Retribusi Daerah,Universitas Indonesia,2023,id,OCW_UI,18,124697,READY_FOR_INDEXING,data\raw\material\Fakultas_Ilmu_Administrasi\Pajak_HiburanFile.pptx,61b8a17ffc404a8fe495c9b0e0de35fbde5125b81cb07f681946b109fdc28c36
MAT-001066,MATERIAL,Pajak ReklameFile,"[""Fakultas Ilmu Administrasi, Universitas Indonesia""]",Pajak Daerah dan Retribusi Daerah,Universitas Indonesia,2023,id,OCW_UI,25,133708,READY_FOR_INDEXING,data\raw\material\Fakultas_Ilmu_Administrasi\Pajak_ReklameFile.pptx,19faae16c663af7d84b616aba6ce4fd1348f5368068c28acdfe0222ed07c8493
MAT-001067,MATERIAL,Pajak Hotel dan Pajak RestaurantFile,"[""Fakultas Ilmu Administrasi, Universitas Indonesia""]",Pajak Daerah dan Retribusi Daerah,Universitas Indonesia,2023,id,OCW_UI,25,136028,READY_FOR_INDEXING,data\raw\material\Fakultas_Ilmu_Administrasi\Pajak_Hotel_dan_Pajak_Restaura.pptx,e7e009e0f9fa585d3d2502ff79f41c5c8fd4cbea5d68dc20a5a17589f04ff986
MAT-001068,MATERIAL,Pajak Mineral Bukan Logam dan BatuanFile,"[""Fakultas Ilmu Administrasi, Universitas Indonesia""]",Pajak Daerah dan Retribusi Daerah,Universitas Indonesia,2023,id,OCW_UI,19,172974,READY_FOR_INDEXING,data\raw\material\Fakultas_Ilmu_Administrasi\Pajak_Mineral_Bukan_Logam_dan.pptx,1dc2388736d4351d8c4ca4a5c4f1b8682a7a5264dffa9e2be9a883b669642b0c
MAT-001069,MATERIAL,Pajak Rokok di IndonesiaFile,"[""Fakultas Ilmu Administrasi, Universitas Indonesia""]",Pajak Daerah dan Retribusi Daerah,Universitas Indonesia,2023,en,OCW_UI,20,1156922,READY_FOR_INDEXING,data\raw\material\Fakultas_Ilmu_Administrasi\Pajak_Rokok_di_IndonesiaFile.pdf,1116e23baba853eecc976d72db967a1c00ef6f1db6b8027e0158b0eac1250dd2
MAT-001070,MATERIAL,Ketentuan Formal Retribusi DaerahFile,"[""Fakultas Ilmu Administrasi, Universitas Indonesia""]",Pajak Daerah dan Retribusi Daerah,Universitas Indonesia,2023,id,OCW_UI,27,310094,READY_FOR_INDEXING,data\raw\material\Fakultas_Ilmu_Administrasi\Ketentuan_Formal_Retribusi_Dae.pdf,de21f571aa94c75d597737a08ce2fb064e66e9304f53a73790e5ae9b04137fb9
MAT-001071,MATERIAL,Retribusi Daerah di IndonesiaFile,"[""Fakultas Ilmu Administrasi, Universitas Indonesia""]",Pajak Daerah dan Retribusi Daerah,Universitas Indonesia,2023,id,OCW_UI,9,155167,READY_FOR_INDEXING,data\raw\material\Fakultas_Ilmu_Administrasi\Retribusi_Daerah_di_IndonesiaF.pdf,01c2eb8966a693ce546c9eb021a25dfc78b3e449db8e85919e55c92ed83b18ff
MAT-001072,MATERIAL,Metode Peningkatan Pendapatan Asli DaerahFile,"[""Fakultas Ilmu Administrasi, Universitas Indonesia""]",Pajak Daerah dan Retribusi Daerah,Universitas Indonesia,2023,id,OCW_UI,8,297318,READY_FOR_INDEXING,data\raw\material\Fakultas_Ilmu_Administrasi\Metode_Peningkatan_Pendapatan.pdf,be941da283d1adb0ee0e7827d68c4c63919b12d6936d03efb86fcdeaadd1b09f
MAT-001073,MATERIAL,Optimalisasi Pajak Daerah dan Retribusi Daerah Dalam Rangka Meningkatkan Kemampuan Keuangan DaerahFile,"[""Fakultas Ilmu Administrasi, Universitas Indonesia""]",Pajak Daerah dan Retribusi Daerah,Universitas Indonesia,2023,id,OCW_UI,14,191907,READY_FOR_INDEXING,data\raw\material\Fakultas_Ilmu_Administrasi\Optimalisasi_Pajak_Daerah_dan.pdf,c2c5ab4599757f6f0e4b959712faa1b1a75d8ec29d898a2443c1c0e6c1c07940
MAT-001074,MATERIAL,Jurnal Penyempurnaan Pajak Daerah dan Retribusi DaerahFile,"[""Fakultas Ilmu Administrasi, Universitas Indonesia""]",Pajak Daerah dan Retribusi Daerah,Universitas Indonesia,2023,id,OCW_UI,10,57603,READY_FOR_INDEXING,data\raw\material\Fakultas_Ilmu_Administrasi\Jurnal_Penyempurnaan_Pajak_Dae.pdf,6b3b35bf669ea1b50cee60904fc5415c6f8d5011c2c33e2e7294c614d64e73ef
